2026-03-18 22:59:44.138 [background-preinit] INFO  [] [] o.h.validator.internal.util.Version - HV000001: Hibernate Validator 8.0.1.Final
2026-03-18 22:59:44.239 [main] INFO  [] [] c.m.config.SecurityConfigTest - Starting SecurityConfigTest using Java 21.0.2 with PID 25944 (started by koval in C:\Users\koval\messenger-app)
2026-03-18 22:59:44.240 [main] DEBUG [] [] c.m.config.SecurityConfigTest - Running with Spring Boot v3.2.0, Spring v6.1.1
2026-03-18 22:59:44.244 [main] INFO  [] [] c.m.config.SecurityConfigTest - The following 1 profile is active: "test"
2026-03-18 22:59:47.113 [main] INFO  [] [] com.zaxxer.hikari.HikariDataSource - HikariPool-1 - Starting...
2026-03-18 22:59:47.268 [main] INFO  [] [] com.zaxxer.hikari.pool.HikariPool - HikariPool-1 - Added connection conn0: url=jdbc:h2:mem:testdb user=SA
2026-03-18 22:59:47.271 [main] INFO  [] [] com.zaxxer.hikari.HikariDataSource - HikariPool-1 - Start completed.
2026-03-18 22:59:47.335 [main] INFO  [] [] liquibase.database - Set default schema name to PUBLIC
2026-03-18 22:59:47.927 [main] INFO  [] [] liquibase.changelog - Creating database history table with name: PUBLIC.DATABASECHANGELOG
2026-03-18 22:59:48.065 [main] INFO  [] [] liquibase.changelog - Reading from PUBLIC.DATABASECHANGELOG
2026-03-18 22:59:48.169 [main] INFO  [] [] liquibase.lockservice - Successfully acquired change log lock
2026-03-18 22:59:48.170 [main] INFO  [] [] liquibase.command - Using deploymentId: 3863988169
2026-03-18 22:59:48.170 [main] INFO  [] [] liquibase.changelog - Reading from PUBLIC.DATABASECHANGELOG
2026-03-18 22:59:48.227 [main] INFO  [] [] liquibase.changelog - Table users created
2026-03-18 22:59:48.228 [main] INFO  [] [] liquibase.changelog - ChangeSet db/changelog/db.changelog-master.xml::1::messenger ran successfully in 8ms
2026-03-18 22:59:48.243 [main] INFO  [] [] liquibase.changelog - Table chats created
2026-03-18 22:59:48.244 [main] INFO  [] [] liquibase.changelog - ChangeSet db/changelog/db.changelog-master.xml::2::messenger ran successfully in 6ms
2026-03-18 22:59:48.248 [main] INFO  [] [] liquibase.changelog - Table user_chats created
2026-03-18 22:59:48.249 [main] INFO  [] [] liquibase.changelog - Unique constraint added to user_chats(user_id, chat_id)
2026-03-18 22:59:48.249 [main] INFO  [] [] liquibase.changelog - ChangeSet db/changelog/db.changelog-master.xml::3::messenger ran successfully in 4ms
2026-03-18 22:59:48.256 [main] INFO  [] [] liquibase.changelog - Table messages created
2026-03-18 22:59:48.258 [main] INFO  [] [] liquibase.changelog - Index idx_messages_chat_created created
2026-03-18 22:59:48.258 [main] INFO  [] [] liquibase.changelog - Index idx_messages_sender created
2026-03-18 22:59:48.259 [main] INFO  [] [] liquibase.changelog - ChangeSet db/changelog/db.changelog-master.xml::4::messenger ran successfully in 7ms
2026-03-18 22:59:48.263 [main] INFO  [] [] liquibase.changelog - Table file_attachments created
2026-03-18 22:59:48.264 [main] INFO  [] [] liquibase.changelog - Unique constraint added to file_attachments(message_id)
2026-03-18 22:59:48.264 [main] INFO  [] [] liquibase.changelog - ChangeSet db/changelog/db.changelog-master.xml::5::messenger ran successfully in 3ms
2026-03-18 22:59:48.267 [main] INFO  [] [] liquibase.changelog - Table voice_messages created
2026-03-18 22:59:48.269 [main] INFO  [] [] liquibase.changelog - Unique constraint added to voice_messages(message_id)
2026-03-18 22:59:48.269 [main] INFO  [] [] liquibase.changelog - ChangeSet db/changelog/db.changelog-master.xml::6::messenger ran successfully in 3ms
2026-03-18 22:59:48.273 [main] INFO  [] [] liquibase.changelog - Table message_status created
2026-03-18 22:59:48.274 [main] INFO  [] [] liquibase.changelog - Unique constraint added to message_status(message_id, user_id)
2026-03-18 22:59:48.277 [main] INFO  [] [] liquibase.changelog - Index idx_status_user created
2026-03-18 22:59:48.278 [main] INFO  [] [] liquibase.changelog - ChangeSet db/changelog/db.changelog-master.xml::7::messenger ran successfully in 7ms
2026-03-18 22:59:48.294 [main] INFO  [] [] liquibase.changelog - Table video_conferences created
2026-03-18 22:59:48.295 [main] INFO  [] [] liquibase.changelog - Index idx_conference_chat created
2026-03-18 22:59:48.295 [main] INFO  [] [] liquibase.changelog - ChangeSet db/changelog/db.changelog-master.xml::8::messenger ran successfully in 12ms
2026-03-18 22:59:48.300 [main] INFO  [] [] liquibase.changelog - Table conference_participants created
2026-03-18 22:59:48.301 [main] INFO  [] [] liquibase.changelog - Index idx_participant_conference created
2026-03-18 22:59:48.301 [main] INFO  [] [] liquibase.changelog - ChangeSet db/changelog/db.changelog-master.xml::9::messenger ran successfully in 3ms
2026-03-18 22:59:48.306 [main] INFO  [] [] liquibase.changelog - Table devices created
2026-03-18 22:59:48.306 [main] INFO  [] [] liquibase.changelog - Index idx_devices_user created
2026-03-18 22:59:48.307 [main] INFO  [] [] liquibase.changelog - Index idx_devices_online created
2026-03-18 22:59:48.307 [main] INFO  [] [] liquibase.changelog - Index idx_devices_heartbeat created
2026-03-18 22:59:48.307 [main] INFO  [] [] liquibase.changelog - ChangeSet db/changelog/db.changelog-master.xml::10::messenger ran successfully in 4ms
2026-03-18 22:59:48.310 [main] INFO  [] [] liquibase.changelog - Index idx_users_username created
2026-03-18 22:59:48.310 [main] INFO  [] [] liquibase.changelog - Index idx_users_email created
2026-03-18 22:59:48.310 [main] INFO  [] [] liquibase.changelog - Index idx_devices_user_id created
2026-03-18 22:59:48.310 [main] INFO  [] [] liquibase.changelog - Index idx_devices_device_id created
2026-03-18 22:59:48.311 [main] INFO  [] [] liquibase.changelog - ChangeSet db/changelog/db.changelog-master.xml::add-indexes::developer ran successfully in 2ms
2026-03-18 22:59:48.317 [main] INFO  [] [] liquibase.changelog - Table message_mentions created
2026-03-18 22:59:48.318 [main] INFO  [] [] liquibase.changelog - Index idx_mentions_user created
2026-03-18 22:59:48.318 [main] INFO  [] [] liquibase.changelog - ChangeSet db/changelog/db.changelog-master.xml::message-mentions::developer ran successfully in 4ms
2026-03-18 22:59:48.320 [main] INFO  [] [] liquibase.changelog - ChangeSet db/changelog/db.changelog-master.xml::fix-voice-message-id-type::developer ran successfully in 0ms
2026-03-18 22:59:48.328 [main] INFO  [] [] liquibase.util - UPDATE SUMMARY
2026-03-18 22:59:48.330 [main] INFO  [] [] liquibase.util - Run:                         13
2026-03-18 22:59:48.330 [main] INFO  [] [] liquibase.util - Previously run:               0
2026-03-18 22:59:48.330 [main] INFO  [] [] liquibase.util - Filtered out:                 0
2026-03-18 22:59:48.332 [main] INFO  [] [] liquibase.util - -------------------------------
2026-03-18 22:59:48.332 [main] INFO  [] [] liquibase.util - Total change sets:           13
2026-03-18 22:59:48.332 [main] INFO  [] [] liquibase.util - Update summary generated
2026-03-18 22:59:48.338 [main] INFO  [] [] liquibase.command - Update command completed successfully.
2026-03-18 22:59:48.340 [main] INFO  [] [] liquibase.lockservice - Successfully released change log lock
2026-03-18 22:59:48.340 [main] INFO  [] [] liquibase.command - Command execution complete
2026-03-18 22:59:48.547 [main] INFO  [] [] o.h.jpa.internal.util.LogHelper - HHH000204: Processing PersistenceUnitInfo [name: default]
2026-03-18 22:59:48.628 [main] INFO  [] [] org.hibernate.Version - HHH000412: Hibernate ORM core version 6.3.1.Final
2026-03-18 22:59:48.689 [main] INFO  [] [] o.h.c.i.RegionFactoryInitiator - HHH000026: Second-level cache disabled
2026-03-18 22:59:49.023 [main] WARN  [] [] org.hibernate.dialect.Dialect - HHH000511: The 2.2.0 version for [org.hibernate.dialect.PostgreSQLDialect] is no longer supported, hence certain features may not work properly. The minimum supported version is 11.0.0. Check the community dialects project for available legacy versions.
2026-03-18 22:59:49.030 [main] WARN  [] [] org.hibernate.orm.deprecation - HHH90000025: PostgreSQLDialect does not need to be specified explicitly using 'hibernate.dialect' (remove the property setting and it will be selected by default)
2026-03-18 22:59:49.975 [main] INFO  [] [] o.h.e.t.j.p.i.JtaPlatformInitiator - HHH000489: No JTA platform available (set 'hibernate.transaction.jta.platform' to enable JTA platform integration)
2026-03-18 22:59:50.029 [main] WARN  [] [] o.h.t.s.i.ExceptionHandlerLoggedImpl - GenerationTarget encountered exception accepting command : Error executing DDL "
    create index idx_mention_timestamp 
       on message_mentions (timestamp)" via JDBC [Столбец "TIMESTAMP" не найден
Column "TIMESTAMP" not found;]
org.hibernate.tool.schema.spi.CommandAcceptanceException: Error executing DDL "
    create index idx_mention_timestamp 
       on message_mentions (timestamp)" via JDBC [Столбец "TIMESTAMP" не найден
Column "TIMESTAMP" not found;]
	at org.hibernate.tool.schema.internal.exec.GenerationTargetToDatabase.accept(GenerationTargetToDatabase.java:94)
	at org.hibernate.tool.schema.internal.Helper.applySqlString(Helper.java:233)
	at org.hibernate.tool.schema.internal.Helper.applySqlStrings(Helper.java:217)
	at org.hibernate.tool.schema.internal.SchemaCreatorImpl.createTableConstraints(SchemaCreatorImpl.java:383)
	at org.hibernate.tool.schema.internal.SchemaCreatorImpl.createSequencesTablesConstraints(SchemaCreatorImpl.java:351)
	at org.hibernate.tool.schema.internal.SchemaCreatorImpl.createFromMetadata(SchemaCreatorImpl.java:239)
	at org.hibernate.tool.schema.internal.SchemaCreatorImpl.performCreation(SchemaCreatorImpl.java:172)
	at org.hibernate.tool.schema.internal.SchemaCreatorImpl.doCreation(SchemaCreatorImpl.java:142)
	at org.hibernate.tool.schema.internal.SchemaCreatorImpl.doCreation(SchemaCreatorImpl.java:118)
	at org.hibernate.tool.schema.spi.SchemaManagementToolCoordinator.performDatabaseAction(SchemaManagementToolCoordinator.java:256)
	at org.hibernate.tool.schema.spi.SchemaManagementToolCoordinator.lambda$process$5(SchemaManagementToolCoordinator.java:145)
	at java.base/java.util.HashMap.forEach(HashMap.java:1429)
	at org.hibernate.tool.schema.spi.SchemaManagementToolCoordinator.process(SchemaManagementToolCoordinator.java:142)
	at org.hibernate.boot.internal.SessionFactoryObserverForSchemaExport.sessionFactoryCreated(SessionFactoryObserverForSchemaExport.java:37)
	at org.hibernate.internal.SessionFactoryObserverChain.sessionFactoryCreated(SessionFactoryObserverChain.java:35)
	at org.hibernate.internal.SessionFactoryImpl.<init>(SessionFactoryImpl.java:295)
	at org.hibernate.boot.internal.SessionFactoryBuilderImpl.build(SessionFactoryBuilderImpl.java:450)
	at org.hibernate.jpa.boot.internal.EntityManagerFactoryBuilderImpl.build(EntityManagerFactoryBuilderImpl.java:1507)
	at org.springframework.orm.jpa.vendor.SpringHibernateJpaPersistenceProvider.createContainerEntityManagerFactory(SpringHibernateJpaPersistenceProvider.java:75)
	at org.springframework.orm.jpa.LocalContainerEntityManagerFactoryBean.createNativeEntityManagerFactory(LocalContainerEntityManagerFactoryBean.java:376)
	at org.springframework.orm.jpa.AbstractEntityManagerFactoryBean.buildNativeEntityManagerFactory(AbstractEntityManagerFactoryBean.java:409)
	at org.springframework.orm.jpa.AbstractEntityManagerFactoryBean.afterPropertiesSet(AbstractEntityManagerFactoryBean.java:396)
	at org.springframework.orm.jpa.LocalContainerEntityManagerFactoryBean.afterPropertiesSet(LocalContainerEntityManagerFactoryBean.java:352)
	at org.springframework.beans.factory.support.AbstractAutowireCapableBeanFactory.invokeInitMethods(AbstractAutowireCapableBeanFactory.java:1822)
	at org.springframework.beans.factory.support.AbstractAutowireCapableBeanFactory.initializeBean(AbstractAutowireCapableBeanFactory.java:1771)
	at org.springframework.beans.factory.support.AbstractAutowireCapableBeanFactory.doCreateBean(AbstractAutowireCapableBeanFactory.java:601)
	at org.springframework.beans.factory.support.AbstractAutowireCapableBeanFactory.createBean(AbstractAutowireCapableBeanFactory.java:523)
	at org.springframework.beans.factory.support.AbstractBeanFactory.lambda$doGetBean$0(AbstractBeanFactory.java:325)
	at org.springframework.beans.factory.support.DefaultSingletonBeanRegistry.getSingleton(DefaultSingletonBeanRegistry.java:234)
	at org.springframework.beans.factory.support.AbstractBeanFactory.doGetBean(AbstractBeanFactory.java:323)
	at org.springframework.beans.factory.support.AbstractBeanFactory.getBean(AbstractBeanFactory.java:199)
	at org.springframework.context.support.AbstractApplicationContext.getBean(AbstractApplicationContext.java:1173)
	at org.springframework.context.support.AbstractApplicationContext.finishBeanFactoryInitialization(AbstractApplicationContext.java:936)
	at org.springframework.context.support.AbstractApplicationContext.refresh(AbstractApplicationContext.java:616)
	at org.springframework.boot.SpringApplication.refresh(SpringApplication.java:753)
	at org.springframework.boot.SpringApplication.refreshContext(SpringApplication.java:455)
	at org.springframework.boot.SpringApplication.run(SpringApplication.java:323)
	at org.springframework.boot.test.context.SpringBootContextLoader.lambda$loadContext$3(SpringBootContextLoader.java:137)
	at org.springframework.util.function.ThrowingSupplier.get(ThrowingSupplier.java:58)
	at org.springframework.util.function.ThrowingSupplier.get(ThrowingSupplier.java:46)
	at org.springframework.boot.SpringApplication.withHook(SpringApplication.java:1442)
	at org.springframework.boot.test.context.SpringBootContextLoader$ContextLoaderHook.run(SpringBootContextLoader.java:552)
	at org.springframework.boot.test.context.SpringBootContextLoader.loadContext(SpringBootContextLoader.java:137)
	at org.springframework.boot.test.context.SpringBootContextLoader.loadContext(SpringBootContextLoader.java:108)
	at org.springframework.test.context.cache.DefaultCacheAwareContextLoaderDelegate.loadContextInternal(DefaultCacheAwareContextLoaderDelegate.java:225)
	at org.springframework.test.context.cache.DefaultCacheAwareContextLoaderDelegate.loadContext(DefaultCacheAwareContextLoaderDelegate.java:152)
	at org.springframework.test.context.support.DefaultTestContext.getApplicationContext(DefaultTestContext.java:130)
	at org.springframework.test.context.web.ServletTestExecutionListener.setUpRequestContextIfNecessary(ServletTestExecutionListener.java:191)
	at org.springframework.test.context.web.ServletTestExecutionListener.prepareTestInstance(ServletTestExecutionListener.java:130)
	at org.springframework.test.context.TestContextManager.prepareTestInstance(TestContextManager.java:247)
	at org.springframework.test.context.junit.jupiter.SpringExtension.postProcessTestInstance(SpringExtension.java:163)
	at org.junit.jupiter.engine.descriptor.ClassBasedTestDescriptor.lambda$invokeTestInstancePostProcessors$10(ClassBasedTestDescriptor.java:378)
	at org.junit.jupiter.engine.descriptor.ClassBasedTestDescriptor.executeAndMaskThrowable(ClassBasedTestDescriptor.java:383)
	at org.junit.jupiter.engine.descriptor.ClassBasedTestDescriptor.lambda$invokeTestInstancePostProcessors$11(ClassBasedTestDescriptor.java:378)
	at java.base/java.util.stream.ReferencePipeline$3$1.accept(ReferencePipeline.java:197)
	at java.base/java.util.stream.ReferencePipeline$2$1.accept(ReferencePipeline.java:179)
	at java.base/java.util.ArrayList$ArrayListSpliterator.forEachRemaining(ArrayList.java:1708)
	at java.base/java.util.stream.AbstractPipeline.copyInto(AbstractPipeline.java:509)
	at java.base/java.util.stream.AbstractPipeline.wrapAndCopyInto(AbstractPipeline.java:499)
	at java.base/java.util.stream.StreamSpliterators$WrappingSpliterator.forEachRemaining(StreamSpliterators.java:310)
	at java.base/java.util.stream.Streams$ConcatSpliterator.forEachRemaining(Streams.java:735)
	at java.base/java.util.stream.Streams$ConcatSpliterator.forEachRemaining(Streams.java:734)
	at java.base/java.util.stream.ReferencePipeline$Head.forEach(ReferencePipeline.java:762)
	at org.junit.jupiter.engine.descriptor.ClassBasedTestDescriptor.invokeTestInstancePostProcessors(ClassBasedTestDescriptor.java:377)
	at org.junit.jupiter.engine.descriptor.ClassBasedTestDescriptor.lambda$instantiateAndPostProcessTestInstance$6(ClassBasedTestDescriptor.java:290)
	at org.junit.platform.engine.support.hierarchical.ThrowableCollector.execute(ThrowableCollector.java:73)
	at org.junit.jupiter.engine.descriptor.ClassBasedTestDescriptor.instantiateAndPostProcessTestInstance(ClassBasedTestDescriptor.java:289)
	at org.junit.jupiter.engine.descriptor.ClassBasedTestDescriptor.lambda$testInstancesProvider$4(ClassBasedTestDescriptor.java:279)
	at java.base/java.util.Optional.orElseGet(Optional.java:364)
	at org.junit.jupiter.engine.descriptor.ClassBasedTestDescriptor.lambda$testInstancesProvider$5(ClassBasedTestDescriptor.java:278)
	at org.junit.jupiter.engine.execution.TestInstancesProvider.getTestInstances(TestInstancesProvider.java:31)
	at org.junit.jupiter.engine.descriptor.TestMethodTestDescriptor.lambda$prepare$0(TestMethodTestDescriptor.java:106)
	at org.junit.platform.engine.support.hierarchical.ThrowableCollector.execute(ThrowableCollector.java:73)
	at org.junit.jupiter.engine.descriptor.TestMethodTestDescriptor.prepare(TestMethodTestDescriptor.java:105)
	at org.junit.jupiter.engine.descriptor.TestMethodTestDescriptor.prepare(TestMethodTestDescriptor.java:69)
	at org.junit.platform.engine.support.hierarchical.NodeTestTask.lambda$prepare$2(NodeTestTask.java:123)
	at org.junit.platform.engine.support.hierarchical.ThrowableCollector.execute(ThrowableCollector.java:73)
	at org.junit.platform.engine.support.hierarchical.NodeTestTask.prepare(NodeTestTask.java:123)
	at org.junit.platform.engine.support.hierarchical.NodeTestTask.execute(NodeTestTask.java:90)
	at java.base/java.util.ArrayList.forEach(ArrayList.java:1596)
	at org.junit.platform.engine.support.hierarchical.SameThreadHierarchicalTestExecutorService.invokeAll(SameThreadHierarchicalTestExecutorService.java:41)
	at org.junit.platform.engine.support.hierarchical.NodeTestTask.lambda$executeRecursively$6(NodeTestTask.java:155)
	at org.junit.platform.engine.support.hierarchical.ThrowableCollector.execute(ThrowableCollector.java:73)
	at org.junit.platform.engine.support.hierarchical.NodeTestTask.lambda$executeRecursively$8(NodeTestTask.java:141)
	at org.junit.platform.engine.support.hierarchical.Node.around(Node.java:137)
	at org.junit.platform.engine.support.hierarchical.NodeTestTask.lambda$executeRecursively$9(NodeTestTask.java:139)
	at org.junit.platform.engine.support.hierarchical.ThrowableCollector.execute(ThrowableCollector.java:73)
	at org.junit.platform.engine.support.hierarchical.NodeTestTask.executeRecursively(NodeTestTask.java:138)
	at org.junit.platform.engine.support.hierarchical.NodeTestTask.execute(NodeTestTask.java:95)
	at java.base/java.util.ArrayList.forEach(ArrayList.java:1596)
	at org.junit.platform.engine.support.hierarchical.SameThreadHierarchicalTestExecutorService.invokeAll(SameThreadHierarchicalTestExecutorService.java:41)
	at org.junit.platform.engine.support.hierarchical.NodeTestTask.lambda$executeRecursively$6(NodeTestTask.java:155)
	at org.junit.platform.engine.support.hierarchical.ThrowableCollector.execute(ThrowableCollector.java:73)
	at org.junit.platform.engine.support.hierarchical.NodeTestTask.lambda$executeRecursively$8(NodeTestTask.java:141)
	at org.junit.platform.engine.support.hierarchical.Node.around(Node.java:137)
	at org.junit.platform.engine.support.hierarchical.NodeTestTask.lambda$executeRecursively$9(NodeTestTask.java:139)
	at org.junit.platform.engine.support.hierarchical.ThrowableCollector.execute(ThrowableCollector.java:73)
	at org.junit.platform.engine.support.hierarchical.NodeTestTask.executeRecursively(NodeTestTask.java:138)
	at org.junit.platform.engine.support.hierarchical.NodeTestTask.execute(NodeTestTask.java:95)
	at org.junit.platform.engine.support.hierarchical.SameThreadHierarchicalTestExecutorService.submit(SameThreadHierarchicalTestExecutorService.java:35)
	at org.junit.platform.engine.support.hierarchical.HierarchicalTestExecutor.execute(HierarchicalTestExecutor.java:57)
	at org.junit.platform.engine.support.hierarchical.HierarchicalTestEngine.execute(HierarchicalTestEngine.java:54)
	at org.junit.platform.launcher.core.EngineExecutionOrchestrator.execute(EngineExecutionOrchestrator.java:198)
	at org.junit.platform.launcher.core.EngineExecutionOrchestrator.execute(EngineExecutionOrchestrator.java:169)
	at org.junit.platform.launcher.core.EngineExecutionOrchestrator.execute(EngineExecutionOrchestrator.java:93)
	at org.junit.platform.launcher.core.EngineExecutionOrchestrator.lambda$execute$0(EngineExecutionOrchestrator.java:58)
	at org.junit.platform.launcher.core.EngineExecutionOrchestrator.withInterceptedStreams(EngineExecutionOrchestrator.java:141)
	at org.junit.platform.launcher.core.EngineExecutionOrchestrator.execute(EngineExecutionOrchestrator.java:57)
	at org.junit.platform.launcher.core.DefaultLauncher.execute(DefaultLauncher.java:103)
	at org.junit.platform.launcher.core.DefaultLauncher.execute(DefaultLauncher.java:85)
	at org.junit.platform.launcher.core.DelegatingLauncher.execute(DelegatingLauncher.java:47)
	at org.apache.maven.surefire.junitplatform.LazyLauncher.execute(LazyLauncher.java:56)
	at org.apache.maven.surefire.junitplatform.JUnitPlatformProvider.execute(JUnitPlatformProvider.java:184)
	at org.apache.maven.surefire.junitplatform.JUnitPlatformProvider.invokeAllTests(JUnitPlatformProvider.java:148)
	at org.apache.maven.surefire.junitplatform.JUnitPlatformProvider.invoke(JUnitPlatformProvider.java:122)
	at org.apache.maven.surefire.booter.ForkedBooter.runSuitesInProcess(ForkedBooter.java:385)
	at org.apache.maven.surefire.booter.ForkedBooter.execute(ForkedBooter.java:162)
	at org.apache.maven.surefire.booter.ForkedBooter.run(ForkedBooter.java:507)
	at org.apache.maven.surefire.booter.ForkedBooter.main(ForkedBooter.java:495)
Caused by: org.h2.jdbc.JdbcSQLSyntaxErrorException: Столбец "TIMESTAMP" не найден
Column "TIMESTAMP" not found; SQL statement:

    create index idx_mention_timestamp 
       on message_mentions (time [42122-224]
	at org.h2.message.DbException.getJdbcSQLException(DbException.java:514)
	at org.h2.message.DbException.getJdbcSQLException(DbException.java:489)
	at org.h2.message.DbException.get(DbException.java:223)
	at org.h2.message.DbException.get(DbException.java:199)
	at org.h2.table.Table.getColumn(Table.java:759)
	at org.h2.table.IndexColumn.mapColumns(IndexColumn.java:184)
	at org.h2.command.ddl.CreateIndex.update(CreateIndex.java:104)
	at org.h2.command.CommandContainer.update(CommandContainer.java:169)
	at org.h2.command.Command.executeUpdate(Command.java:256)
	at org.h2.jdbc.JdbcStatement.executeInternal(JdbcStatement.java:262)
	at org.h2.jdbc.JdbcStatement.execute(JdbcStatement.java:231)
	at com.zaxxer.hikari.pool.ProxyStatement.execute(ProxyStatement.java:94)
	at com.zaxxer.hikari.pool.HikariProxyStatement.execute(HikariProxyStatement.java)
	at org.hibernate.tool.schema.internal.exec.GenerationTargetToDatabase.accept(GenerationTargetToDatabase.java:80)
	... 118 common frames omitted
2026-03-18 22:59:50.116 [main] INFO  [] [] c.m.config.NetworkAutoConfiguration - 🌐 Starting network auto-configuration...
2026-03-18 22:59:50.122 [main] INFO  [] [] c.m.config.NetworkAutoConfiguration - 📍 Local IP detected: 192.168.88.183
2026-03-18 22:59:50.605 [main] INFO  [] [] c.m.config.NetworkAutoConfiguration - Detected public IP from external service: 95.25.190.203
2026-03-18 22:59:50.605 [main] INFO  [] [] c.m.config.NetworkAutoConfiguration - 🌍 Public IP detected: 95.25.190.203
2026-03-18 22:59:50.605 [main] INFO  [] [] c.m.config.NetworkAutoConfiguration - 🏷️  Hostname: ZVEZDOLET
2026-03-18 22:59:50.605 [main] INFO  [] [] c.m.config.NetworkAutoConfiguration - ✅ Network auto-configuration completed
2026-03-18 22:59:50.605 [main] INFO  [] [] c.m.config.NetworkAutoConfiguration -    Local:  192.168.88.183
2026-03-18 22:59:50.605 [main] INFO  [] [] c.m.config.NetworkAutoConfiguration -    VPN:    Not detected
2026-03-18 22:59:50.605 [main] INFO  [] [] c.m.config.NetworkAutoConfiguration -    Public: 95.25.190.203
2026-03-18 22:59:53.378 [main] INFO  [] [] com.messenger.config.MinioConfig - Initializing MinIO client with endpoint: http://localhost:9000
2026-03-18 22:59:53.675 [main] INFO  [] [] c.m.service.AudioProcessingService - 🎵 Audio Processing Service initialized
2026-03-18 22:59:53.675 [main] INFO  [] [] c.m.service.AudioProcessingService -    Sample Rate: 48000 Hz
2026-03-18 22:59:53.675 [main] INFO  [] [] c.m.service.AudioProcessingService -    Channels: 2
2026-03-18 22:59:53.675 [main] INFO  [] [] c.m.service.AudioProcessingService -    Frame Size: 480 samples (10 ms)
2026-03-18 22:59:53.675 [main] INFO  [] [] c.m.service.AudioProcessingService -    Features: Noise Suppression, Echo Cancellation, Limiter
2026-03-18 22:59:53.688 [main] INFO  [] [] c.m.service.FileStorageService - Initializing MinIO bucket 'messenger-files' with public read policy
2026-03-18 22:59:53.818 [main] ERROR [] [] c.m.service.FileStorageService - Failed to initialize MinIO bucket
java.net.ConnectException: Failed to connect to localhost/[0:0:0:0:0:0:0:1]:9000
	at okhttp3.internal.connection.RealConnection.connectSocket(RealConnection.kt:297)
	at okhttp3.internal.connection.RealConnection.connect(RealConnection.kt:207)
	at okhttp3.internal.connection.ExchangeFinder.findConnection(ExchangeFinder.kt:226)
	at okhttp3.internal.connection.ExchangeFinder.findHealthyConnection(ExchangeFinder.kt:106)
	at okhttp3.internal.connection.ExchangeFinder.find(ExchangeFinder.kt:74)
	at okhttp3.internal.connection.RealCall.initExchange$okhttp(RealCall.kt:255)
	at okhttp3.internal.connection.ConnectInterceptor.intercept(ConnectInterceptor.kt:32)
	at okhttp3.internal.http.RealInterceptorChain.proceed(RealInterceptorChain.kt:109)
	at okhttp3.internal.cache.CacheInterceptor.intercept(CacheInterceptor.kt:95)
	at okhttp3.internal.http.RealInterceptorChain.proceed(RealInterceptorChain.kt:109)
	at okhttp3.internal.http.BridgeInterceptor.intercept(BridgeInterceptor.kt:83)
	at okhttp3.internal.http.RealInterceptorChain.proceed(RealInterceptorChain.kt:109)
	at okhttp3.internal.http.RetryAndFollowUpInterceptor.intercept(RetryAndFollowUpInterceptor.kt:76)
	at okhttp3.internal.http.RealInterceptorChain.proceed(RealInterceptorChain.kt:109)
	at okhttp3.internal.connection.RealCall.getResponseWithInterceptorChain$okhttp(RealCall.kt:201)
	at okhttp3.internal.connection.RealCall$AsyncCall.run(RealCall.kt:517)
	at java.base/java.util.concurrent.ThreadPoolExecutor.runWorker(ThreadPoolExecutor.java:1144)
	at java.base/java.util.concurrent.ThreadPoolExecutor$Worker.run(ThreadPoolExecutor.java:642)
	at java.base/java.lang.Thread.run(Thread.java:1583)
	Suppressed: java.net.ConnectException: Failed to connect to localhost/127.0.0.1:9000
		... 19 common frames omitted
	Caused by: java.net.ConnectException: Connection refused: getsockopt
		at java.base/sun.nio.ch.Net.pollConnect(Native Method)
		at java.base/sun.nio.ch.Net.pollConnectNow(Net.java:682)
		at java.base/sun.nio.ch.NioSocketImpl.timedFinishConnect(NioSocketImpl.java:542)
		at java.base/sun.nio.ch.NioSocketImpl.connect(NioSocketImpl.java:592)
		at java.base/java.net.SocksSocketImpl.connect(SocksSocketImpl.java:327)
		at java.base/java.net.Socket.connect(Socket.java:751)
		at okhttp3.internal.platform.Platform.connectSocket(Platform.kt:128)
		at okhttp3.internal.connection.RealConnection.connectSocket(RealConnection.kt:295)
		... 18 common frames omitted
Caused by: java.net.ConnectException: Connection refused: getsockopt
	at java.base/sun.nio.ch.Net.pollConnect(Native Method)
	at java.base/sun.nio.ch.Net.pollConnectNow(Net.java:682)
	at java.base/sun.nio.ch.NioSocketImpl.timedFinishConnect(NioSocketImpl.java:542)
	at java.base/sun.nio.ch.NioSocketImpl.connect(NioSocketImpl.java:592)
	at java.base/java.net.SocksSocketImpl.connect(SocksSocketImpl.java:327)
	at java.base/java.net.Socket.connect(Socket.java:751)
	at okhttp3.internal.platform.Platform.connectSocket(Platform.kt:128)
	at okhttp3.internal.connection.RealConnection.connectSocket(RealConnection.kt:295)
	... 18 common frames omitted
2026-03-18 22:59:53.898 [main] INFO  [] [] c.m.s.WebRtcConfigurationService - 🎥 WebRTC Configuration Service initialized
2026-03-18 22:59:53.898 [main] INFO  [] [] c.m.s.WebRtcConfigurationService -    Best IP for TURN: 95.25.190.203
2026-03-18 22:59:53.898 [main] INFO  [] [] c.m.s.WebRtcConfigurationService -    Best IP for clients: 95.25.190.203
2026-03-18 22:59:54.135 [main] WARN  [] [] o.s.w.c.s.GenericWebApplicationContext - Exception encountered during context initialization - cancelling refresh attempt: org.springframework.beans.factory.UnsatisfiedDependencyException: Error creating bean with name 'notificationController' defined in file [C:\Users\koval\messenger-app\target\classes\com\messenger\controller\NotificationController.class]: Unsatisfied dependency expressed through constructor parameter 0: Error creating bean with name 'notificationService': Injection of autowired dependencies failed
2026-03-18 22:59:54.164 [main] INFO  [] [] com.zaxxer.hikari.HikariDataSource - HikariPool-1 - Shutdown initiated...
2026-03-18 22:59:54.173 [main] INFO  [] [] com.zaxxer.hikari.HikariDataSource - HikariPool-1 - Shutdown completed.
2026-03-18 22:59:54.203 [main] ERROR [] [] o.s.boot.SpringApplication - Application run failed
org.springframework.beans.factory.UnsatisfiedDependencyException: Error creating bean with name 'notificationController' defined in file [C:\Users\koval\messenger-app\target\classes\com\messenger\controller\NotificationController.class]: Unsatisfied dependency expressed through constructor parameter 0: Error creating bean with name 'notificationService': Injection of autowired dependencies failed
	at org.springframework.beans.factory.support.ConstructorResolver.createArgumentArray(ConstructorResolver.java:802)
	at org.springframework.beans.factory.support.ConstructorResolver.autowireConstructor(ConstructorResolver.java:241)
	at org.springframework.beans.factory.support.AbstractAutowireCapableBeanFactory.autowireConstructor(AbstractAutowireCapableBeanFactory.java:1356)
	at org.springframework.beans.factory.support.AbstractAutowireCapableBeanFactory.createBeanInstance(AbstractAutowireCapableBeanFactory.java:1193)
	at org.springframework.beans.factory.support.AbstractAutowireCapableBeanFactory.doCreateBean(AbstractAutowireCapableBeanFactory.java:563)
	at org.springframework.beans.factory.support.AbstractAutowireCapableBeanFactory.createBean(AbstractAutowireCapableBeanFactory.java:523)
	at org.springframework.beans.factory.support.AbstractBeanFactory.lambda$doGetBean$0(AbstractBeanFactory.java:325)
	at org.springframework.beans.factory.support.DefaultSingletonBeanRegistry.getSingleton(DefaultSingletonBeanRegistry.java:234)
	at org.springframework.beans.factory.support.AbstractBeanFactory.doGetBean(AbstractBeanFactory.java:323)
	at org.springframework.beans.factory.support.AbstractBeanFactory.getBean(AbstractBeanFactory.java:199)
	at org.springframework.beans.factory.support.DefaultListableBeanFactory.preInstantiateSingletons(DefaultListableBeanFactory.java:973)
	at org.springframework.context.support.AbstractApplicationContext.finishBeanFactoryInitialization(AbstractApplicationContext.java:946)
	at org.springframework.context.support.AbstractApplicationContext.refresh(AbstractApplicationContext.java:616)
	at org.springframework.boot.SpringApplication.refresh(SpringApplication.java:753)
	at org.springframework.boot.SpringApplication.refreshContext(SpringApplication.java:455)
	at org.springframework.boot.SpringApplication.run(SpringApplication.java:323)
	at org.springframework.boot.test.context.SpringBootContextLoader.lambda$loadContext$3(SpringBootContextLoader.java:137)
	at org.springframework.util.function.ThrowingSupplier.get(ThrowingSupplier.java:58)
	at org.springframework.util.function.ThrowingSupplier.get(ThrowingSupplier.java:46)
	at org.springframework.boot.SpringApplication.withHook(SpringApplication.java:1442)
	at org.springframework.boot.test.context.SpringBootContextLoader$ContextLoaderHook.run(SpringBootContextLoader.java:552)
	at org.springframework.boot.test.context.SpringBootContextLoader.loadContext(SpringBootContextLoader.java:137)
	at org.springframework.boot.test.context.SpringBootContextLoader.loadContext(SpringBootContextLoader.java:108)
	at org.springframework.test.context.cache.DefaultCacheAwareContextLoaderDelegate.loadContextInternal(DefaultCacheAwareContextLoaderDelegate.java:225)
	at org.springframework.test.context.cache.DefaultCacheAwareContextLoaderDelegate.loadContext(DefaultCacheAwareContextLoaderDelegate.java:152)
	at org.springframework.test.context.support.DefaultTestContext.getApplicationContext(DefaultTestContext.java:130)
	at org.springframework.test.context.web.ServletTestExecutionListener.setUpRequestContextIfNecessary(ServletTestExecutionListener.java:191)
	at org.springframework.test.context.web.ServletTestExecutionListener.prepareTestInstance(ServletTestExecutionListener.java:130)
	at org.springframework.test.context.TestContextManager.prepareTestInstance(TestContextManager.java:247)
	at org.springframework.test.context.junit.jupiter.SpringExtension.postProcessTestInstance(SpringExtension.java:163)
	at org.junit.jupiter.engine.descriptor.ClassBasedTestDescriptor.lambda$invokeTestInstancePostProcessors$10(ClassBasedTestDescriptor.java:378)
	at org.junit.jupiter.engine.descriptor.ClassBasedTestDescriptor.executeAndMaskThrowable(ClassBasedTestDescriptor.java:383)
	at org.junit.jupiter.engine.descriptor.ClassBasedTestDescriptor.lambda$invokeTestInstancePostProcessors$11(ClassBasedTestDescriptor.java:378)
	at java.base/java.util.stream.ReferencePipeline$3$1.accept(ReferencePipeline.java:197)
	at java.base/java.util.stream.ReferencePipeline$2$1.accept(ReferencePipeline.java:179)
	at java.base/java.util.ArrayList$ArrayListSpliterator.forEachRemaining(ArrayList.java:1708)
	at java.base/java.util.stream.AbstractPipeline.copyInto(AbstractPipeline.java:509)
	at java.base/java.util.stream.AbstractPipeline.wrapAndCopyInto(AbstractPipeline.java:499)
	at java.base/java.util.stream.StreamSpliterators$WrappingSpliterator.forEachRemaining(StreamSpliterators.java:310)
	at java.base/java.util.stream.Streams$ConcatSpliterator.forEachRemaining(Streams.java:735)
	at java.base/java.util.stream.Streams$ConcatSpliterator.forEachRemaining(Streams.java:734)
	at java.base/java.util.stream.ReferencePipeline$Head.forEach(ReferencePipeline.java:762)
	at org.junit.jupiter.engine.descriptor.ClassBasedTestDescriptor.invokeTestInstancePostProcessors(ClassBasedTestDescriptor.java:377)
	at org.junit.jupiter.engine.descriptor.ClassBasedTestDescriptor.lambda$instantiateAndPostProcessTestInstance$6(ClassBasedTestDescriptor.java:290)
	at org.junit.platform.engine.support.hierarchical.ThrowableCollector.execute(ThrowableCollector.java:73)
	at org.junit.jupiter.engine.descriptor.ClassBasedTestDescriptor.instantiateAndPostProcessTestInstance(ClassBasedTestDescriptor.java:289)
	at org.junit.jupiter.engine.descriptor.ClassBasedTestDescriptor.lambda$testInstancesProvider$4(ClassBasedTestDescriptor.java:279)
	at java.base/java.util.Optional.orElseGet(Optional.java:364)
	at org.junit.jupiter.engine.descriptor.ClassBasedTestDescriptor.lambda$testInstancesProvider$5(ClassBasedTestDescriptor.java:278)
	at org.junit.jupiter.engine.execution.TestInstancesProvider.getTestInstances(TestInstancesProvider.java:31)
	at org.junit.jupiter.engine.descriptor.TestMethodTestDescriptor.lambda$prepare$0(TestMethodTestDescriptor.java:106)
	at org.junit.platform.engine.support.hierarchical.ThrowableCollector.execute(ThrowableCollector.java:73)
	at org.junit.jupiter.engine.descriptor.TestMethodTestDescriptor.prepare(TestMethodTestDescriptor.java:105)
	at org.junit.jupiter.engine.descriptor.TestMethodTestDescriptor.prepare(TestMethodTestDescriptor.java:69)
	at org.junit.platform.engine.support.hierarchical.NodeTestTask.lambda$prepare$2(NodeTestTask.java:123)
	at org.junit.platform.engine.support.hierarchical.ThrowableCollector.execute(ThrowableCollector.java:73)
	at org.junit.platform.engine.support.hierarchical.NodeTestTask.prepare(NodeTestTask.java:123)
	at org.junit.platform.engine.support.hierarchical.NodeTestTask.execute(NodeTestTask.java:90)
	at java.base/java.util.ArrayList.forEach(ArrayList.java:1596)
	at org.junit.platform.engine.support.hierarchical.SameThreadHierarchicalTestExecutorService.invokeAll(SameThreadHierarchicalTestExecutorService.java:41)
	at org.junit.platform.engine.support.hierarchical.NodeTestTask.lambda$executeRecursively$6(NodeTestTask.java:155)
	at org.junit.platform.engine.support.hierarchical.ThrowableCollector.execute(ThrowableCollector.java:73)
	at org.junit.platform.engine.support.hierarchical.NodeTestTask.lambda$executeRecursively$8(NodeTestTask.java:141)
	at org.junit.platform.engine.support.hierarchical.Node.around(Node.java:137)
	at org.junit.platform.engine.support.hierarchical.NodeTestTask.lambda$executeRecursively$9(NodeTestTask.java:139)
	at org.junit.platform.engine.support.hierarchical.ThrowableCollector.execute(ThrowableCollector.java:73)
	at org.junit.platform.engine.support.hierarchical.NodeTestTask.executeRecursively(NodeTestTask.java:138)
	at org.junit.platform.engine.support.hierarchical.NodeTestTask.execute(NodeTestTask.java:95)
	at java.base/java.util.ArrayList.forEach(ArrayList.java:1596)
	at org.junit.platform.engine.support.hierarchical.SameThreadHierarchicalTestExecutorService.invokeAll(SameThreadHierarchicalTestExecutorService.java:41)
	at org.junit.platform.engine.support.hierarchical.NodeTestTask.lambda$executeRecursively$6(NodeTestTask.java:155)
	at org.junit.platform.engine.support.hierarchical.ThrowableCollector.execute(ThrowableCollector.java:73)
	at org.junit.platform.engine.support.hierarchical.NodeTestTask.lambda$executeRecursively$8(NodeTestTask.java:141)
	at org.junit.platform.engine.support.hierarchical.Node.around(Node.java:137)
	at org.junit.platform.engine.support.hierarchical.NodeTestTask.lambda$executeRecursively$9(NodeTestTask.java:139)
	at org.junit.platform.engine.support.hierarchical.ThrowableCollector.execute(ThrowableCollector.java:73)
	at org.junit.platform.engine.support.hierarchical.NodeTestTask.executeRecursively(NodeTestTask.java:138)
	at org.junit.platform.engine.support.hierarchical.NodeTestTask.execute(NodeTestTask.java:95)
	at org.junit.platform.engine.support.hierarchical.SameThreadHierarchicalTestExecutorService.submit(SameThreadHierarchicalTestExecutorService.java:35)
	at org.junit.platform.engine.support.hierarchical.HierarchicalTestExecutor.execute(HierarchicalTestExecutor.java:57)
	at org.junit.platform.engine.support.hierarchical.HierarchicalTestEngine.execute(HierarchicalTestEngine.java:54)
	at org.junit.platform.launcher.core.EngineExecutionOrchestrator.execute(EngineExecutionOrchestrator.java:198)
	at org.junit.platform.launcher.core.EngineExecutionOrchestrator.execute(EngineExecutionOrchestrator.java:169)
	at org.junit.platform.launcher.core.EngineExecutionOrchestrator.execute(EngineExecutionOrchestrator.java:93)
	at org.junit.platform.launcher.core.EngineExecutionOrchestrator.lambda$execute$0(EngineExecutionOrchestrator.java:58)
	at org.junit.platform.launcher.core.EngineExecutionOrchestrator.withInterceptedStreams(EngineExecutionOrchestrator.java:141)
	at org.junit.platform.launcher.core.EngineExecutionOrchestrator.execute(EngineExecutionOrchestrator.java:57)
	at org.junit.platform.launcher.core.DefaultLauncher.execute(DefaultLauncher.java:103)
	at org.junit.platform.launcher.core.DefaultLauncher.execute(DefaultLauncher.java:85)
	at org.junit.platform.launcher.core.DelegatingLauncher.execute(DelegatingLauncher.java:47)
	at org.apache.maven.surefire.junitplatform.LazyLauncher.execute(LazyLauncher.java:56)
	at org.apache.maven.surefire.junitplatform.JUnitPlatformProvider.execute(JUnitPlatformProvider.java:184)
	at org.apache.maven.surefire.junitplatform.JUnitPlatformProvider.invokeAllTests(JUnitPlatformProvider.java:148)
	at org.apache.maven.surefire.junitplatform.JUnitPlatformProvider.invoke(JUnitPlatformProvider.java:122)
	at org.apache.maven.surefire.booter.ForkedBooter.runSuitesInProcess(ForkedBooter.java:385)
	at org.apache.maven.surefire.booter.ForkedBooter.execute(ForkedBooter.java:162)
	at org.apache.maven.surefire.booter.ForkedBooter.run(ForkedBooter.java:507)
	at org.apache.maven.surefire.booter.ForkedBooter.main(ForkedBooter.java:495)
Caused by: org.springframework.beans.factory.BeanCreationException: Error creating bean with name 'notificationService': Injection of autowired dependencies failed
	at org.springframework.beans.factory.annotation.AutowiredAnnotationBeanPostProcessor.postProcessProperties(AutowiredAnnotationBeanPostProcessor.java:499)
	at org.springframework.beans.factory.support.AbstractAutowireCapableBeanFactory.populateBean(AbstractAutowireCapableBeanFactory.java:1420)
	at org.springframework.beans.factory.support.AbstractAutowireCapableBeanFactory.doCreateBean(AbstractAutowireCapableBeanFactory.java:600)
	at org.springframework.beans.factory.support.AbstractAutowireCapableBeanFactory.createBean(AbstractAutowireCapableBeanFactory.java:523)
	at org.springframework.beans.factory.support.AbstractBeanFactory.lambda$doGetBean$0(AbstractBeanFactory.java:325)
	at org.springframework.beans.factory.support.DefaultSingletonBeanRegistry.getSingleton(DefaultSingletonBeanRegistry.java:234)
	at org.springframework.beans.factory.support.AbstractBeanFactory.doGetBean(AbstractBeanFactory.java:323)
	at org.springframework.beans.factory.support.AbstractBeanFactory.getBean(AbstractBeanFactory.java:199)
	at org.springframework.beans.factory.config.DependencyDescriptor.resolveCandidate(DependencyDescriptor.java:254)
	at org.springframework.beans.factory.support.DefaultListableBeanFactory.doResolveDependency(DefaultListableBeanFactory.java:1441)
	at org.springframework.beans.factory.support.DefaultListableBeanFactory.resolveDependency(DefaultListableBeanFactory.java:1348)
	at org.springframework.beans.factory.support.ConstructorResolver.resolveAutowiredArgument(ConstructorResolver.java:911)
	at org.springframework.beans.factory.support.ConstructorResolver.createArgumentArray(ConstructorResolver.java:789)
	... 97 common frames omitted
Caused by: java.lang.IllegalArgumentException: Could not resolve placeholder 'VAPID_PUBLIC_KEY' in value "${VAPID_PUBLIC_KEY}"
	at org.springframework.util.PropertyPlaceholderHelper.parseStringValue(PropertyPlaceholderHelper.java:180)
	at org.springframework.util.PropertyPlaceholderHelper.replacePlaceholders(PropertyPlaceholderHelper.java:126)
	at org.springframework.core.env.AbstractPropertyResolver.doResolvePlaceholders(AbstractPropertyResolver.java:239)
	at org.springframework.core.env.AbstractPropertyResolver.resolveRequiredPlaceholders(AbstractPropertyResolver.java:210)
	at org.springframework.core.env.AbstractPropertyResolver.resolveNestedPlaceholders(AbstractPropertyResolver.java:230)
	at org.springframework.boot.context.properties.source.ConfigurationPropertySourcesPropertyResolver.getProperty(ConfigurationPropertySourcesPropertyResolver.java:79)
	at org.springframework.boot.context.properties.source.ConfigurationPropertySourcesPropertyResolver.getProperty(ConfigurationPropertySourcesPropertyResolver.java:60)
	at org.springframework.core.env.AbstractEnvironment.getProperty(AbstractEnvironment.java:552)
	at org.springframework.context.support.PropertySourcesPlaceholderConfigurer$1.getProperty(PropertySourcesPlaceholderConfigurer.java:153)
	at org.springframework.context.support.PropertySourcesPlaceholderConfigurer$1.getProperty(PropertySourcesPlaceholderConfigurer.java:149)
	at org.springframework.core.env.PropertySourcesPropertyResolver.getProperty(PropertySourcesPropertyResolver.java:85)
	at org.springframework.core.env.PropertySourcesPropertyResolver.getPropertyAsRawString(PropertySourcesPropertyResolver.java:74)
	at org.springframework.util.PropertyPlaceholderHelper.parseStringValue(PropertyPlaceholderHelper.java:153)
	at org.springframework.util.PropertyPlaceholderHelper.replacePlaceholders(PropertyPlaceholderHelper.java:126)
	at org.springframework.core.env.AbstractPropertyResolver.doResolvePlaceholders(AbstractPropertyResolver.java:239)
	at org.springframework.core.env.AbstractPropertyResolver.resolveRequiredPlaceholders(AbstractPropertyResolver.java:210)
	at org.springframework.context.support.PropertySourcesPlaceholderConfigurer.lambda$processProperties$0(PropertySourcesPlaceholderConfigurer.java:200)
	at org.springframework.beans.factory.support.AbstractBeanFactory.resolveEmbeddedValue(AbstractBeanFactory.java:921)
	at org.springframework.beans.factory.support.DefaultListableBeanFactory.doResolveDependency(DefaultListableBeanFactory.java:1372)
	at org.springframework.beans.factory.support.DefaultListableBeanFactory.resolveDependency(DefaultListableBeanFactory.java:1348)
	at org.springframework.beans.factory.annotation.AutowiredAnnotationBeanPostProcessor$AutowiredFieldElement.resolveFieldValue(AutowiredAnnotationBeanPostProcessor.java:769)
	at org.springframework.beans.factory.annotation.AutowiredAnnotationBeanPostProcessor$AutowiredFieldElement.inject(AutowiredAnnotationBeanPostProcessor.java:752)
	at org.springframework.beans.factory.annotation.InjectionMetadata.inject(InjectionMetadata.java:145)
	at org.springframework.beans.factory.annotation.AutowiredAnnotationBeanPostProcessor.postProcessProperties(AutowiredAnnotationBeanPostProcessor.java:493)
	... 109 common frames omitted
2026-03-18 22:59:54.209 [main] ERROR [] [] o.s.test.context.TestContextManager - Caught exception while allowing TestExecutionListener [org.springframework.test.context.web.ServletTestExecutionListener] to prepare test instance [com.messenger.config.SecurityConfigTest@3a2ec6b5]
java.lang.IllegalStateException: Failed to load ApplicationContext for [WebMergedContextConfiguration@7e4b8d05 testClass = com.messenger.config.SecurityConfigTest, locations = [], classes = [com.messenger.SecureMessengerApplication], contextInitializerClasses = [], activeProfiles = ["test"], propertySourceDescriptors = [], propertySourceProperties = ["org.springframework.boot.test.context.SpringBootTestContextBootstrapper=true"], contextCustomizers = [[ImportsContextCustomizer@4b68392c key = [org.springframework.boot.test.autoconfigure.web.servlet.MockMvcWebDriverAutoConfiguration, org.springframework.boot.test.autoconfigure.web.servlet.MockMvcAutoConfiguration, org.springframework.boot.autoconfigure.security.oauth2.client.servlet.OAuth2ClientAutoConfiguration, org.springframework.boot.autoconfigure.security.servlet.SecurityAutoConfiguration, org.springframework.boot.autoconfigure.security.servlet.SecurityFilterAutoConfiguration, org.springframework.boot.autoconfigure.security.servlet.UserDetailsServiceAutoConfiguration, org.springframework.boot.autoconfigure.security.oauth2.resource.servlet.OAuth2ResourceServerAutoConfiguration, org.springframework.boot.test.autoconfigure.web.servlet.MockMvcSecurityConfiguration, org.springframework.boot.test.autoconfigure.web.servlet.MockMvcWebClientAutoConfiguration, org.springframework.boot.test.autoconfigure.web.reactive.WebTestClientAutoConfiguration]], org.springframework.boot.test.context.filter.ExcludeFilterContextCustomizer@42bc14c1, org.springframework.boot.test.json.DuplicateJsonObjectContextCustomizerFactory$DuplicateJsonObjectContextCustomizer@6f3c660a, org.springframework.boot.test.mock.mockito.MockitoContextCustomizer@0, org.springframework.boot.test.web.client.TestRestTemplateContextCustomizer@294a6b8e, org.springframework.boot.test.web.reactive.server.WebTestClientContextCustomizer@16414e40, org.springframework.boot.test.autoconfigure.actuate.observability.ObservabilityContextCustomizerFactory$DisableObservabilityContextCustomizer@1f, org.springframework.boot.test.autoconfigure.properties.PropertyMappingContextCustomizer@4b3fa0b3, org.springframework.boot.test.autoconfigure.web.servlet.WebDriverContextCustomizer@4982cc36, org.springframework.boot.test.context.SpringBootTestAnnotation@4a772aba], resourceBasePath = "src/main/webapp", contextLoader = org.springframework.boot.test.context.SpringBootContextLoader, parent = null]
	at org.springframework.test.context.cache.DefaultCacheAwareContextLoaderDelegate.loadContext(DefaultCacheAwareContextLoaderDelegate.java:180)
	at org.springframework.test.context.support.DefaultTestContext.getApplicationContext(DefaultTestContext.java:130)
	at org.springframework.test.context.web.ServletTestExecutionListener.setUpRequestContextIfNecessary(ServletTestExecutionListener.java:191)
	at org.springframework.test.context.web.ServletTestExecutionListener.prepareTestInstance(ServletTestExecutionListener.java:130)
	at org.springframework.test.context.TestContextManager.prepareTestInstance(TestContextManager.java:247)
	at org.springframework.test.context.junit.jupiter.SpringExtension.postProcessTestInstance(SpringExtension.java:163)
	at org.junit.jupiter.engine.descriptor.ClassBasedTestDescriptor.lambda$invokeTestInstancePostProcessors$10(ClassBasedTestDescriptor.java:378)
	at org.junit.jupiter.engine.descriptor.ClassBasedTestDescriptor.executeAndMaskThrowable(ClassBasedTestDescriptor.java:383)
	at org.junit.jupiter.engine.descriptor.ClassBasedTestDescriptor.lambda$invokeTestInstancePostProcessors$11(ClassBasedTestDescriptor.java:378)
	at java.base/java.util.stream.ReferencePipeline$3$1.accept(ReferencePipeline.java:197)
	at java.base/java.util.stream.ReferencePipeline$2$1.accept(ReferencePipeline.java:179)
	at java.base/java.util.ArrayList$ArrayListSpliterator.forEachRemaining(ArrayList.java:1708)
	at java.base/java.util.stream.AbstractPipeline.copyInto(AbstractPipeline.java:509)
	at java.base/java.util.stream.AbstractPipeline.wrapAndCopyInto(AbstractPipeline.java:499)
	at java.base/java.util.stream.StreamSpliterators$WrappingSpliterator.forEachRemaining(StreamSpliterators.java:310)
	at java.base/java.util.stream.Streams$ConcatSpliterator.forEachRemaining(Streams.java:735)
	at java.base/java.util.stream.Streams$ConcatSpliterator.forEachRemaining(Streams.java:734)
	at java.base/java.util.stream.ReferencePipeline$Head.forEach(ReferencePipeline.java:762)
	at org.junit.jupiter.engine.descriptor.ClassBasedTestDescriptor.invokeTestInstancePostProcessors(ClassBasedTestDescriptor.java:377)
	at org.junit.jupiter.engine.descriptor.ClassBasedTestDescriptor.lambda$instantiateAndPostProcessTestInstance$6(ClassBasedTestDescriptor.java:290)
	at org.junit.platform.engine.support.hierarchical.ThrowableCollector.execute(ThrowableCollector.java:73)
	at org.junit.jupiter.engine.descriptor.ClassBasedTestDescriptor.instantiateAndPostProcessTestInstance(ClassBasedTestDescriptor.java:289)
	at org.junit.jupiter.engine.descriptor.ClassBasedTestDescriptor.lambda$testInstancesProvider$4(ClassBasedTestDescriptor.java:279)
	at java.base/java.util.Optional.orElseGet(Optional.java:364)
	at org.junit.jupiter.engine.descriptor.ClassBasedTestDescriptor.lambda$testInstancesProvider$5(ClassBasedTestDescriptor.java:278)
	at org.junit.jupiter.engine.execution.TestInstancesProvider.getTestInstances(TestInstancesProvider.java:31)
	at org.junit.jupiter.engine.descriptor.TestMethodTestDescriptor.lambda$prepare$0(TestMethodTestDescriptor.java:106)
	at org.junit.platform.engine.support.hierarchical.ThrowableCollector.execute(ThrowableCollector.java:73)
	at org.junit.jupiter.engine.descriptor.TestMethodTestDescriptor.prepare(TestMethodTestDescriptor.java:105)
	at org.junit.jupiter.engine.descriptor.TestMethodTestDescriptor.prepare(TestMethodTestDescriptor.java:69)
	at org.junit.platform.engine.support.hierarchical.NodeTestTask.lambda$prepare$2(NodeTestTask.java:123)
	at org.junit.platform.engine.support.hierarchical.ThrowableCollector.execute(ThrowableCollector.java:73)
	at org.junit.platform.engine.support.hierarchical.NodeTestTask.prepare(NodeTestTask.java:123)
	at org.junit.platform.engine.support.hierarchical.NodeTestTask.execute(NodeTestTask.java:90)
	at java.base/java.util.ArrayList.forEach(ArrayList.java:1596)
	at org.junit.platform.engine.support.hierarchical.SameThreadHierarchicalTestExecutorService.invokeAll(SameThreadHierarchicalTestExecutorService.java:41)
	at org.junit.platform.engine.support.hierarchical.NodeTestTask.lambda$executeRecursively$6(NodeTestTask.java:155)
	at org.junit.platform.engine.support.hierarchical.ThrowableCollector.execute(ThrowableCollector.java:73)
	at org.junit.platform.engine.support.hierarchical.NodeTestTask.lambda$executeRecursively$8(NodeTestTask.java:141)
	at org.junit.platform.engine.support.hierarchical.Node.around(Node.java:137)
	at org.junit.platform.engine.support.hierarchical.NodeTestTask.lambda$executeRecursively$9(NodeTestTask.java:139)
	at org.junit.platform.engine.support.hierarchical.ThrowableCollector.execute(ThrowableCollector.java:73)
	at org.junit.platform.engine.support.hierarchical.NodeTestTask.executeRecursively(NodeTestTask.java:138)
	at org.junit.platform.engine.support.hierarchical.NodeTestTask.execute(NodeTestTask.java:95)
	at java.base/java.util.ArrayList.forEach(ArrayList.java:1596)
	at org.junit.platform.engine.support.hierarchical.SameThreadHierarchicalTestExecutorService.invokeAll(SameThreadHierarchicalTestExecutorService.java:41)
	at org.junit.platform.engine.support.hierarchical.NodeTestTask.lambda$executeRecursively$6(NodeTestTask.java:155)
	at org.junit.platform.engine.support.hierarchical.ThrowableCollector.execute(ThrowableCollector.java:73)
	at org.junit.platform.engine.support.hierarchical.NodeTestTask.lambda$executeRecursively$8(NodeTestTask.java:141)
	at org.junit.platform.engine.support.hierarchical.Node.around(Node.java:137)
	at org.junit.platform.engine.support.hierarchical.NodeTestTask.lambda$executeRecursively$9(NodeTestTask.java:139)
	at org.junit.platform.engine.support.hierarchical.ThrowableCollector.execute(ThrowableCollector.java:73)
	at org.junit.platform.engine.support.hierarchical.NodeTestTask.executeRecursively(NodeTestTask.java:138)
	at org.junit.platform.engine.support.hierarchical.NodeTestTask.execute(NodeTestTask.java:95)
	at org.junit.platform.engine.support.hierarchical.SameThreadHierarchicalTestExecutorService.submit(SameThreadHierarchicalTestExecutorService.java:35)
	at org.junit.platform.engine.support.hierarchical.HierarchicalTestExecutor.execute(HierarchicalTestExecutor.java:57)
	at org.junit.platform.engine.support.hierarchical.HierarchicalTestEngine.execute(HierarchicalTestEngine.java:54)
	at org.junit.platform.launcher.core.EngineExecutionOrchestrator.execute(EngineExecutionOrchestrator.java:198)
	at org.junit.platform.launcher.core.EngineExecutionOrchestrator.execute(EngineExecutionOrchestrator.java:169)
	at org.junit.platform.launcher.core.EngineExecutionOrchestrator.execute(EngineExecutionOrchestrator.java:93)
	at org.junit.platform.launcher.core.EngineExecutionOrchestrator.lambda$execute$0(EngineExecutionOrchestrator.java:58)
	at org.junit.platform.launcher.core.EngineExecutionOrchestrator.withInterceptedStreams(EngineExecutionOrchestrator.java:141)
	at org.junit.platform.launcher.core.EngineExecutionOrchestrator.execute(EngineExecutionOrchestrator.java:57)
	at org.junit.platform.launcher.core.DefaultLauncher.execute(DefaultLauncher.java:103)
	at org.junit.platform.launcher.core.DefaultLauncher.execute(DefaultLauncher.java:85)
	at org.junit.platform.launcher.core.DelegatingLauncher.execute(DelegatingLauncher.java:47)
	at org.apache.maven.surefire.junitplatform.LazyLauncher.execute(LazyLauncher.java:56)
	at org.apache.maven.surefire.junitplatform.JUnitPlatformProvider.execute(JUnitPlatformProvider.java:184)
	at org.apache.maven.surefire.junitplatform.JUnitPlatformProvider.invokeAllTests(JUnitPlatformProvider.java:148)
	at org.apache.maven.surefire.junitplatform.JUnitPlatformProvider.invoke(JUnitPlatformProvider.java:122)
	at org.apache.maven.surefire.booter.ForkedBooter.runSuitesInProcess(ForkedBooter.java:385)
	at org.apache.maven.surefire.booter.ForkedBooter.execute(ForkedBooter.java:162)
	at org.apache.maven.surefire.booter.ForkedBooter.run(ForkedBooter.java:507)
	at org.apache.maven.surefire.booter.ForkedBooter.main(ForkedBooter.java:495)
Caused by: org.springframework.beans.factory.UnsatisfiedDependencyException: Error creating bean with name 'notificationController' defined in file [C:\Users\koval\messenger-app\target\classes\com\messenger\controller\NotificationController.class]: Unsatisfied dependency expressed through constructor parameter 0: Error creating bean with name 'notificationService': Injection of autowired dependencies failed
	at org.springframework.beans.factory.support.ConstructorResolver.createArgumentArray(ConstructorResolver.java:802)
	at org.springframework.beans.factory.support.ConstructorResolver.autowireConstructor(ConstructorResolver.java:241)
	at org.springframework.beans.factory.support.AbstractAutowireCapableBeanFactory.autowireConstructor(AbstractAutowireCapableBeanFactory.java:1356)
	at org.springframework.beans.factory.support.AbstractAutowireCapableBeanFactory.createBeanInstance(AbstractAutowireCapableBeanFactory.java:1193)
	at org.springframework.beans.factory.support.AbstractAutowireCapableBeanFactory.doCreateBean(AbstractAutowireCapableBeanFactory.java:563)
	at org.springframework.beans.factory.support.AbstractAutowireCapableBeanFactory.createBean(AbstractAutowireCapableBeanFactory.java:523)
	at org.springframework.beans.factory.support.AbstractBeanFactory.lambda$doGetBean$0(AbstractBeanFactory.java:325)
	at org.springframework.beans.factory.support.DefaultSingletonBeanRegistry.getSingleton(DefaultSingletonBeanRegistry.java:234)
	at org.springframework.beans.factory.support.AbstractBeanFactory.doGetBean(AbstractBeanFactory.java:323)
	at org.springframework.beans.factory.support.AbstractBeanFactory.getBean(AbstractBeanFactory.java:199)
	at org.springframework.beans.factory.support.DefaultListableBeanFactory.preInstantiateSingletons(DefaultListableBeanFactory.java:973)
	at org.springframework.context.support.AbstractApplicationContext.finishBeanFactoryInitialization(AbstractApplicationContext.java:946)
	at org.springframework.context.support.AbstractApplicationContext.refresh(AbstractApplicationContext.java:616)
	at org.springframework.boot.SpringApplication.refresh(SpringApplication.java:753)
	at org.springframework.boot.SpringApplication.refreshContext(SpringApplication.java:455)
	at org.springframework.boot.SpringApplication.run(SpringApplication.java:323)
	at org.springframework.boot.test.context.SpringBootContextLoader.lambda$loadContext$3(SpringBootContextLoader.java:137)
	at org.springframework.util.function.ThrowingSupplier.get(ThrowingSupplier.java:58)
	at org.springframework.util.function.ThrowingSupplier.get(ThrowingSupplier.java:46)
	at org.springframework.boot.SpringApplication.withHook(SpringApplication.java:1442)
	at org.springframework.boot.test.context.SpringBootContextLoader$ContextLoaderHook.run(SpringBootContextLoader.java:552)
	at org.springframework.boot.test.context.SpringBootContextLoader.loadContext(SpringBootContextLoader.java:137)
	at org.springframework.boot.test.context.SpringBootContextLoader.loadContext(SpringBootContextLoader.java:108)
	at org.springframework.test.context.cache.DefaultCacheAwareContextLoaderDelegate.loadContextInternal(DefaultCacheAwareContextLoaderDelegate.java:225)
	at org.springframework.test.context.cache.DefaultCacheAwareContextLoaderDelegate.loadContext(DefaultCacheAwareContextLoaderDelegate.java:152)
	... 73 common frames omitted
Caused by: org.springframework.beans.factory.BeanCreationException: Error creating bean with name 'notificationService': Injection of autowired dependencies failed
	at org.springframework.beans.factory.annotation.AutowiredAnnotationBeanPostProcessor.postProcessProperties(AutowiredAnnotationBeanPostProcessor.java:499)
	at org.springframework.beans.factory.support.AbstractAutowireCapableBeanFactory.populateBean(AbstractAutowireCapableBeanFactory.java:1420)
	at org.springframework.beans.factory.support.AbstractAutowireCapableBeanFactory.doCreateBean(AbstractAutowireCapableBeanFactory.java:600)
	at org.springframework.beans.factory.support.AbstractAutowireCapableBeanFactory.createBean(AbstractAutowireCapableBeanFactory.java:523)
	at org.springframework.beans.factory.support.AbstractBeanFactory.lambda$doGetBean$0(AbstractBeanFactory.java:325)
	at org.springframework.beans.factory.support.DefaultSingletonBeanRegistry.getSingleton(DefaultSingletonBeanRegistry.java:234)
	at org.springframework.beans.factory.support.AbstractBeanFactory.doGetBean(AbstractBeanFactory.java:323)
	at org.springframework.beans.factory.support.AbstractBeanFactory.getBean(AbstractBeanFactory.java:199)
	at org.springframework.beans.factory.config.DependencyDescriptor.resolveCandidate(DependencyDescriptor.java:254)
	at org.springframework.beans.factory.support.DefaultListableBeanFactory.doResolveDependency(DefaultListableBeanFactory.java:1441)
	at org.springframework.beans.factory.support.DefaultListableBeanFactory.resolveDependency(DefaultListableBeanFactory.java:1348)
	at org.springframework.beans.factory.support.ConstructorResolver.resolveAutowiredArgument(ConstructorResolver.java:911)
	at org.springframework.beans.factory.support.ConstructorResolver.createArgumentArray(ConstructorResolver.java:789)
	... 97 common frames omitted
Caused by: java.lang.IllegalArgumentException: Could not resolve placeholder 'VAPID_PUBLIC_KEY' in value "${VAPID_PUBLIC_KEY}"
	at org.springframework.util.PropertyPlaceholderHelper.parseStringValue(PropertyPlaceholderHelper.java:180)
	at org.springframework.util.PropertyPlaceholderHelper.replacePlaceholders(PropertyPlaceholderHelper.java:126)
	at org.springframework.core.env.AbstractPropertyResolver.doResolvePlaceholders(AbstractPropertyResolver.java:239)
	at org.springframework.core.env.AbstractPropertyResolver.resolveRequiredPlaceholders(AbstractPropertyResolver.java:210)
	at org.springframework.core.env.AbstractPropertyResolver.resolveNestedPlaceholders(AbstractPropertyResolver.java:230)
	at org.springframework.boot.context.properties.source.ConfigurationPropertySourcesPropertyResolver.getProperty(ConfigurationPropertySourcesPropertyResolver.java:79)
	at org.springframework.boot.context.properties.source.ConfigurationPropertySourcesPropertyResolver.getProperty(ConfigurationPropertySourcesPropertyResolver.java:60)
	at org.springframework.core.env.AbstractEnvironment.getProperty(AbstractEnvironment.java:552)
	at org.springframework.context.support.PropertySourcesPlaceholderConfigurer$1.getProperty(PropertySourcesPlaceholderConfigurer.java:153)
	at org.springframework.context.support.PropertySourcesPlaceholderConfigurer$1.getProperty(PropertySourcesPlaceholderConfigurer.java:149)
	at org.springframework.core.env.PropertySourcesPropertyResolver.getProperty(PropertySourcesPropertyResolver.java:85)
	at org.springframework.core.env.PropertySourcesPropertyResolver.getPropertyAsRawString(PropertySourcesPropertyResolver.java:74)
	at org.springframework.util.PropertyPlaceholderHelper.parseStringValue(PropertyPlaceholderHelper.java:153)
	at org.springframework.util.PropertyPlaceholderHelper.replacePlaceholders(PropertyPlaceholderHelper.java:126)
	at org.springframework.core.env.AbstractPropertyResolver.doResolvePlaceholders(AbstractPropertyResolver.java:239)
	at org.springframework.core.env.AbstractPropertyResolver.resolveRequiredPlaceholders(AbstractPropertyResolver.java:210)
	at org.springframework.context.support.PropertySourcesPlaceholderConfigurer.lambda$processProperties$0(PropertySourcesPlaceholderConfigurer.java:200)
	at org.springframework.beans.factory.support.AbstractBeanFactory.resolveEmbeddedValue(AbstractBeanFactory.java:921)
	at org.springframework.beans.factory.support.DefaultListableBeanFactory.doResolveDependency(DefaultListableBeanFactory.java:1372)
	at org.springframework.beans.factory.support.DefaultListableBeanFactory.resolveDependency(DefaultListableBeanFactory.java:1348)
	at org.springframework.beans.factory.annotation.AutowiredAnnotationBeanPostProcessor$AutowiredFieldElement.resolveFieldValue(AutowiredAnnotationBeanPostProcessor.java:769)
	at org.springframework.beans.factory.annotation.AutowiredAnnotationBeanPostProcessor$AutowiredFieldElement.inject(AutowiredAnnotationBeanPostProcessor.java:752)
	at org.springframework.beans.factory.annotation.InjectionMetadata.inject(InjectionMetadata.java:145)
	at org.springframework.beans.factory.annotation.AutowiredAnnotationBeanPostProcessor.postProcessProperties(AutowiredAnnotationBeanPostProcessor.java:493)
	... 109 common frames omitted
2026-03-18 22:59:54.229 [main] ERROR [] [] o.s.test.context.TestContextManager - Caught exception while allowing TestExecutionListener [org.springframework.test.context.web.ServletTestExecutionListener] to prepare test instance [com.messenger.config.SecurityConfigTest@30de3a4e]
java.lang.IllegalStateException: ApplicationContext failure threshold (1) exceeded: skipping repeated attempt to load context for [WebMergedContextConfiguration@7e4b8d05 testClass = com.messenger.config.SecurityConfigTest, locations = [], classes = [com.messenger.SecureMessengerApplication], contextInitializerClasses = [], activeProfiles = ["test"], propertySourceDescriptors = [], propertySourceProperties = ["org.springframework.boot.test.context.SpringBootTestContextBootstrapper=true"], contextCustomizers = [[ImportsContextCustomizer@4b68392c key = [org.springframework.boot.test.autoconfigure.web.servlet.MockMvcWebDriverAutoConfiguration, org.springframework.boot.test.autoconfigure.web.servlet.MockMvcAutoConfiguration, org.springframework.boot.autoconfigure.security.oauth2.client.servlet.OAuth2ClientAutoConfiguration, org.springframework.boot.autoconfigure.security.servlet.SecurityAutoConfiguration, org.springframework.boot.autoconfigure.security.servlet.SecurityFilterAutoConfiguration, org.springframework.boot.autoconfigure.security.servlet.UserDetailsServiceAutoConfiguration, org.springframework.boot.autoconfigure.security.oauth2.resource.servlet.OAuth2ResourceServerAutoConfiguration, org.springframework.boot.test.autoconfigure.web.servlet.MockMvcSecurityConfiguration, org.springframework.boot.test.autoconfigure.web.servlet.MockMvcWebClientAutoConfiguration, org.springframework.boot.test.autoconfigure.web.reactive.WebTestClientAutoConfiguration]], org.springframework.boot.test.context.filter.ExcludeFilterContextCustomizer@42bc14c1, org.springframework.boot.test.json.DuplicateJsonObjectContextCustomizerFactory$DuplicateJsonObjectContextCustomizer@6f3c660a, org.springframework.boot.test.mock.mockito.MockitoContextCustomizer@0, org.springframework.boot.test.web.client.TestRestTemplateContextCustomizer@294a6b8e, org.springframework.boot.test.web.reactive.server.WebTestClientContextCustomizer@16414e40, org.springframework.boot.test.autoconfigure.actuate.observability.ObservabilityContextCustomizerFactory$DisableObservabilityContextCustomizer@1f, org.springframework.boot.test.autoconfigure.properties.PropertyMappingContextCustomizer@4b3fa0b3, org.springframework.boot.test.autoconfigure.web.servlet.WebDriverContextCustomizer@4982cc36, org.springframework.boot.test.context.SpringBootTestAnnotation@4a772aba], resourceBasePath = "src/main/webapp", contextLoader = org.springframework.boot.test.context.SpringBootContextLoader, parent = null]
	at org.springframework.test.context.cache.DefaultCacheAwareContextLoaderDelegate.loadContext(DefaultCacheAwareContextLoaderDelegate.java:145)
	at org.springframework.test.context.support.DefaultTestContext.getApplicationContext(DefaultTestContext.java:130)
	at org.springframework.test.context.web.ServletTestExecutionListener.setUpRequestContextIfNecessary(ServletTestExecutionListener.java:191)
	at org.springframework.test.context.web.ServletTestExecutionListener.prepareTestInstance(ServletTestExecutionListener.java:130)
	at org.springframework.test.context.TestContextManager.prepareTestInstance(TestContextManager.java:247)
	at org.springframework.test.context.junit.jupiter.SpringExtension.postProcessTestInstance(SpringExtension.java:163)
	at org.junit.jupiter.engine.descriptor.ClassBasedTestDescriptor.lambda$invokeTestInstancePostProcessors$10(ClassBasedTestDescriptor.java:378)
	at org.junit.jupiter.engine.descriptor.ClassBasedTestDescriptor.executeAndMaskThrowable(ClassBasedTestDescriptor.java:383)
	at org.junit.jupiter.engine.descriptor.ClassBasedTestDescriptor.lambda$invokeTestInstancePostProcessors$11(ClassBasedTestDescriptor.java:378)
	at java.base/java.util.stream.ReferencePipeline$3$1.accept(ReferencePipeline.java:197)
	at java.base/java.util.stream.ReferencePipeline$2$1.accept(ReferencePipeline.java:179)
	at java.base/java.util.ArrayList$ArrayListSpliterator.forEachRemaining(ArrayList.java:1708)
	at java.base/java.util.stream.AbstractPipeline.copyInto(AbstractPipeline.java:509)
	at java.base/java.util.stream.AbstractPipeline.wrapAndCopyInto(AbstractPipeline.java:499)
	at java.base/java.util.stream.StreamSpliterators$WrappingSpliterator.forEachRemaining(StreamSpliterators.java:310)
	at java.base/java.util.stream.Streams$ConcatSpliterator.forEachRemaining(Streams.java:735)
	at java.base/java.util.stream.Streams$ConcatSpliterator.forEachRemaining(Streams.java:734)
	at java.base/java.util.stream.ReferencePipeline$Head.forEach(ReferencePipeline.java:762)
	at org.junit.jupiter.engine.descriptor.ClassBasedTestDescriptor.invokeTestInstancePostProcessors(ClassBasedTestDescriptor.java:377)
	at org.junit.jupiter.engine.descriptor.ClassBasedTestDescriptor.lambda$instantiateAndPostProcessTestInstance$6(ClassBasedTestDescriptor.java:290)
	at org.junit.platform.engine.support.hierarchical.ThrowableCollector.execute(ThrowableCollector.java:73)
	at org.junit.jupiter.engine.descriptor.ClassBasedTestDescriptor.instantiateAndPostProcessTestInstance(ClassBasedTestDescriptor.java:289)
	at org.junit.jupiter.engine.descriptor.ClassBasedTestDescriptor.lambda$testInstancesProvider$4(ClassBasedTestDescriptor.java:279)
	at java.base/java.util.Optional.orElseGet(Optional.java:364)
	at org.junit.jupiter.engine.descriptor.ClassBasedTestDescriptor.lambda$testInstancesProvider$5(ClassBasedTestDescriptor.java:278)
	at org.junit.jupiter.engine.execution.TestInstancesProvider.getTestInstances(TestInstancesProvider.java:31)
	at org.junit.jupiter.engine.descriptor.TestMethodTestDescriptor.lambda$prepare$0(TestMethodTestDescriptor.java:106)
	at org.junit.platform.engine.support.hierarchical.ThrowableCollector.execute(ThrowableCollector.java:73)
	at org.junit.jupiter.engine.descriptor.TestMethodTestDescriptor.prepare(TestMethodTestDescriptor.java:105)
	at org.junit.jupiter.engine.descriptor.TestMethodTestDescriptor.prepare(TestMethodTestDescriptor.java:69)
	at org.junit.platform.engine.support.hierarchical.NodeTestTask.lambda$prepare$2(NodeTestTask.java:123)
	at org.junit.platform.engine.support.hierarchical.ThrowableCollector.execute(ThrowableCollector.java:73)
	at org.junit.platform.engine.support.hierarchical.NodeTestTask.prepare(NodeTestTask.java:123)
	at org.junit.platform.engine.support.hierarchical.NodeTestTask.execute(NodeTestTask.java:90)
	at java.base/java.util.ArrayList.forEach(ArrayList.java:1596)
	at org.junit.platform.engine.support.hierarchical.SameThreadHierarchicalTestExecutorService.invokeAll(SameThreadHierarchicalTestExecutorService.java:41)
	at org.junit.platform.engine.support.hierarchical.NodeTestTask.lambda$executeRecursively$6(NodeTestTask.java:155)
	at org.junit.platform.engine.support.hierarchical.ThrowableCollector.execute(ThrowableCollector.java:73)
	at org.junit.platform.engine.support.hierarchical.NodeTestTask.lambda$executeRecursively$8(NodeTestTask.java:141)
	at org.junit.platform.engine.support.hierarchical.Node.around(Node.java:137)
	at org.junit.platform.engine.support.hierarchical.NodeTestTask.lambda$executeRecursively$9(NodeTestTask.java:139)
	at org.junit.platform.engine.support.hierarchical.ThrowableCollector.execute(ThrowableCollector.java:73)
	at org.junit.platform.engine.support.hierarchical.NodeTestTask.executeRecursively(NodeTestTask.java:138)
	at org.junit.platform.engine.support.hierarchical.NodeTestTask.execute(NodeTestTask.java:95)
	at java.base/java.util.ArrayList.forEach(ArrayList.java:1596)
	at org.junit.platform.engine.support.hierarchical.SameThreadHierarchicalTestExecutorService.invokeAll(SameThreadHierarchicalTestExecutorService.java:41)
	at org.junit.platform.engine.support.hierarchical.NodeTestTask.lambda$executeRecursively$6(NodeTestTask.java:155)
	at org.junit.platform.engine.support.hierarchical.ThrowableCollector.execute(ThrowableCollector.java:73)
	at org.junit.platform.engine.support.hierarchical.NodeTestTask.lambda$executeRecursively$8(NodeTestTask.java:141)
	at org.junit.platform.engine.support.hierarchical.Node.around(Node.java:137)
	at org.junit.platform.engine.support.hierarchical.NodeTestTask.lambda$executeRecursively$9(NodeTestTask.java:139)
	at org.junit.platform.engine.support.hierarchical.ThrowableCollector.execute(ThrowableCollector.java:73)
	at org.junit.platform.engine.support.hierarchical.NodeTestTask.executeRecursively(NodeTestTask.java:138)
	at org.junit.platform.engine.support.hierarchical.NodeTestTask.execute(NodeTestTask.java:95)
	at org.junit.platform.engine.support.hierarchical.SameThreadHierarchicalTestExecutorService.submit(SameThreadHierarchicalTestExecutorService.java:35)
	at org.junit.platform.engine.support.hierarchical.HierarchicalTestExecutor.execute(HierarchicalTestExecutor.java:57)
	at org.junit.platform.engine.support.hierarchical.HierarchicalTestEngine.execute(HierarchicalTestEngine.java:54)
	at org.junit.platform.launcher.core.EngineExecutionOrchestrator.execute(EngineExecutionOrchestrator.java:198)
	at org.junit.platform.launcher.core.EngineExecutionOrchestrator.execute(EngineExecutionOrchestrator.java:169)
	at org.junit.platform.launcher.core.EngineExecutionOrchestrator.execute(EngineExecutionOrchestrator.java:93)
	at org.junit.platform.launcher.core.EngineExecutionOrchestrator.lambda$execute$0(EngineExecutionOrchestrator.java:58)
	at org.junit.platform.launcher.core.EngineExecutionOrchestrator.withInterceptedStreams(EngineExecutionOrchestrator.java:141)
	at org.junit.platform.launcher.core.EngineExecutionOrchestrator.execute(EngineExecutionOrchestrator.java:57)
	at org.junit.platform.launcher.core.DefaultLauncher.execute(DefaultLauncher.java:103)
	at org.junit.platform.launcher.core.DefaultLauncher.execute(DefaultLauncher.java:85)
	at org.junit.platform.launcher.core.DelegatingLauncher.execute(DelegatingLauncher.java:47)
	at org.apache.maven.surefire.junitplatform.LazyLauncher.execute(LazyLauncher.java:56)
	at org.apache.maven.surefire.junitplatform.JUnitPlatformProvider.execute(JUnitPlatformProvider.java:184)
	at org.apache.maven.surefire.junitplatform.JUnitPlatformProvider.invokeAllTests(JUnitPlatformProvider.java:148)
	at org.apache.maven.surefire.junitplatform.JUnitPlatformProvider.invoke(JUnitPlatformProvider.java:122)
	at org.apache.maven.surefire.booter.ForkedBooter.runSuitesInProcess(ForkedBooter.java:385)
	at org.apache.maven.surefire.booter.ForkedBooter.execute(ForkedBooter.java:162)
	at org.apache.maven.surefire.booter.ForkedBooter.run(ForkedBooter.java:507)
	at org.apache.maven.surefire.booter.ForkedBooter.main(ForkedBooter.java:495)
2026-03-18 22:59:54.231 [main] ERROR [] [] o.s.test.context.TestContextManager - Caught exception while allowing TestExecutionListener [org.springframework.test.context.web.ServletTestExecutionListener] to prepare test instance [com.messenger.config.SecurityConfigTest@34ae2cf3]
java.lang.IllegalStateException: ApplicationContext failure threshold (1) exceeded: skipping repeated attempt to load context for [WebMergedContextConfiguration@7e4b8d05 testClass = com.messenger.config.SecurityConfigTest, locations = [], classes = [com.messenger.SecureMessengerApplication], contextInitializerClasses = [], activeProfiles = ["test"], propertySourceDescriptors = [], propertySourceProperties = ["org.springframework.boot.test.context.SpringBootTestContextBootstrapper=true"], contextCustomizers = [[ImportsContextCustomizer@4b68392c key = [org.springframework.boot.test.autoconfigure.web.servlet.MockMvcWebDriverAutoConfiguration, org.springframework.boot.test.autoconfigure.web.servlet.MockMvcAutoConfiguration, org.springframework.boot.autoconfigure.security.oauth2.client.servlet.OAuth2ClientAutoConfiguration, org.springframework.boot.autoconfigure.security.servlet.SecurityAutoConfiguration, org.springframework.boot.autoconfigure.security.servlet.SecurityFilterAutoConfiguration, org.springframework.boot.autoconfigure.security.servlet.UserDetailsServiceAutoConfiguration, org.springframework.boot.autoconfigure.security.oauth2.resource.servlet.OAuth2ResourceServerAutoConfiguration, org.springframework.boot.test.autoconfigure.web.servlet.MockMvcSecurityConfiguration, org.springframework.boot.test.autoconfigure.web.servlet.MockMvcWebClientAutoConfiguration, org.springframework.boot.test.autoconfigure.web.reactive.WebTestClientAutoConfiguration]], org.springframework.boot.test.context.filter.ExcludeFilterContextCustomizer@42bc14c1, org.springframework.boot.test.json.DuplicateJsonObjectContextCustomizerFactory$DuplicateJsonObjectContextCustomizer@6f3c660a, org.springframework.boot.test.mock.mockito.MockitoContextCustomizer@0, org.springframework.boot.test.web.client.TestRestTemplateContextCustomizer@294a6b8e, org.springframework.boot.test.web.reactive.server.WebTestClientContextCustomizer@16414e40, org.springframework.boot.test.autoconfigure.actuate.observability.ObservabilityContextCustomizerFactory$DisableObservabilityContextCustomizer@1f, org.springframework.boot.test.autoconfigure.properties.PropertyMappingContextCustomizer@4b3fa0b3, org.springframework.boot.test.autoconfigure.web.servlet.WebDriverContextCustomizer@4982cc36, org.springframework.boot.test.context.SpringBootTestAnnotation@4a772aba], resourceBasePath = "src/main/webapp", contextLoader = org.springframework.boot.test.context.SpringBootContextLoader, parent = null]
	at org.springframework.test.context.cache.DefaultCacheAwareContextLoaderDelegate.loadContext(DefaultCacheAwareContextLoaderDelegate.java:145)
	at org.springframework.test.context.support.DefaultTestContext.getApplicationContext(DefaultTestContext.java:130)
	at org.springframework.test.context.web.ServletTestExecutionListener.setUpRequestContextIfNecessary(ServletTestExecutionListener.java:191)
	at org.springframework.test.context.web.ServletTestExecutionListener.prepareTestInstance(ServletTestExecutionListener.java:130)
	at org.springframework.test.context.TestContextManager.prepareTestInstance(TestContextManager.java:247)
	at org.springframework.test.context.junit.jupiter.SpringExtension.postProcessTestInstance(SpringExtension.java:163)
	at org.junit.jupiter.engine.descriptor.ClassBasedTestDescriptor.lambda$invokeTestInstancePostProcessors$10(ClassBasedTestDescriptor.java:378)
	at org.junit.jupiter.engine.descriptor.ClassBasedTestDescriptor.executeAndMaskThrowable(ClassBasedTestDescriptor.java:383)
	at org.junit.jupiter.engine.descriptor.ClassBasedTestDescriptor.lambda$invokeTestInstancePostProcessors$11(ClassBasedTestDescriptor.java:378)
	at java.base/java.util.stream.ReferencePipeline$3$1.accept(ReferencePipeline.java:197)
	at java.base/java.util.stream.ReferencePipeline$2$1.accept(ReferencePipeline.java:179)
	at java.base/java.util.ArrayList$ArrayListSpliterator.forEachRemaining(ArrayList.java:1708)
	at java.base/java.util.stream.AbstractPipeline.copyInto(AbstractPipeline.java:509)
	at java.base/java.util.stream.AbstractPipeline.wrapAndCopyInto(AbstractPipeline.java:499)
	at java.base/java.util.stream.StreamSpliterators$WrappingSpliterator.forEachRemaining(StreamSpliterators.java:310)
	at java.base/java.util.stream.Streams$ConcatSpliterator.forEachRemaining(Streams.java:735)
	at java.base/java.util.stream.Streams$ConcatSpliterator.forEachRemaining(Streams.java:734)
	at java.base/java.util.stream.ReferencePipeline$Head.forEach(ReferencePipeline.java:762)
	at org.junit.jupiter.engine.descriptor.ClassBasedTestDescriptor.invokeTestInstancePostProcessors(ClassBasedTestDescriptor.java:377)
	at org.junit.jupiter.engine.descriptor.ClassBasedTestDescriptor.lambda$instantiateAndPostProcessTestInstance$6(ClassBasedTestDescriptor.java:290)
	at org.junit.platform.engine.support.hierarchical.ThrowableCollector.execute(ThrowableCollector.java:73)
	at org.junit.jupiter.engine.descriptor.ClassBasedTestDescriptor.instantiateAndPostProcessTestInstance(ClassBasedTestDescriptor.java:289)
	at org.junit.jupiter.engine.descriptor.ClassBasedTestDescriptor.lambda$testInstancesProvider$4(ClassBasedTestDescriptor.java:279)
	at java.base/java.util.Optional.orElseGet(Optional.java:364)
	at org.junit.jupiter.engine.descriptor.ClassBasedTestDescriptor.lambda$testInstancesProvider$5(ClassBasedTestDescriptor.java:278)
	at org.junit.jupiter.engine.execution.TestInstancesProvider.getTestInstances(TestInstancesProvider.java:31)
	at org.junit.jupiter.engine.descriptor.TestMethodTestDescriptor.lambda$prepare$0(TestMethodTestDescriptor.java:106)
	at org.junit.platform.engine.support.hierarchical.ThrowableCollector.execute(ThrowableCollector.java:73)
	at org.junit.jupiter.engine.descriptor.TestMethodTestDescriptor.prepare(TestMethodTestDescriptor.java:105)
	at org.junit.jupiter.engine.descriptor.TestMethodTestDescriptor.prepare(TestMethodTestDescriptor.java:69)
	at org.junit.platform.engine.support.hierarchical.NodeTestTask.lambda$prepare$2(NodeTestTask.java:123)
	at org.junit.platform.engine.support.hierarchical.ThrowableCollector.execute(ThrowableCollector.java:73)
	at org.junit.platform.engine.support.hierarchical.NodeTestTask.prepare(NodeTestTask.java:123)
	at org.junit.platform.engine.support.hierarchical.NodeTestTask.execute(NodeTestTask.java:90)
	at java.base/java.util.ArrayList.forEach(ArrayList.java:1596)
	at org.junit.platform.engine.support.hierarchical.SameThreadHierarchicalTestExecutorService.invokeAll(SameThreadHierarchicalTestExecutorService.java:41)
	at org.junit.platform.engine.support.hierarchical.NodeTestTask.lambda$executeRecursively$6(NodeTestTask.java:155)
	at org.junit.platform.engine.support.hierarchical.ThrowableCollector.execute(ThrowableCollector.java:73)
	at org.junit.platform.engine.support.hierarchical.NodeTestTask.lambda$executeRecursively$8(NodeTestTask.java:141)
	at org.junit.platform.engine.support.hierarchical.Node.around(Node.java:137)
	at org.junit.platform.engine.support.hierarchical.NodeTestTask.lambda$executeRecursively$9(NodeTestTask.java:139)
	at org.junit.platform.engine.support.hierarchical.ThrowableCollector.execute(ThrowableCollector.java:73)
	at org.junit.platform.engine.support.hierarchical.NodeTestTask.executeRecursively(NodeTestTask.java:138)
	at org.junit.platform.engine.support.hierarchical.NodeTestTask.execute(NodeTestTask.java:95)
	at java.base/java.util.ArrayList.forEach(ArrayList.java:1596)
	at org.junit.platform.engine.support.hierarchical.SameThreadHierarchicalTestExecutorService.invokeAll(SameThreadHierarchicalTestExecutorService.java:41)
	at org.junit.platform.engine.support.hierarchical.NodeTestTask.lambda$executeRecursively$6(NodeTestTask.java:155)
	at org.junit.platform.engine.support.hierarchical.ThrowableCollector.execute(ThrowableCollector.java:73)
	at org.junit.platform.engine.support.hierarchical.NodeTestTask.lambda$executeRecursively$8(NodeTestTask.java:141)
	at org.junit.platform.engine.support.hierarchical.Node.around(Node.java:137)
	at org.junit.platform.engine.support.hierarchical.NodeTestTask.lambda$executeRecursively$9(NodeTestTask.java:139)
	at org.junit.platform.engine.support.hierarchical.ThrowableCollector.execute(ThrowableCollector.java:73)
	at org.junit.platform.engine.support.hierarchical.NodeTestTask.executeRecursively(NodeTestTask.java:138)
	at org.junit.platform.engine.support.hierarchical.NodeTestTask.execute(NodeTestTask.java:95)
	at org.junit.platform.engine.support.hierarchical.SameThreadHierarchicalTestExecutorService.submit(SameThreadHierarchicalTestExecutorService.java:35)
	at org.junit.platform.engine.support.hierarchical.HierarchicalTestExecutor.execute(HierarchicalTestExecutor.java:57)
	at org.junit.platform.engine.support.hierarchical.HierarchicalTestEngine.execute(HierarchicalTestEngine.java:54)
	at org.junit.platform.launcher.core.EngineExecutionOrchestrator.execute(EngineExecutionOrchestrator.java:198)
	at org.junit.platform.launcher.core.EngineExecutionOrchestrator.execute(EngineExecutionOrchestrator.java:169)
	at org.junit.platform.launcher.core.EngineExecutionOrchestrator.execute(EngineExecutionOrchestrator.java:93)
	at org.junit.platform.launcher.core.EngineExecutionOrchestrator.lambda$execute$0(EngineExecutionOrchestrator.java:58)
	at org.junit.platform.launcher.core.EngineExecutionOrchestrator.withInterceptedStreams(EngineExecutionOrchestrator.java:141)
	at org.junit.platform.launcher.core.EngineExecutionOrchestrator.execute(EngineExecutionOrchestrator.java:57)
	at org.junit.platform.launcher.core.DefaultLauncher.execute(DefaultLauncher.java:103)
	at org.junit.platform.launcher.core.DefaultLauncher.execute(DefaultLauncher.java:85)
	at org.junit.platform.launcher.core.DelegatingLauncher.execute(DelegatingLauncher.java:47)
	at org.apache.maven.surefire.junitplatform.LazyLauncher.execute(LazyLauncher.java:56)
	at org.apache.maven.surefire.junitplatform.JUnitPlatformProvider.execute(JUnitPlatformProvider.java:184)
	at org.apache.maven.surefire.junitplatform.JUnitPlatformProvider.invokeAllTests(JUnitPlatformProvider.java:148)
	at org.apache.maven.surefire.junitplatform.JUnitPlatformProvider.invoke(JUnitPlatformProvider.java:122)
	at org.apache.maven.surefire.booter.ForkedBooter.runSuitesInProcess(ForkedBooter.java:385)
	at org.apache.maven.surefire.booter.ForkedBooter.execute(ForkedBooter.java:162)
	at org.apache.maven.surefire.booter.ForkedBooter.run(ForkedBooter.java:507)
	at org.apache.maven.surefire.booter.ForkedBooter.main(ForkedBooter.java:495)
2026-03-18 22:59:54.233 [main] ERROR [] [] o.s.test.context.TestContextManager - Caught exception while allowing TestExecutionListener [org.springframework.test.context.web.ServletTestExecutionListener] to prepare test instance [com.messenger.config.SecurityConfigTest@6438a9e5]
java.lang.IllegalStateException: ApplicationContext failure threshold (1) exceeded: skipping repeated attempt to load context for [WebMergedContextConfiguration@7e4b8d05 testClass = com.messenger.config.SecurityConfigTest, locations = [], classes = [com.messenger.SecureMessengerApplication], contextInitializerClasses = [], activeProfiles = ["test"], propertySourceDescriptors = [], propertySourceProperties = ["org.springframework.boot.test.context.SpringBootTestContextBootstrapper=true"], contextCustomizers = [[ImportsContextCustomizer@4b68392c key = [org.springframework.boot.test.autoconfigure.web.servlet.MockMvcWebDriverAutoConfiguration, org.springframework.boot.test.autoconfigure.web.servlet.MockMvcAutoConfiguration, org.springframework.boot.autoconfigure.security.oauth2.client.servlet.OAuth2ClientAutoConfiguration, org.springframework.boot.autoconfigure.security.servlet.SecurityAutoConfiguration, org.springframework.boot.autoconfigure.security.servlet.SecurityFilterAutoConfiguration, org.springframework.boot.autoconfigure.security.servlet.UserDetailsServiceAutoConfiguration, org.springframework.boot.autoconfigure.security.oauth2.resource.servlet.OAuth2ResourceServerAutoConfiguration, org.springframework.boot.test.autoconfigure.web.servlet.MockMvcSecurityConfiguration, org.springframework.boot.test.autoconfigure.web.servlet.MockMvcWebClientAutoConfiguration, org.springframework.boot.test.autoconfigure.web.reactive.WebTestClientAutoConfiguration]], org.springframework.boot.test.context.filter.ExcludeFilterContextCustomizer@42bc14c1, org.springframework.boot.test.json.DuplicateJsonObjectContextCustomizerFactory$DuplicateJsonObjectContextCustomizer@6f3c660a, org.springframework.boot.test.mock.mockito.MockitoContextCustomizer@0, org.springframework.boot.test.web.client.TestRestTemplateContextCustomizer@294a6b8e, org.springframework.boot.test.web.reactive.server.WebTestClientContextCustomizer@16414e40, org.springframework.boot.test.autoconfigure.actuate.observability.ObservabilityContextCustomizerFactory$DisableObservabilityContextCustomizer@1f, org.springframework.boot.test.autoconfigure.properties.PropertyMappingContextCustomizer@4b3fa0b3, org.springframework.boot.test.autoconfigure.web.servlet.WebDriverContextCustomizer@4982cc36, org.springframework.boot.test.context.SpringBootTestAnnotation@4a772aba], resourceBasePath = "src/main/webapp", contextLoader = org.springframework.boot.test.context.SpringBootContextLoader, parent = null]
	at org.springframework.test.context.cache.DefaultCacheAwareContextLoaderDelegate.loadContext(DefaultCacheAwareContextLoaderDelegate.java:145)
	at org.springframework.test.context.support.DefaultTestContext.getApplicationContext(DefaultTestContext.java:130)
	at org.springframework.test.context.web.ServletTestExecutionListener.setUpRequestContextIfNecessary(ServletTestExecutionListener.java:191)
	at org.springframework.test.context.web.ServletTestExecutionListener.prepareTestInstance(ServletTestExecutionListener.java:130)
	at org.springframework.test.context.TestContextManager.prepareTestInstance(TestContextManager.java:247)
	at org.springframework.test.context.junit.jupiter.SpringExtension.postProcessTestInstance(SpringExtension.java:163)
	at org.junit.jupiter.engine.descriptor.ClassBasedTestDescriptor.lambda$invokeTestInstancePostProcessors$10(ClassBasedTestDescriptor.java:378)
	at org.junit.jupiter.engine.descriptor.ClassBasedTestDescriptor.executeAndMaskThrowable(ClassBasedTestDescriptor.java:383)
	at org.junit.jupiter.engine.descriptor.ClassBasedTestDescriptor.lambda$invokeTestInstancePostProcessors$11(ClassBasedTestDescriptor.java:378)
	at java.base/java.util.stream.ReferencePipeline$3$1.accept(ReferencePipeline.java:197)
	at java.base/java.util.stream.ReferencePipeline$2$1.accept(ReferencePipeline.java:179)
	at java.base/java.util.ArrayList$ArrayListSpliterator.forEachRemaining(ArrayList.java:1708)
	at java.base/java.util.stream.AbstractPipeline.copyInto(AbstractPipeline.java:509)
	at java.base/java.util.stream.AbstractPipeline.wrapAndCopyInto(AbstractPipeline.java:499)
	at java.base/java.util.stream.StreamSpliterators$WrappingSpliterator.forEachRemaining(StreamSpliterators.java:310)
	at java.base/java.util.stream.Streams$ConcatSpliterator.forEachRemaining(Streams.java:735)
	at java.base/java.util.stream.Streams$ConcatSpliterator.forEachRemaining(Streams.java:734)
	at java.base/java.util.stream.ReferencePipeline$Head.forEach(ReferencePipeline.java:762)
	at org.junit.jupiter.engine.descriptor.ClassBasedTestDescriptor.invokeTestInstancePostProcessors(ClassBasedTestDescriptor.java:377)
	at org.junit.jupiter.engine.descriptor.ClassBasedTestDescriptor.lambda$instantiateAndPostProcessTestInstance$6(ClassBasedTestDescriptor.java:290)
	at org.junit.platform.engine.support.hierarchical.ThrowableCollector.execute(ThrowableCollector.java:73)
	at org.junit.jupiter.engine.descriptor.ClassBasedTestDescriptor.instantiateAndPostProcessTestInstance(ClassBasedTestDescriptor.java:289)
	at org.junit.jupiter.engine.descriptor.ClassBasedTestDescriptor.lambda$testInstancesProvider$4(ClassBasedTestDescriptor.java:279)
	at java.base/java.util.Optional.orElseGet(Optional.java:364)
	at org.junit.jupiter.engine.descriptor.ClassBasedTestDescriptor.lambda$testInstancesProvider$5(ClassBasedTestDescriptor.java:278)
	at org.junit.jupiter.engine.execution.TestInstancesProvider.getTestInstances(TestInstancesProvider.java:31)
	at org.junit.jupiter.engine.descriptor.TestMethodTestDescriptor.lambda$prepare$0(TestMethodTestDescriptor.java:106)
	at org.junit.platform.engine.support.hierarchical.ThrowableCollector.execute(ThrowableCollector.java:73)
	at org.junit.jupiter.engine.descriptor.TestMethodTestDescriptor.prepare(TestMethodTestDescriptor.java:105)
	at org.junit.jupiter.engine.descriptor.TestMethodTestDescriptor.prepare(TestMethodTestDescriptor.java:69)
	at org.junit.platform.engine.support.hierarchical.NodeTestTask.lambda$prepare$2(NodeTestTask.java:123)
	at org.junit.platform.engine.support.hierarchical.ThrowableCollector.execute(ThrowableCollector.java:73)
	at org.junit.platform.engine.support.hierarchical.NodeTestTask.prepare(NodeTestTask.java:123)
	at org.junit.platform.engine.support.hierarchical.NodeTestTask.execute(NodeTestTask.java:90)
	at java.base/java.util.ArrayList.forEach(ArrayList.java:1596)
	at org.junit.platform.engine.support.hierarchical.SameThreadHierarchicalTestExecutorService.invokeAll(SameThreadHierarchicalTestExecutorService.java:41)
	at org.junit.platform.engine.support.hierarchical.NodeTestTask.lambda$executeRecursively$6(NodeTestTask.java:155)
	at org.junit.platform.engine.support.hierarchical.ThrowableCollector.execute(ThrowableCollector.java:73)
	at org.junit.platform.engine.support.hierarchical.NodeTestTask.lambda$executeRecursively$8(NodeTestTask.java:141)
	at org.junit.platform.engine.support.hierarchical.Node.around(Node.java:137)
	at org.junit.platform.engine.support.hierarchical.NodeTestTask.lambda$executeRecursively$9(NodeTestTask.java:139)
	at org.junit.platform.engine.support.hierarchical.ThrowableCollector.execute(ThrowableCollector.java:73)
	at org.junit.platform.engine.support.hierarchical.NodeTestTask.executeRecursively(NodeTestTask.java:138)
	at org.junit.platform.engine.support.hierarchical.NodeTestTask.execute(NodeTestTask.java:95)
	at java.base/java.util.ArrayList.forEach(ArrayList.java:1596)
	at org.junit.platform.engine.support.hierarchical.SameThreadHierarchicalTestExecutorService.invokeAll(SameThreadHierarchicalTestExecutorService.java:41)
	at org.junit.platform.engine.support.hierarchical.NodeTestTask.lambda$executeRecursively$6(NodeTestTask.java:155)
	at org.junit.platform.engine.support.hierarchical.ThrowableCollector.execute(ThrowableCollector.java:73)
	at org.junit.platform.engine.support.hierarchical.NodeTestTask.lambda$executeRecursively$8(NodeTestTask.java:141)
	at org.junit.platform.engine.support.hierarchical.Node.around(Node.java:137)
	at org.junit.platform.engine.support.hierarchical.NodeTestTask.lambda$executeRecursively$9(NodeTestTask.java:139)
	at org.junit.platform.engine.support.hierarchical.ThrowableCollector.execute(ThrowableCollector.java:73)
	at org.junit.platform.engine.support.hierarchical.NodeTestTask.executeRecursively(NodeTestTask.java:138)
	at org.junit.platform.engine.support.hierarchical.NodeTestTask.execute(NodeTestTask.java:95)
	at org.junit.platform.engine.support.hierarchical.SameThreadHierarchicalTestExecutorService.submit(SameThreadHierarchicalTestExecutorService.java:35)
	at org.junit.platform.engine.support.hierarchical.HierarchicalTestExecutor.execute(HierarchicalTestExecutor.java:57)
	at org.junit.platform.engine.support.hierarchical.HierarchicalTestEngine.execute(HierarchicalTestEngine.java:54)
	at org.junit.platform.launcher.core.EngineExecutionOrchestrator.execute(EngineExecutionOrchestrator.java:198)
	at org.junit.platform.launcher.core.EngineExecutionOrchestrator.execute(EngineExecutionOrchestrator.java:169)
	at org.junit.platform.launcher.core.EngineExecutionOrchestrator.execute(EngineExecutionOrchestrator.java:93)
	at org.junit.platform.launcher.core.EngineExecutionOrchestrator.lambda$execute$0(EngineExecutionOrchestrator.java:58)
	at org.junit.platform.launcher.core.EngineExecutionOrchestrator.withInterceptedStreams(EngineExecutionOrchestrator.java:141)
	at org.junit.platform.launcher.core.EngineExecutionOrchestrator.execute(EngineExecutionOrchestrator.java:57)
	at org.junit.platform.launcher.core.DefaultLauncher.execute(DefaultLauncher.java:103)
	at org.junit.platform.launcher.core.DefaultLauncher.execute(DefaultLauncher.java:85)
	at org.junit.platform.launcher.core.DelegatingLauncher.execute(DelegatingLauncher.java:47)
	at org.apache.maven.surefire.junitplatform.LazyLauncher.execute(LazyLauncher.java:56)
	at org.apache.maven.surefire.junitplatform.JUnitPlatformProvider.execute(JUnitPlatformProvider.java:184)
	at org.apache.maven.surefire.junitplatform.JUnitPlatformProvider.invokeAllTests(JUnitPlatformProvider.java:148)
	at org.apache.maven.surefire.junitplatform.JUnitPlatformProvider.invoke(JUnitPlatformProvider.java:122)
	at org.apache.maven.surefire.booter.ForkedBooter.runSuitesInProcess(ForkedBooter.java:385)
	at org.apache.maven.surefire.booter.ForkedBooter.execute(ForkedBooter.java:162)
	at org.apache.maven.surefire.booter.ForkedBooter.run(ForkedBooter.java:507)
	at org.apache.maven.surefire.booter.ForkedBooter.main(ForkedBooter.java:495)
2026-03-18 22:59:54.234 [main] ERROR [] [] o.s.test.context.TestContextManager - Caught exception while allowing TestExecutionListener [org.springframework.test.context.web.ServletTestExecutionListener] to prepare test instance [com.messenger.config.SecurityConfigTest@3fa2c8e7]
java.lang.IllegalStateException: ApplicationContext failure threshold (1) exceeded: skipping repeated attempt to load context for [WebMergedContextConfiguration@7e4b8d05 testClass = com.messenger.config.SecurityConfigTest, locations = [], classes = [com.messenger.SecureMessengerApplication], contextInitializerClasses = [], activeProfiles = ["test"], propertySourceDescriptors = [], propertySourceProperties = ["org.springframework.boot.test.context.SpringBootTestContextBootstrapper=true"], contextCustomizers = [[ImportsContextCustomizer@4b68392c key = [org.springframework.boot.test.autoconfigure.web.servlet.MockMvcWebDriverAutoConfiguration, org.springframework.boot.test.autoconfigure.web.servlet.MockMvcAutoConfiguration, org.springframework.boot.autoconfigure.security.oauth2.client.servlet.OAuth2ClientAutoConfiguration, org.springframework.boot.autoconfigure.security.servlet.SecurityAutoConfiguration, org.springframework.boot.autoconfigure.security.servlet.SecurityFilterAutoConfiguration, org.springframework.boot.autoconfigure.security.servlet.UserDetailsServiceAutoConfiguration, org.springframework.boot.autoconfigure.security.oauth2.resource.servlet.OAuth2ResourceServerAutoConfiguration, org.springframework.boot.test.autoconfigure.web.servlet.MockMvcSecurityConfiguration, org.springframework.boot.test.autoconfigure.web.servlet.MockMvcWebClientAutoConfiguration, org.springframework.boot.test.autoconfigure.web.reactive.WebTestClientAutoConfiguration]], org.springframework.boot.test.context.filter.ExcludeFilterContextCustomizer@42bc14c1, org.springframework.boot.test.json.DuplicateJsonObjectContextCustomizerFactory$DuplicateJsonObjectContextCustomizer@6f3c660a, org.springframework.boot.test.mock.mockito.MockitoContextCustomizer@0, org.springframework.boot.test.web.client.TestRestTemplateContextCustomizer@294a6b8e, org.springframework.boot.test.web.reactive.server.WebTestClientContextCustomizer@16414e40, org.springframework.boot.test.autoconfigure.actuate.observability.ObservabilityContextCustomizerFactory$DisableObservabilityContextCustomizer@1f, org.springframework.boot.test.autoconfigure.properties.PropertyMappingContextCustomizer@4b3fa0b3, org.springframework.boot.test.autoconfigure.web.servlet.WebDriverContextCustomizer@4982cc36, org.springframework.boot.test.context.SpringBootTestAnnotation@4a772aba], resourceBasePath = "src/main/webapp", contextLoader = org.springframework.boot.test.context.SpringBootContextLoader, parent = null]
	at org.springframework.test.context.cache.DefaultCacheAwareContextLoaderDelegate.loadContext(DefaultCacheAwareContextLoaderDelegate.java:145)
	at org.springframework.test.context.support.DefaultTestContext.getApplicationContext(DefaultTestContext.java:130)
	at org.springframework.test.context.web.ServletTestExecutionListener.setUpRequestContextIfNecessary(ServletTestExecutionListener.java:191)
	at org.springframework.test.context.web.ServletTestExecutionListener.prepareTestInstance(ServletTestExecutionListener.java:130)
	at org.springframework.test.context.TestContextManager.prepareTestInstance(TestContextManager.java:247)
	at org.springframework.test.context.junit.jupiter.SpringExtension.postProcessTestInstance(SpringExtension.java:163)
	at org.junit.jupiter.engine.descriptor.ClassBasedTestDescriptor.lambda$invokeTestInstancePostProcessors$10(ClassBasedTestDescriptor.java:378)
	at org.junit.jupiter.engine.descriptor.ClassBasedTestDescriptor.executeAndMaskThrowable(ClassBasedTestDescriptor.java:383)
	at org.junit.jupiter.engine.descriptor.ClassBasedTestDescriptor.lambda$invokeTestInstancePostProcessors$11(ClassBasedTestDescriptor.java:378)
	at java.base/java.util.stream.ReferencePipeline$3$1.accept(ReferencePipeline.java:197)
	at java.base/java.util.stream.ReferencePipeline$2$1.accept(ReferencePipeline.java:179)
	at java.base/java.util.ArrayList$ArrayListSpliterator.forEachRemaining(ArrayList.java:1708)
	at java.base/java.util.stream.AbstractPipeline.copyInto(AbstractPipeline.java:509)
	at java.base/java.util.stream.AbstractPipeline.wrapAndCopyInto(AbstractPipeline.java:499)
	at java.base/java.util.stream.StreamSpliterators$WrappingSpliterator.forEachRemaining(StreamSpliterators.java:310)
	at java.base/java.util.stream.Streams$ConcatSpliterator.forEachRemaining(Streams.java:735)
	at java.base/java.util.stream.Streams$ConcatSpliterator.forEachRemaining(Streams.java:734)
	at java.base/java.util.stream.ReferencePipeline$Head.forEach(ReferencePipeline.java:762)
	at org.junit.jupiter.engine.descriptor.ClassBasedTestDescriptor.invokeTestInstancePostProcessors(ClassBasedTestDescriptor.java:377)
	at org.junit.jupiter.engine.descriptor.ClassBasedTestDescriptor.lambda$instantiateAndPostProcessTestInstance$6(ClassBasedTestDescriptor.java:290)
	at org.junit.platform.engine.support.hierarchical.ThrowableCollector.execute(ThrowableCollector.java:73)
	at org.junit.jupiter.engine.descriptor.ClassBasedTestDescriptor.instantiateAndPostProcessTestInstance(ClassBasedTestDescriptor.java:289)
	at org.junit.jupiter.engine.descriptor.ClassBasedTestDescriptor.lambda$testInstancesProvider$4(ClassBasedTestDescriptor.java:279)
	at java.base/java.util.Optional.orElseGet(Optional.java:364)
	at org.junit.jupiter.engine.descriptor.ClassBasedTestDescriptor.lambda$testInstancesProvider$5(ClassBasedTestDescriptor.java:278)
	at org.junit.jupiter.engine.execution.TestInstancesProvider.getTestInstances(TestInstancesProvider.java:31)
	at org.junit.jupiter.engine.descriptor.TestMethodTestDescriptor.lambda$prepare$0(TestMethodTestDescriptor.java:106)
	at org.junit.platform.engine.support.hierarchical.ThrowableCollector.execute(ThrowableCollector.java:73)
	at org.junit.jupiter.engine.descriptor.TestMethodTestDescriptor.prepare(TestMethodTestDescriptor.java:105)
	at org.junit.jupiter.engine.descriptor.TestMethodTestDescriptor.prepare(TestMethodTestDescriptor.java:69)
	at org.junit.platform.engine.support.hierarchical.NodeTestTask.lambda$prepare$2(NodeTestTask.java:123)
	at org.junit.platform.engine.support.hierarchical.ThrowableCollector.execute(ThrowableCollector.java:73)
	at org.junit.platform.engine.support.hierarchical.NodeTestTask.prepare(NodeTestTask.java:123)
	at org.junit.platform.engine.support.hierarchical.NodeTestTask.execute(NodeTestTask.java:90)
	at java.base/java.util.ArrayList.forEach(ArrayList.java:1596)
	at org.junit.platform.engine.support.hierarchical.SameThreadHierarchicalTestExecutorService.invokeAll(SameThreadHierarchicalTestExecutorService.java:41)
	at org.junit.platform.engine.support.hierarchical.NodeTestTask.lambda$executeRecursively$6(NodeTestTask.java:155)
	at org.junit.platform.engine.support.hierarchical.ThrowableCollector.execute(ThrowableCollector.java:73)
	at org.junit.platform.engine.support.hierarchical.NodeTestTask.lambda$executeRecursively$8(NodeTestTask.java:141)
	at org.junit.platform.engine.support.hierarchical.Node.around(Node.java:137)
	at org.junit.platform.engine.support.hierarchical.NodeTestTask.lambda$executeRecursively$9(NodeTestTask.java:139)
	at org.junit.platform.engine.support.hierarchical.ThrowableCollector.execute(ThrowableCollector.java:73)
	at org.junit.platform.engine.support.hierarchical.NodeTestTask.executeRecursively(NodeTestTask.java:138)
	at org.junit.platform.engine.support.hierarchical.NodeTestTask.execute(NodeTestTask.java:95)
	at java.base/java.util.ArrayList.forEach(ArrayList.java:1596)
	at org.junit.platform.engine.support.hierarchical.SameThreadHierarchicalTestExecutorService.invokeAll(SameThreadHierarchicalTestExecutorService.java:41)
	at org.junit.platform.engine.support.hierarchical.NodeTestTask.lambda$executeRecursively$6(NodeTestTask.java:155)
	at org.junit.platform.engine.support.hierarchical.ThrowableCollector.execute(ThrowableCollector.java:73)
	at org.junit.platform.engine.support.hierarchical.NodeTestTask.lambda$executeRecursively$8(NodeTestTask.java:141)
	at org.junit.platform.engine.support.hierarchical.Node.around(Node.java:137)
	at org.junit.platform.engine.support.hierarchical.NodeTestTask.lambda$executeRecursively$9(NodeTestTask.java:139)
	at org.junit.platform.engine.support.hierarchical.ThrowableCollector.execute(ThrowableCollector.java:73)
	at org.junit.platform.engine.support.hierarchical.NodeTestTask.executeRecursively(NodeTestTask.java:138)
	at org.junit.platform.engine.support.hierarchical.NodeTestTask.execute(NodeTestTask.java:95)
	at org.junit.platform.engine.support.hierarchical.SameThreadHierarchicalTestExecutorService.submit(SameThreadHierarchicalTestExecutorService.java:35)
	at org.junit.platform.engine.support.hierarchical.HierarchicalTestExecutor.execute(HierarchicalTestExecutor.java:57)
	at org.junit.platform.engine.support.hierarchical.HierarchicalTestEngine.execute(HierarchicalTestEngine.java:54)
	at org.junit.platform.launcher.core.EngineExecutionOrchestrator.execute(EngineExecutionOrchestrator.java:198)
	at org.junit.platform.launcher.core.EngineExecutionOrchestrator.execute(EngineExecutionOrchestrator.java:169)
	at org.junit.platform.launcher.core.EngineExecutionOrchestrator.execute(EngineExecutionOrchestrator.java:93)
	at org.junit.platform.launcher.core.EngineExecutionOrchestrator.lambda$execute$0(EngineExecutionOrchestrator.java:58)
	at org.junit.platform.launcher.core.EngineExecutionOrchestrator.withInterceptedStreams(EngineExecutionOrchestrator.java:141)
	at org.junit.platform.launcher.core.EngineExecutionOrchestrator.execute(EngineExecutionOrchestrator.java:57)
	at org.junit.platform.launcher.core.DefaultLauncher.execute(DefaultLauncher.java:103)
	at org.junit.platform.launcher.core.DefaultLauncher.execute(DefaultLauncher.java:85)
	at org.junit.platform.launcher.core.DelegatingLauncher.execute(DelegatingLauncher.java:47)
	at org.apache.maven.surefire.junitplatform.LazyLauncher.execute(LazyLauncher.java:56)
	at org.apache.maven.surefire.junitplatform.JUnitPlatformProvider.execute(JUnitPlatformProvider.java:184)
	at org.apache.maven.surefire.junitplatform.JUnitPlatformProvider.invokeAllTests(JUnitPlatformProvider.java:148)
	at org.apache.maven.surefire.junitplatform.JUnitPlatformProvider.invoke(JUnitPlatformProvider.java:122)
	at org.apache.maven.surefire.booter.ForkedBooter.runSuitesInProcess(ForkedBooter.java:385)
	at org.apache.maven.surefire.booter.ForkedBooter.execute(ForkedBooter.java:162)
	at org.apache.maven.surefire.booter.ForkedBooter.run(ForkedBooter.java:507)
	at org.apache.maven.surefire.booter.ForkedBooter.main(ForkedBooter.java:495)
2026-03-18 22:59:54.237 [main] ERROR [] [] o.s.test.context.TestContextManager - Caught exception while allowing TestExecutionListener [org.springframework.test.context.web.ServletTestExecutionListener] to prepare test instance [com.messenger.config.SecurityConfigTest@14d1938b]
java.lang.IllegalStateException: ApplicationContext failure threshold (1) exceeded: skipping repeated attempt to load context for [WebMergedContextConfiguration@7e4b8d05 testClass = com.messenger.config.SecurityConfigTest, locations = [], classes = [com.messenger.SecureMessengerApplication], contextInitializerClasses = [], activeProfiles = ["test"], propertySourceDescriptors = [], propertySourceProperties = ["org.springframework.boot.test.context.SpringBootTestContextBootstrapper=true"], contextCustomizers = [[ImportsContextCustomizer@4b68392c key = [org.springframework.boot.test.autoconfigure.web.servlet.MockMvcWebDriverAutoConfiguration, org.springframework.boot.test.autoconfigure.web.servlet.MockMvcAutoConfiguration, org.springframework.boot.autoconfigure.security.oauth2.client.servlet.OAuth2ClientAutoConfiguration, org.springframework.boot.autoconfigure.security.servlet.SecurityAutoConfiguration, org.springframework.boot.autoconfigure.security.servlet.SecurityFilterAutoConfiguration, org.springframework.boot.autoconfigure.security.servlet.UserDetailsServiceAutoConfiguration, org.springframework.boot.autoconfigure.security.oauth2.resource.servlet.OAuth2ResourceServerAutoConfiguration, org.springframework.boot.test.autoconfigure.web.servlet.MockMvcSecurityConfiguration, org.springframework.boot.test.autoconfigure.web.servlet.MockMvcWebClientAutoConfiguration, org.springframework.boot.test.autoconfigure.web.reactive.WebTestClientAutoConfiguration]], org.springframework.boot.test.context.filter.ExcludeFilterContextCustomizer@42bc14c1, org.springframework.boot.test.json.DuplicateJsonObjectContextCustomizerFactory$DuplicateJsonObjectContextCustomizer@6f3c660a, org.springframework.boot.test.mock.mockito.MockitoContextCustomizer@0, org.springframework.boot.test.web.client.TestRestTemplateContextCustomizer@294a6b8e, org.springframework.boot.test.web.reactive.server.WebTestClientContextCustomizer@16414e40, org.springframework.boot.test.autoconfigure.actuate.observability.ObservabilityContextCustomizerFactory$DisableObservabilityContextCustomizer@1f, org.springframework.boot.test.autoconfigure.properties.PropertyMappingContextCustomizer@4b3fa0b3, org.springframework.boot.test.autoconfigure.web.servlet.WebDriverContextCustomizer@4982cc36, org.springframework.boot.test.context.SpringBootTestAnnotation@4a772aba], resourceBasePath = "src/main/webapp", contextLoader = org.springframework.boot.test.context.SpringBootContextLoader, parent = null]
	at org.springframework.test.context.cache.DefaultCacheAwareContextLoaderDelegate.loadContext(DefaultCacheAwareContextLoaderDelegate.java:145)
	at org.springframework.test.context.support.DefaultTestContext.getApplicationContext(DefaultTestContext.java:130)
	at org.springframework.test.context.web.ServletTestExecutionListener.setUpRequestContextIfNecessary(ServletTestExecutionListener.java:191)
	at org.springframework.test.context.web.ServletTestExecutionListener.prepareTestInstance(ServletTestExecutionListener.java:130)
	at org.springframework.test.context.TestContextManager.prepareTestInstance(TestContextManager.java:247)
	at org.springframework.test.context.junit.jupiter.SpringExtension.postProcessTestInstance(SpringExtension.java:163)
	at org.junit.jupiter.engine.descriptor.ClassBasedTestDescriptor.lambda$invokeTestInstancePostProcessors$10(ClassBasedTestDescriptor.java:378)
	at org.junit.jupiter.engine.descriptor.ClassBasedTestDescriptor.executeAndMaskThrowable(ClassBasedTestDescriptor.java:383)
	at org.junit.jupiter.engine.descriptor.ClassBasedTestDescriptor.lambda$invokeTestInstancePostProcessors$11(ClassBasedTestDescriptor.java:378)
	at java.base/java.util.stream.ReferencePipeline$3$1.accept(ReferencePipeline.java:197)
	at java.base/java.util.stream.ReferencePipeline$2$1.accept(ReferencePipeline.java:179)
	at java.base/java.util.ArrayList$ArrayListSpliterator.forEachRemaining(ArrayList.java:1708)
	at java.base/java.util.stream.AbstractPipeline.copyInto(AbstractPipeline.java:509)
	at java.base/java.util.stream.AbstractPipeline.wrapAndCopyInto(AbstractPipeline.java:499)
	at java.base/java.util.stream.StreamSpliterators$WrappingSpliterator.forEachRemaining(StreamSpliterators.java:310)
	at java.base/java.util.stream.Streams$ConcatSpliterator.forEachRemaining(Streams.java:735)
	at java.base/java.util.stream.Streams$ConcatSpliterator.forEachRemaining(Streams.java:734)
	at java.base/java.util.stream.ReferencePipeline$Head.forEach(ReferencePipeline.java:762)
	at org.junit.jupiter.engine.descriptor.ClassBasedTestDescriptor.invokeTestInstancePostProcessors(ClassBasedTestDescriptor.java:377)
	at org.junit.jupiter.engine.descriptor.ClassBasedTestDescriptor.lambda$instantiateAndPostProcessTestInstance$6(ClassBasedTestDescriptor.java:290)
	at org.junit.platform.engine.support.hierarchical.ThrowableCollector.execute(ThrowableCollector.java:73)
	at org.junit.jupiter.engine.descriptor.ClassBasedTestDescriptor.instantiateAndPostProcessTestInstance(ClassBasedTestDescriptor.java:289)
	at org.junit.jupiter.engine.descriptor.ClassBasedTestDescriptor.lambda$testInstancesProvider$4(ClassBasedTestDescriptor.java:279)
	at java.base/java.util.Optional.orElseGet(Optional.java:364)
	at org.junit.jupiter.engine.descriptor.ClassBasedTestDescriptor.lambda$testInstancesProvider$5(ClassBasedTestDescriptor.java:278)
	at org.junit.jupiter.engine.execution.TestInstancesProvider.getTestInstances(TestInstancesProvider.java:31)
	at org.junit.jupiter.engine.descriptor.TestMethodTestDescriptor.lambda$prepare$0(TestMethodTestDescriptor.java:106)
	at org.junit.platform.engine.support.hierarchical.ThrowableCollector.execute(ThrowableCollector.java:73)
	at org.junit.jupiter.engine.descriptor.TestMethodTestDescriptor.prepare(TestMethodTestDescriptor.java:105)
	at org.junit.jupiter.engine.descriptor.TestMethodTestDescriptor.prepare(TestMethodTestDescriptor.java:69)
	at org.junit.platform.engine.support.hierarchical.NodeTestTask.lambda$prepare$2(NodeTestTask.java:123)
	at org.junit.platform.engine.support.hierarchical.ThrowableCollector.execute(ThrowableCollector.java:73)
	at org.junit.platform.engine.support.hierarchical.NodeTestTask.prepare(NodeTestTask.java:123)
	at org.junit.platform.engine.support.hierarchical.NodeTestTask.execute(NodeTestTask.java:90)
	at java.base/java.util.ArrayList.forEach(ArrayList.java:1596)
	at org.junit.platform.engine.support.hierarchical.SameThreadHierarchicalTestExecutorService.invokeAll(SameThreadHierarchicalTestExecutorService.java:41)
	at org.junit.platform.engine.support.hierarchical.NodeTestTask.lambda$executeRecursively$6(NodeTestTask.java:155)
	at org.junit.platform.engine.support.hierarchical.ThrowableCollector.execute(ThrowableCollector.java:73)
	at org.junit.platform.engine.support.hierarchical.NodeTestTask.lambda$executeRecursively$8(NodeTestTask.java:141)
	at org.junit.platform.engine.support.hierarchical.Node.around(Node.java:137)
	at org.junit.platform.engine.support.hierarchical.NodeTestTask.lambda$executeRecursively$9(NodeTestTask.java:139)
	at org.junit.platform.engine.support.hierarchical.ThrowableCollector.execute(ThrowableCollector.java:73)
	at org.junit.platform.engine.support.hierarchical.NodeTestTask.executeRecursively(NodeTestTask.java:138)
	at org.junit.platform.engine.support.hierarchical.NodeTestTask.execute(NodeTestTask.java:95)
	at java.base/java.util.ArrayList.forEach(ArrayList.java:1596)
	at org.junit.platform.engine.support.hierarchical.SameThreadHierarchicalTestExecutorService.invokeAll(SameThreadHierarchicalTestExecutorService.java:41)
	at org.junit.platform.engine.support.hierarchical.NodeTestTask.lambda$executeRecursively$6(NodeTestTask.java:155)
	at org.junit.platform.engine.support.hierarchical.ThrowableCollector.execute(ThrowableCollector.java:73)
	at org.junit.platform.engine.support.hierarchical.NodeTestTask.lambda$executeRecursively$8(NodeTestTask.java:141)
	at org.junit.platform.engine.support.hierarchical.Node.around(Node.java:137)
	at org.junit.platform.engine.support.hierarchical.NodeTestTask.lambda$executeRecursively$9(NodeTestTask.java:139)
	at org.junit.platform.engine.support.hierarchical.ThrowableCollector.execute(ThrowableCollector.java:73)
	at org.junit.platform.engine.support.hierarchical.NodeTestTask.executeRecursively(NodeTestTask.java:138)
	at org.junit.platform.engine.support.hierarchical.NodeTestTask.execute(NodeTestTask.java:95)
	at org.junit.platform.engine.support.hierarchical.SameThreadHierarchicalTestExecutorService.submit(SameThreadHierarchicalTestExecutorService.java:35)
	at org.junit.platform.engine.support.hierarchical.HierarchicalTestExecutor.execute(HierarchicalTestExecutor.java:57)
	at org.junit.platform.engine.support.hierarchical.HierarchicalTestEngine.execute(HierarchicalTestEngine.java:54)
	at org.junit.platform.launcher.core.EngineExecutionOrchestrator.execute(EngineExecutionOrchestrator.java:198)
	at org.junit.platform.launcher.core.EngineExecutionOrchestrator.execute(EngineExecutionOrchestrator.java:169)
	at org.junit.platform.launcher.core.EngineExecutionOrchestrator.execute(EngineExecutionOrchestrator.java:93)
	at org.junit.platform.launcher.core.EngineExecutionOrchestrator.lambda$execute$0(EngineExecutionOrchestrator.java:58)
	at org.junit.platform.launcher.core.EngineExecutionOrchestrator.withInterceptedStreams(EngineExecutionOrchestrator.java:141)
	at org.junit.platform.launcher.core.EngineExecutionOrchestrator.execute(EngineExecutionOrchestrator.java:57)
	at org.junit.platform.launcher.core.DefaultLauncher.execute(DefaultLauncher.java:103)
	at org.junit.platform.launcher.core.DefaultLauncher.execute(DefaultLauncher.java:85)
	at org.junit.platform.launcher.core.DelegatingLauncher.execute(DelegatingLauncher.java:47)
	at org.apache.maven.surefire.junitplatform.LazyLauncher.execute(LazyLauncher.java:56)
	at org.apache.maven.surefire.junitplatform.JUnitPlatformProvider.execute(JUnitPlatformProvider.java:184)
	at org.apache.maven.surefire.junitplatform.JUnitPlatformProvider.invokeAllTests(JUnitPlatformProvider.java:148)
	at org.apache.maven.surefire.junitplatform.JUnitPlatformProvider.invoke(JUnitPlatformProvider.java:122)
	at org.apache.maven.surefire.booter.ForkedBooter.runSuitesInProcess(ForkedBooter.java:385)
	at org.apache.maven.surefire.booter.ForkedBooter.execute(ForkedBooter.java:162)
	at org.apache.maven.surefire.booter.ForkedBooter.run(ForkedBooter.java:507)
	at org.apache.maven.surefire.booter.ForkedBooter.main(ForkedBooter.java:495)
2026-03-18 22:59:54.238 [main] ERROR [] [] o.s.test.context.TestContextManager - Caught exception while allowing TestExecutionListener [org.springframework.test.context.web.ServletTestExecutionListener] to prepare test instance [com.messenger.config.SecurityConfigTest@326b6c85]
java.lang.IllegalStateException: ApplicationContext failure threshold (1) exceeded: skipping repeated attempt to load context for [WebMergedContextConfiguration@7e4b8d05 testClass = com.messenger.config.SecurityConfigTest, locations = [], classes = [com.messenger.SecureMessengerApplication], contextInitializerClasses = [], activeProfiles = ["test"], propertySourceDescriptors = [], propertySourceProperties = ["org.springframework.boot.test.context.SpringBootTestContextBootstrapper=true"], contextCustomizers = [[ImportsContextCustomizer@4b68392c key = [org.springframework.boot.test.autoconfigure.web.servlet.MockMvcWebDriverAutoConfiguration, org.springframework.boot.test.autoconfigure.web.servlet.MockMvcAutoConfiguration, org.springframework.boot.autoconfigure.security.oauth2.client.servlet.OAuth2ClientAutoConfiguration, org.springframework.boot.autoconfigure.security.servlet.SecurityAutoConfiguration, org.springframework.boot.autoconfigure.security.servlet.SecurityFilterAutoConfiguration, org.springframework.boot.autoconfigure.security.servlet.UserDetailsServiceAutoConfiguration, org.springframework.boot.autoconfigure.security.oauth2.resource.servlet.OAuth2ResourceServerAutoConfiguration, org.springframework.boot.test.autoconfigure.web.servlet.MockMvcSecurityConfiguration, org.springframework.boot.test.autoconfigure.web.servlet.MockMvcWebClientAutoConfiguration, org.springframework.boot.test.autoconfigure.web.reactive.WebTestClientAutoConfiguration]], org.springframework.boot.test.context.filter.ExcludeFilterContextCustomizer@42bc14c1, org.springframework.boot.test.json.DuplicateJsonObjectContextCustomizerFactory$DuplicateJsonObjectContextCustomizer@6f3c660a, org.springframework.boot.test.mock.mockito.MockitoContextCustomizer@0, org.springframework.boot.test.web.client.TestRestTemplateContextCustomizer@294a6b8e, org.springframework.boot.test.web.reactive.server.WebTestClientContextCustomizer@16414e40, org.springframework.boot.test.autoconfigure.actuate.observability.ObservabilityContextCustomizerFactory$DisableObservabilityContextCustomizer@1f, org.springframework.boot.test.autoconfigure.properties.PropertyMappingContextCustomizer@4b3fa0b3, org.springframework.boot.test.autoconfigure.web.servlet.WebDriverContextCustomizer@4982cc36, org.springframework.boot.test.context.SpringBootTestAnnotation@4a772aba], resourceBasePath = "src/main/webapp", contextLoader = org.springframework.boot.test.context.SpringBootContextLoader, parent = null]
	at org.springframework.test.context.cache.DefaultCacheAwareContextLoaderDelegate.loadContext(DefaultCacheAwareContextLoaderDelegate.java:145)
	at org.springframework.test.context.support.DefaultTestContext.getApplicationContext(DefaultTestContext.java:130)
	at org.springframework.test.context.web.ServletTestExecutionListener.setUpRequestContextIfNecessary(ServletTestExecutionListener.java:191)
	at org.springframework.test.context.web.ServletTestExecutionListener.prepareTestInstance(ServletTestExecutionListener.java:130)
	at org.springframework.test.context.TestContextManager.prepareTestInstance(TestContextManager.java:247)
	at org.springframework.test.context.junit.jupiter.SpringExtension.postProcessTestInstance(SpringExtension.java:163)
	at org.junit.jupiter.engine.descriptor.ClassBasedTestDescriptor.lambda$invokeTestInstancePostProcessors$10(ClassBasedTestDescriptor.java:378)
	at org.junit.jupiter.engine.descriptor.ClassBasedTestDescriptor.executeAndMaskThrowable(ClassBasedTestDescriptor.java:383)
	at org.junit.jupiter.engine.descriptor.ClassBasedTestDescriptor.lambda$invokeTestInstancePostProcessors$11(ClassBasedTestDescriptor.java:378)
	at java.base/java.util.stream.ReferencePipeline$3$1.accept(ReferencePipeline.java:197)
	at java.base/java.util.stream.ReferencePipeline$2$1.accept(ReferencePipeline.java:179)
	at java.base/java.util.ArrayList$ArrayListSpliterator.forEachRemaining(ArrayList.java:1708)
	at java.base/java.util.stream.AbstractPipeline.copyInto(AbstractPipeline.java:509)
	at java.base/java.util.stream.AbstractPipeline.wrapAndCopyInto(AbstractPipeline.java:499)
	at java.base/java.util.stream.StreamSpliterators$WrappingSpliterator.forEachRemaining(StreamSpliterators.java:310)
	at java.base/java.util.stream.Streams$ConcatSpliterator.forEachRemaining(Streams.java:735)
	at java.base/java.util.stream.Streams$ConcatSpliterator.forEachRemaining(Streams.java:734)
	at java.base/java.util.stream.ReferencePipeline$Head.forEach(ReferencePipeline.java:762)
	at org.junit.jupiter.engine.descriptor.ClassBasedTestDescriptor.invokeTestInstancePostProcessors(ClassBasedTestDescriptor.java:377)
	at org.junit.jupiter.engine.descriptor.ClassBasedTestDescriptor.lambda$instantiateAndPostProcessTestInstance$6(ClassBasedTestDescriptor.java:290)
	at org.junit.platform.engine.support.hierarchical.ThrowableCollector.execute(ThrowableCollector.java:73)
	at org.junit.jupiter.engine.descriptor.ClassBasedTestDescriptor.instantiateAndPostProcessTestInstance(ClassBasedTestDescriptor.java:289)
	at org.junit.jupiter.engine.descriptor.ClassBasedTestDescriptor.lambda$testInstancesProvider$4(ClassBasedTestDescriptor.java:279)
	at java.base/java.util.Optional.orElseGet(Optional.java:364)
	at org.junit.jupiter.engine.descriptor.ClassBasedTestDescriptor.lambda$testInstancesProvider$5(ClassBasedTestDescriptor.java:278)
	at org.junit.jupiter.engine.execution.TestInstancesProvider.getTestInstances(TestInstancesProvider.java:31)
	at org.junit.jupiter.engine.descriptor.TestMethodTestDescriptor.lambda$prepare$0(TestMethodTestDescriptor.java:106)
	at org.junit.platform.engine.support.hierarchical.ThrowableCollector.execute(ThrowableCollector.java:73)
	at org.junit.jupiter.engine.descriptor.TestMethodTestDescriptor.prepare(TestMethodTestDescriptor.java:105)
	at org.junit.jupiter.engine.descriptor.TestMethodTestDescriptor.prepare(TestMethodTestDescriptor.java:69)
	at org.junit.platform.engine.support.hierarchical.NodeTestTask.lambda$prepare$2(NodeTestTask.java:123)
	at org.junit.platform.engine.support.hierarchical.ThrowableCollector.execute(ThrowableCollector.java:73)
	at org.junit.platform.engine.support.hierarchical.NodeTestTask.prepare(NodeTestTask.java:123)
	at org.junit.platform.engine.support.hierarchical.NodeTestTask.execute(NodeTestTask.java:90)
	at java.base/java.util.ArrayList.forEach(ArrayList.java:1596)
	at org.junit.platform.engine.support.hierarchical.SameThreadHierarchicalTestExecutorService.invokeAll(SameThreadHierarchicalTestExecutorService.java:41)
	at org.junit.platform.engine.support.hierarchical.NodeTestTask.lambda$executeRecursively$6(NodeTestTask.java:155)
	at org.junit.platform.engine.support.hierarchical.ThrowableCollector.execute(ThrowableCollector.java:73)
	at org.junit.platform.engine.support.hierarchical.NodeTestTask.lambda$executeRecursively$8(NodeTestTask.java:141)
	at org.junit.platform.engine.support.hierarchical.Node.around(Node.java:137)
	at org.junit.platform.engine.support.hierarchical.NodeTestTask.lambda$executeRecursively$9(NodeTestTask.java:139)
	at org.junit.platform.engine.support.hierarchical.ThrowableCollector.execute(ThrowableCollector.java:73)
	at org.junit.platform.engine.support.hierarchical.NodeTestTask.executeRecursively(NodeTestTask.java:138)
	at org.junit.platform.engine.support.hierarchical.NodeTestTask.execute(NodeTestTask.java:95)
	at java.base/java.util.ArrayList.forEach(ArrayList.java:1596)
	at org.junit.platform.engine.support.hierarchical.SameThreadHierarchicalTestExecutorService.invokeAll(SameThreadHierarchicalTestExecutorService.java:41)
	at org.junit.platform.engine.support.hierarchical.NodeTestTask.lambda$executeRecursively$6(NodeTestTask.java:155)
	at org.junit.platform.engine.support.hierarchical.ThrowableCollector.execute(ThrowableCollector.java:73)
	at org.junit.platform.engine.support.hierarchical.NodeTestTask.lambda$executeRecursively$8(NodeTestTask.java:141)
	at org.junit.platform.engine.support.hierarchical.Node.around(Node.java:137)
	at org.junit.platform.engine.support.hierarchical.NodeTestTask.lambda$executeRecursively$9(NodeTestTask.java:139)
	at org.junit.platform.engine.support.hierarchical.ThrowableCollector.execute(ThrowableCollector.java:73)
	at org.junit.platform.engine.support.hierarchical.NodeTestTask.executeRecursively(NodeTestTask.java:138)
	at org.junit.platform.engine.support.hierarchical.NodeTestTask.execute(NodeTestTask.java:95)
	at org.junit.platform.engine.support.hierarchical.SameThreadHierarchicalTestExecutorService.submit(SameThreadHierarchicalTestExecutorService.java:35)
	at org.junit.platform.engine.support.hierarchical.HierarchicalTestExecutor.execute(HierarchicalTestExecutor.java:57)
	at org.junit.platform.engine.support.hierarchical.HierarchicalTestEngine.execute(HierarchicalTestEngine.java:54)
	at org.junit.platform.launcher.core.EngineExecutionOrchestrator.execute(EngineExecutionOrchestrator.java:198)
	at org.junit.platform.launcher.core.EngineExecutionOrchestrator.execute(EngineExecutionOrchestrator.java:169)
	at org.junit.platform.launcher.core.EngineExecutionOrchestrator.execute(EngineExecutionOrchestrator.java:93)
	at org.junit.platform.launcher.core.EngineExecutionOrchestrator.lambda$execute$0(EngineExecutionOrchestrator.java:58)
	at org.junit.platform.launcher.core.EngineExecutionOrchestrator.withInterceptedStreams(EngineExecutionOrchestrator.java:141)
	at org.junit.platform.launcher.core.EngineExecutionOrchestrator.execute(EngineExecutionOrchestrator.java:57)
	at org.junit.platform.launcher.core.DefaultLauncher.execute(DefaultLauncher.java:103)
	at org.junit.platform.launcher.core.DefaultLauncher.execute(DefaultLauncher.java:85)
	at org.junit.platform.launcher.core.DelegatingLauncher.execute(DelegatingLauncher.java:47)
	at org.apache.maven.surefire.junitplatform.LazyLauncher.execute(LazyLauncher.java:56)
	at org.apache.maven.surefire.junitplatform.JUnitPlatformProvider.execute(JUnitPlatformProvider.java:184)
	at org.apache.maven.surefire.junitplatform.JUnitPlatformProvider.invokeAllTests(JUnitPlatformProvider.java:148)
	at org.apache.maven.surefire.junitplatform.JUnitPlatformProvider.invoke(JUnitPlatformProvider.java:122)
	at org.apache.maven.surefire.booter.ForkedBooter.runSuitesInProcess(ForkedBooter.java:385)
	at org.apache.maven.surefire.booter.ForkedBooter.execute(ForkedBooter.java:162)
	at org.apache.maven.surefire.booter.ForkedBooter.run(ForkedBooter.java:507)
	at org.apache.maven.surefire.booter.ForkedBooter.main(ForkedBooter.java:495)
2026-03-18 22:59:54.239 [main] ERROR [] [] o.s.test.context.TestContextManager - Caught exception while allowing TestExecutionListener [org.springframework.test.context.web.ServletTestExecutionListener] to prepare test instance [com.messenger.config.SecurityConfigTest@24ad6dc3]
java.lang.IllegalStateException: ApplicationContext failure threshold (1) exceeded: skipping repeated attempt to load context for [WebMergedContextConfiguration@7e4b8d05 testClass = com.messenger.config.SecurityConfigTest, locations = [], classes = [com.messenger.SecureMessengerApplication], contextInitializerClasses = [], activeProfiles = ["test"], propertySourceDescriptors = [], propertySourceProperties = ["org.springframework.boot.test.context.SpringBootTestContextBootstrapper=true"], contextCustomizers = [[ImportsContextCustomizer@4b68392c key = [org.springframework.boot.test.autoconfigure.web.servlet.MockMvcWebDriverAutoConfiguration, org.springframework.boot.test.autoconfigure.web.servlet.MockMvcAutoConfiguration, org.springframework.boot.autoconfigure.security.oauth2.client.servlet.OAuth2ClientAutoConfiguration, org.springframework.boot.autoconfigure.security.servlet.SecurityAutoConfiguration, org.springframework.boot.autoconfigure.security.servlet.SecurityFilterAutoConfiguration, org.springframework.boot.autoconfigure.security.servlet.UserDetailsServiceAutoConfiguration, org.springframework.boot.autoconfigure.security.oauth2.resource.servlet.OAuth2ResourceServerAutoConfiguration, org.springframework.boot.test.autoconfigure.web.servlet.MockMvcSecurityConfiguration, org.springframework.boot.test.autoconfigure.web.servlet.MockMvcWebClientAutoConfiguration, org.springframework.boot.test.autoconfigure.web.reactive.WebTestClientAutoConfiguration]], org.springframework.boot.test.context.filter.ExcludeFilterContextCustomizer@42bc14c1, org.springframework.boot.test.json.DuplicateJsonObjectContextCustomizerFactory$DuplicateJsonObjectContextCustomizer@6f3c660a, org.springframework.boot.test.mock.mockito.MockitoContextCustomizer@0, org.springframework.boot.test.web.client.TestRestTemplateContextCustomizer@294a6b8e, org.springframework.boot.test.web.reactive.server.WebTestClientContextCustomizer@16414e40, org.springframework.boot.test.autoconfigure.actuate.observability.ObservabilityContextCustomizerFactory$DisableObservabilityContextCustomizer@1f, org.springframework.boot.test.autoconfigure.properties.PropertyMappingContextCustomizer@4b3fa0b3, org.springframework.boot.test.autoconfigure.web.servlet.WebDriverContextCustomizer@4982cc36, org.springframework.boot.test.context.SpringBootTestAnnotation@4a772aba], resourceBasePath = "src/main/webapp", contextLoader = org.springframework.boot.test.context.SpringBootContextLoader, parent = null]
	at org.springframework.test.context.cache.DefaultCacheAwareContextLoaderDelegate.loadContext(DefaultCacheAwareContextLoaderDelegate.java:145)
	at org.springframework.test.context.support.DefaultTestContext.getApplicationContext(DefaultTestContext.java:130)
	at org.springframework.test.context.web.ServletTestExecutionListener.setUpRequestContextIfNecessary(ServletTestExecutionListener.java:191)
	at org.springframework.test.context.web.ServletTestExecutionListener.prepareTestInstance(ServletTestExecutionListener.java:130)
	at org.springframework.test.context.TestContextManager.prepareTestInstance(TestContextManager.java:247)
	at org.springframework.test.context.junit.jupiter.SpringExtension.postProcessTestInstance(SpringExtension.java:163)
	at org.junit.jupiter.engine.descriptor.ClassBasedTestDescriptor.lambda$invokeTestInstancePostProcessors$10(ClassBasedTestDescriptor.java:378)
	at org.junit.jupiter.engine.descriptor.ClassBasedTestDescriptor.executeAndMaskThrowable(ClassBasedTestDescriptor.java:383)
	at org.junit.jupiter.engine.descriptor.ClassBasedTestDescriptor.lambda$invokeTestInstancePostProcessors$11(ClassBasedTestDescriptor.java:378)
	at java.base/java.util.stream.ReferencePipeline$3$1.accept(ReferencePipeline.java:197)
	at java.base/java.util.stream.ReferencePipeline$2$1.accept(ReferencePipeline.java:179)
	at java.base/java.util.ArrayList$ArrayListSpliterator.forEachRemaining(ArrayList.java:1708)
	at java.base/java.util.stream.AbstractPipeline.copyInto(AbstractPipeline.java:509)
	at java.base/java.util.stream.AbstractPipeline.wrapAndCopyInto(AbstractPipeline.java:499)
	at java.base/java.util.stream.StreamSpliterators$WrappingSpliterator.forEachRemaining(StreamSpliterators.java:310)
	at java.base/java.util.stream.Streams$ConcatSpliterator.forEachRemaining(Streams.java:735)
	at java.base/java.util.stream.Streams$ConcatSpliterator.forEachRemaining(Streams.java:734)
	at java.base/java.util.stream.ReferencePipeline$Head.forEach(ReferencePipeline.java:762)
	at org.junit.jupiter.engine.descriptor.ClassBasedTestDescriptor.invokeTestInstancePostProcessors(ClassBasedTestDescriptor.java:377)
	at org.junit.jupiter.engine.descriptor.ClassBasedTestDescriptor.lambda$instantiateAndPostProcessTestInstance$6(ClassBasedTestDescriptor.java:290)
	at org.junit.platform.engine.support.hierarchical.ThrowableCollector.execute(ThrowableCollector.java:73)
	at org.junit.jupiter.engine.descriptor.ClassBasedTestDescriptor.instantiateAndPostProcessTestInstance(ClassBasedTestDescriptor.java:289)
	at org.junit.jupiter.engine.descriptor.ClassBasedTestDescriptor.lambda$testInstancesProvider$4(ClassBasedTestDescriptor.java:279)
	at java.base/java.util.Optional.orElseGet(Optional.java:364)
	at org.junit.jupiter.engine.descriptor.ClassBasedTestDescriptor.lambda$testInstancesProvider$5(ClassBasedTestDescriptor.java:278)
	at org.junit.jupiter.engine.execution.TestInstancesProvider.getTestInstances(TestInstancesProvider.java:31)
	at org.junit.jupiter.engine.descriptor.TestMethodTestDescriptor.lambda$prepare$0(TestMethodTestDescriptor.java:106)
	at org.junit.platform.engine.support.hierarchical.ThrowableCollector.execute(ThrowableCollector.java:73)
	at org.junit.jupiter.engine.descriptor.TestMethodTestDescriptor.prepare(TestMethodTestDescriptor.java:105)
	at org.junit.jupiter.engine.descriptor.TestMethodTestDescriptor.prepare(TestMethodTestDescriptor.java:69)
	at org.junit.platform.engine.support.hierarchical.NodeTestTask.lambda$prepare$2(NodeTestTask.java:123)
	at org.junit.platform.engine.support.hierarchical.ThrowableCollector.execute(ThrowableCollector.java:73)
	at org.junit.platform.engine.support.hierarchical.NodeTestTask.prepare(NodeTestTask.java:123)
	at org.junit.platform.engine.support.hierarchical.NodeTestTask.execute(NodeTestTask.java:90)
	at java.base/java.util.ArrayList.forEach(ArrayList.java:1596)
	at org.junit.platform.engine.support.hierarchical.SameThreadHierarchicalTestExecutorService.invokeAll(SameThreadHierarchicalTestExecutorService.java:41)
	at org.junit.platform.engine.support.hierarchical.NodeTestTask.lambda$executeRecursively$6(NodeTestTask.java:155)
	at org.junit.platform.engine.support.hierarchical.ThrowableCollector.execute(ThrowableCollector.java:73)
	at org.junit.platform.engine.support.hierarchical.NodeTestTask.lambda$executeRecursively$8(NodeTestTask.java:141)
	at org.junit.platform.engine.support.hierarchical.Node.around(Node.java:137)
	at org.junit.platform.engine.support.hierarchical.NodeTestTask.lambda$executeRecursively$9(NodeTestTask.java:139)
	at org.junit.platform.engine.support.hierarchical.ThrowableCollector.execute(ThrowableCollector.java:73)
	at org.junit.platform.engine.support.hierarchical.NodeTestTask.executeRecursively(NodeTestTask.java:138)
	at org.junit.platform.engine.support.hierarchical.NodeTestTask.execute(NodeTestTask.java:95)
	at java.base/java.util.ArrayList.forEach(ArrayList.java:1596)
	at org.junit.platform.engine.support.hierarchical.SameThreadHierarchicalTestExecutorService.invokeAll(SameThreadHierarchicalTestExecutorService.java:41)
	at org.junit.platform.engine.support.hierarchical.NodeTestTask.lambda$executeRecursively$6(NodeTestTask.java:155)
	at org.junit.platform.engine.support.hierarchical.ThrowableCollector.execute(ThrowableCollector.java:73)
	at org.junit.platform.engine.support.hierarchical.NodeTestTask.lambda$executeRecursively$8(NodeTestTask.java:141)
	at org.junit.platform.engine.support.hierarchical.Node.around(Node.java:137)
	at org.junit.platform.engine.support.hierarchical.NodeTestTask.lambda$executeRecursively$9(NodeTestTask.java:139)
	at org.junit.platform.engine.support.hierarchical.ThrowableCollector.execute(ThrowableCollector.java:73)
	at org.junit.platform.engine.support.hierarchical.NodeTestTask.executeRecursively(NodeTestTask.java:138)
	at org.junit.platform.engine.support.hierarchical.NodeTestTask.execute(NodeTestTask.java:95)
	at org.junit.platform.engine.support.hierarchical.SameThreadHierarchicalTestExecutorService.submit(SameThreadHierarchicalTestExecutorService.java:35)
	at org.junit.platform.engine.support.hierarchical.HierarchicalTestExecutor.execute(HierarchicalTestExecutor.java:57)
	at org.junit.platform.engine.support.hierarchical.HierarchicalTestEngine.execute(HierarchicalTestEngine.java:54)
	at org.junit.platform.launcher.core.EngineExecutionOrchestrator.execute(EngineExecutionOrchestrator.java:198)
	at org.junit.platform.launcher.core.EngineExecutionOrchestrator.execute(EngineExecutionOrchestrator.java:169)
	at org.junit.platform.launcher.core.EngineExecutionOrchestrator.execute(EngineExecutionOrchestrator.java:93)
	at org.junit.platform.launcher.core.EngineExecutionOrchestrator.lambda$execute$0(EngineExecutionOrchestrator.java:58)
	at org.junit.platform.launcher.core.EngineExecutionOrchestrator.withInterceptedStreams(EngineExecutionOrchestrator.java:141)
	at org.junit.platform.launcher.core.EngineExecutionOrchestrator.execute(EngineExecutionOrchestrator.java:57)
	at org.junit.platform.launcher.core.DefaultLauncher.execute(DefaultLauncher.java:103)
	at org.junit.platform.launcher.core.DefaultLauncher.execute(DefaultLauncher.java:85)
	at org.junit.platform.launcher.core.DelegatingLauncher.execute(DelegatingLauncher.java:47)
	at org.apache.maven.surefire.junitplatform.LazyLauncher.execute(LazyLauncher.java:56)
	at org.apache.maven.surefire.junitplatform.JUnitPlatformProvider.execute(JUnitPlatformProvider.java:184)
	at org.apache.maven.surefire.junitplatform.JUnitPlatformProvider.invokeAllTests(JUnitPlatformProvider.java:148)
	at org.apache.maven.surefire.junitplatform.JUnitPlatformProvider.invoke(JUnitPlatformProvider.java:122)
	at org.apache.maven.surefire.booter.ForkedBooter.runSuitesInProcess(ForkedBooter.java:385)
	at org.apache.maven.surefire.booter.ForkedBooter.execute(ForkedBooter.java:162)
	at org.apache.maven.surefire.booter.ForkedBooter.run(ForkedBooter.java:507)
	at org.apache.maven.surefire.booter.ForkedBooter.main(ForkedBooter.java:495)
2026-03-18 22:59:54.240 [main] ERROR [] [] o.s.test.context.TestContextManager - Caught exception while allowing TestExecutionListener [org.springframework.test.context.web.ServletTestExecutionListener] to prepare test instance [com.messenger.config.SecurityConfigTest@6d9b18a4]
java.lang.IllegalStateException: ApplicationContext failure threshold (1) exceeded: skipping repeated attempt to load context for [WebMergedContextConfiguration@7e4b8d05 testClass = com.messenger.config.SecurityConfigTest, locations = [], classes = [com.messenger.SecureMessengerApplication], contextInitializerClasses = [], activeProfiles = ["test"], propertySourceDescriptors = [], propertySourceProperties = ["org.springframework.boot.test.context.SpringBootTestContextBootstrapper=true"], contextCustomizers = [[ImportsContextCustomizer@4b68392c key = [org.springframework.boot.test.autoconfigure.web.servlet.MockMvcWebDriverAutoConfiguration, org.springframework.boot.test.autoconfigure.web.servlet.MockMvcAutoConfiguration, org.springframework.boot.autoconfigure.security.oauth2.client.servlet.OAuth2ClientAutoConfiguration, org.springframework.boot.autoconfigure.security.servlet.SecurityAutoConfiguration, org.springframework.boot.autoconfigure.security.servlet.SecurityFilterAutoConfiguration, org.springframework.boot.autoconfigure.security.servlet.UserDetailsServiceAutoConfiguration, org.springframework.boot.autoconfigure.security.oauth2.resource.servlet.OAuth2ResourceServerAutoConfiguration, org.springframework.boot.test.autoconfigure.web.servlet.MockMvcSecurityConfiguration, org.springframework.boot.test.autoconfigure.web.servlet.MockMvcWebClientAutoConfiguration, org.springframework.boot.test.autoconfigure.web.reactive.WebTestClientAutoConfiguration]], org.springframework.boot.test.context.filter.ExcludeFilterContextCustomizer@42bc14c1, org.springframework.boot.test.json.DuplicateJsonObjectContextCustomizerFactory$DuplicateJsonObjectContextCustomizer@6f3c660a, org.springframework.boot.test.mock.mockito.MockitoContextCustomizer@0, org.springframework.boot.test.web.client.TestRestTemplateContextCustomizer@294a6b8e, org.springframework.boot.test.web.reactive.server.WebTestClientContextCustomizer@16414e40, org.springframework.boot.test.autoconfigure.actuate.observability.ObservabilityContextCustomizerFactory$DisableObservabilityContextCustomizer@1f, org.springframework.boot.test.autoconfigure.properties.PropertyMappingContextCustomizer@4b3fa0b3, org.springframework.boot.test.autoconfigure.web.servlet.WebDriverContextCustomizer@4982cc36, org.springframework.boot.test.context.SpringBootTestAnnotation@4a772aba], resourceBasePath = "src/main/webapp", contextLoader = org.springframework.boot.test.context.SpringBootContextLoader, parent = null]
	at org.springframework.test.context.cache.DefaultCacheAwareContextLoaderDelegate.loadContext(DefaultCacheAwareContextLoaderDelegate.java:145)
	at org.springframework.test.context.support.DefaultTestContext.getApplicationContext(DefaultTestContext.java:130)
	at org.springframework.test.context.web.ServletTestExecutionListener.setUpRequestContextIfNecessary(ServletTestExecutionListener.java:191)
	at org.springframework.test.context.web.ServletTestExecutionListener.prepareTestInstance(ServletTestExecutionListener.java:130)
	at org.springframework.test.context.TestContextManager.prepareTestInstance(TestContextManager.java:247)
	at org.springframework.test.context.junit.jupiter.SpringExtension.postProcessTestInstance(SpringExtension.java:163)
	at org.junit.jupiter.engine.descriptor.ClassBasedTestDescriptor.lambda$invokeTestInstancePostProcessors$10(ClassBasedTestDescriptor.java:378)
	at org.junit.jupiter.engine.descriptor.ClassBasedTestDescriptor.executeAndMaskThrowable(ClassBasedTestDescriptor.java:383)
	at org.junit.jupiter.engine.descriptor.ClassBasedTestDescriptor.lambda$invokeTestInstancePostProcessors$11(ClassBasedTestDescriptor.java:378)
	at java.base/java.util.stream.ReferencePipeline$3$1.accept(ReferencePipeline.java:197)
	at java.base/java.util.stream.ReferencePipeline$2$1.accept(ReferencePipeline.java:179)
	at java.base/java.util.ArrayList$ArrayListSpliterator.forEachRemaining(ArrayList.java:1708)
	at java.base/java.util.stream.AbstractPipeline.copyInto(AbstractPipeline.java:509)
	at java.base/java.util.stream.AbstractPipeline.wrapAndCopyInto(AbstractPipeline.java:499)
	at java.base/java.util.stream.StreamSpliterators$WrappingSpliterator.forEachRemaining(StreamSpliterators.java:310)
	at java.base/java.util.stream.Streams$ConcatSpliterator.forEachRemaining(Streams.java:735)
	at java.base/java.util.stream.Streams$ConcatSpliterator.forEachRemaining(Streams.java:734)
	at java.base/java.util.stream.ReferencePipeline$Head.forEach(ReferencePipeline.java:762)
	at org.junit.jupiter.engine.descriptor.ClassBasedTestDescriptor.invokeTestInstancePostProcessors(ClassBasedTestDescriptor.java:377)
	at org.junit.jupiter.engine.descriptor.ClassBasedTestDescriptor.lambda$instantiateAndPostProcessTestInstance$6(ClassBasedTestDescriptor.java:290)
	at org.junit.platform.engine.support.hierarchical.ThrowableCollector.execute(ThrowableCollector.java:73)
	at org.junit.jupiter.engine.descriptor.ClassBasedTestDescriptor.instantiateAndPostProcessTestInstance(ClassBasedTestDescriptor.java:289)
	at org.junit.jupiter.engine.descriptor.ClassBasedTestDescriptor.lambda$testInstancesProvider$4(ClassBasedTestDescriptor.java:279)
	at java.base/java.util.Optional.orElseGet(Optional.java:364)
	at org.junit.jupiter.engine.descriptor.ClassBasedTestDescriptor.lambda$testInstancesProvider$5(ClassBasedTestDescriptor.java:278)
	at org.junit.jupiter.engine.execution.TestInstancesProvider.getTestInstances(TestInstancesProvider.java:31)
	at org.junit.jupiter.engine.descriptor.TestMethodTestDescriptor.lambda$prepare$0(TestMethodTestDescriptor.java:106)
	at org.junit.platform.engine.support.hierarchical.ThrowableCollector.execute(ThrowableCollector.java:73)
	at org.junit.jupiter.engine.descriptor.TestMethodTestDescriptor.prepare(TestMethodTestDescriptor.java:105)
	at org.junit.jupiter.engine.descriptor.TestMethodTestDescriptor.prepare(TestMethodTestDescriptor.java:69)
	at org.junit.platform.engine.support.hierarchical.NodeTestTask.lambda$prepare$2(NodeTestTask.java:123)
	at org.junit.platform.engine.support.hierarchical.ThrowableCollector.execute(ThrowableCollector.java:73)
	at org.junit.platform.engine.support.hierarchical.NodeTestTask.prepare(NodeTestTask.java:123)
	at org.junit.platform.engine.support.hierarchical.NodeTestTask.execute(NodeTestTask.java:90)
	at java.base/java.util.ArrayList.forEach(ArrayList.java:1596)
	at org.junit.platform.engine.support.hierarchical.SameThreadHierarchicalTestExecutorService.invokeAll(SameThreadHierarchicalTestExecutorService.java:41)
	at org.junit.platform.engine.support.hierarchical.NodeTestTask.lambda$executeRecursively$6(NodeTestTask.java:155)
	at org.junit.platform.engine.support.hierarchical.ThrowableCollector.execute(ThrowableCollector.java:73)
	at org.junit.platform.engine.support.hierarchical.NodeTestTask.lambda$executeRecursively$8(NodeTestTask.java:141)
	at org.junit.platform.engine.support.hierarchical.Node.around(Node.java:137)
	at org.junit.platform.engine.support.hierarchical.NodeTestTask.lambda$executeRecursively$9(NodeTestTask.java:139)
	at org.junit.platform.engine.support.hierarchical.ThrowableCollector.execute(ThrowableCollector.java:73)
	at org.junit.platform.engine.support.hierarchical.NodeTestTask.executeRecursively(NodeTestTask.java:138)
	at org.junit.platform.engine.support.hierarchical.NodeTestTask.execute(NodeTestTask.java:95)
	at java.base/java.util.ArrayList.forEach(ArrayList.java:1596)
	at org.junit.platform.engine.support.hierarchical.SameThreadHierarchicalTestExecutorService.invokeAll(SameThreadHierarchicalTestExecutorService.java:41)
	at org.junit.platform.engine.support.hierarchical.NodeTestTask.lambda$executeRecursively$6(NodeTestTask.java:155)
	at org.junit.platform.engine.support.hierarchical.ThrowableCollector.execute(ThrowableCollector.java:73)
	at org.junit.platform.engine.support.hierarchical.NodeTestTask.lambda$executeRecursively$8(NodeTestTask.java:141)
	at org.junit.platform.engine.support.hierarchical.Node.around(Node.java:137)
	at org.junit.platform.engine.support.hierarchical.NodeTestTask.lambda$executeRecursively$9(NodeTestTask.java:139)
	at org.junit.platform.engine.support.hierarchical.ThrowableCollector.execute(ThrowableCollector.java:73)
	at org.junit.platform.engine.support.hierarchical.NodeTestTask.executeRecursively(NodeTestTask.java:138)
	at org.junit.platform.engine.support.hierarchical.NodeTestTask.execute(NodeTestTask.java:95)
	at org.junit.platform.engine.support.hierarchical.SameThreadHierarchicalTestExecutorService.submit(SameThreadHierarchicalTestExecutorService.java:35)
	at org.junit.platform.engine.support.hierarchical.HierarchicalTestExecutor.execute(HierarchicalTestExecutor.java:57)
	at org.junit.platform.engine.support.hierarchical.HierarchicalTestEngine.execute(HierarchicalTestEngine.java:54)
	at org.junit.platform.launcher.core.EngineExecutionOrchestrator.execute(EngineExecutionOrchestrator.java:198)
	at org.junit.platform.launcher.core.EngineExecutionOrchestrator.execute(EngineExecutionOrchestrator.java:169)
	at org.junit.platform.launcher.core.EngineExecutionOrchestrator.execute(EngineExecutionOrchestrator.java:93)
	at org.junit.platform.launcher.core.EngineExecutionOrchestrator.lambda$execute$0(EngineExecutionOrchestrator.java:58)
	at org.junit.platform.launcher.core.EngineExecutionOrchestrator.withInterceptedStreams(EngineExecutionOrchestrator.java:141)
	at org.junit.platform.launcher.core.EngineExecutionOrchestrator.execute(EngineExecutionOrchestrator.java:57)
	at org.junit.platform.launcher.core.DefaultLauncher.execute(DefaultLauncher.java:103)
	at org.junit.platform.launcher.core.DefaultLauncher.execute(DefaultLauncher.java:85)
	at org.junit.platform.launcher.core.DelegatingLauncher.execute(DelegatingLauncher.java:47)
	at org.apache.maven.surefire.junitplatform.LazyLauncher.execute(LazyLauncher.java:56)
	at org.apache.maven.surefire.junitplatform.JUnitPlatformProvider.execute(JUnitPlatformProvider.java:184)
	at org.apache.maven.surefire.junitplatform.JUnitPlatformProvider.invokeAllTests(JUnitPlatformProvider.java:148)
	at org.apache.maven.surefire.junitplatform.JUnitPlatformProvider.invoke(JUnitPlatformProvider.java:122)
	at org.apache.maven.surefire.booter.ForkedBooter.runSuitesInProcess(ForkedBooter.java:385)
	at org.apache.maven.surefire.booter.ForkedBooter.execute(ForkedBooter.java:162)
	at org.apache.maven.surefire.booter.ForkedBooter.run(ForkedBooter.java:507)
	at org.apache.maven.surefire.booter.ForkedBooter.main(ForkedBooter.java:495)
2026-03-18 22:59:55.255 [main] DEBUG [] [] c.m.filter.AuthRateLimitFilter - Rate limit check for ratelimit:login:203.0.113.5: 2/5 attempts
2026-03-18 22:59:55.256 [main] DEBUG [] [] c.m.filter.AuthRateLimitFilter - Rate limit check for ratelimit:login:203.0.113.5: 3/5 attempts
2026-03-18 22:59:55.257 [main] DEBUG [] [] c.m.filter.AuthRateLimitFilter - Rate limit check for ratelimit:login:203.0.113.5: 4/5 attempts
2026-03-18 22:59:55.258 [main] DEBUG [] [] c.m.filter.AuthRateLimitFilter - Rate limit check for ratelimit:login:203.0.113.5: 5/5 attempts
2026-03-18 22:59:55.258 [main] WARN  [] [] c.m.filter.AuthRateLimitFilter - Rate limit exceeded for ratelimit:login:203.0.113.5: 6 attempts
2026-03-18 22:59:55.279 [main] WARN  [] [] c.m.filter.AuthRateLimitFilter - Rate limit response sent: retry after 60 seconds
2026-03-18 22:59:55.320 [main] DEBUG [] [] c.m.filter.AuthRateLimitFilter - Rate limit check for ratelimit:login:192.168.1.1: 2/5 attempts
2026-03-18 22:59:55.321 [main] DEBUG [] [] c.m.filter.AuthRateLimitFilter - Rate limit check for ratelimit:login:192.168.1.1: 3/5 attempts
2026-03-18 22:59:55.322 [main] DEBUG [] [] c.m.filter.AuthRateLimitFilter - Rate limit check for ratelimit:login:192.168.1.1: 4/5 attempts
2026-03-18 22:59:55.322 [main] DEBUG [] [] c.m.filter.AuthRateLimitFilter - Rate limit check for ratelimit:login:192.168.1.1: 5/5 attempts
2026-03-18 22:59:55.323 [main] WARN  [] [] c.m.filter.AuthRateLimitFilter - Rate limit exceeded for ratelimit:login:192.168.1.1: 6 attempts
2026-03-18 22:59:55.323 [main] WARN  [] [] c.m.filter.AuthRateLimitFilter - Rate limit response sent: retry after 60 seconds
2026-03-18 22:59:55.325 [main] DEBUG [] [] c.m.filter.AuthRateLimitFilter - Rate limit check for ratelimit:register:192.168.1.1: 2/3 attempts
2026-03-18 22:59:55.325 [main] DEBUG [] [] c.m.filter.AuthRateLimitFilter - Rate limit check for ratelimit:register:192.168.1.1: 3/3 attempts
2026-03-18 22:59:55.325 [main] WARN  [] [] c.m.filter.AuthRateLimitFilter - Rate limit exceeded for ratelimit:register:192.168.1.1: 4 attempts
2026-03-18 22:59:55.326 [main] WARN  [] [] c.m.filter.AuthRateLimitFilter - Rate limit response sent: retry after 60 seconds
2026-03-18 22:59:55.342 [main] DEBUG [] [] c.m.filter.AuthRateLimitFilter - Rate limit check for ratelimit:login:192.168.1.1: 2/5 attempts
2026-03-18 22:59:55.343 [main] DEBUG [] [] c.m.filter.AuthRateLimitFilter - Rate limit check for ratelimit:login:192.168.1.1: 3/5 attempts
2026-03-18 22:59:55.343 [main] DEBUG [] [] c.m.filter.AuthRateLimitFilter - Rate limit check for ratelimit:login:192.168.1.1: 4/5 attempts
2026-03-18 22:59:55.343 [main] DEBUG [] [] c.m.filter.AuthRateLimitFilter - Rate limit check for ratelimit:login:192.168.1.1: 5/5 attempts
2026-03-18 22:59:55.372 [main] DEBUG [] [] c.m.filter.AuthRateLimitFilter - Rate limit check for ratelimit:login:192.168.1.1: 2/5 attempts
2026-03-18 22:59:55.372 [main] DEBUG [] [] c.m.filter.AuthRateLimitFilter - Rate limit check for ratelimit:login:192.168.1.1: 3/5 attempts
2026-03-18 22:59:55.372 [main] DEBUG [] [] c.m.filter.AuthRateLimitFilter - Rate limit check for ratelimit:login:192.168.1.1: 4/5 attempts
2026-03-18 22:59:55.373 [main] DEBUG [] [] c.m.filter.AuthRateLimitFilter - Rate limit check for ratelimit:login:192.168.1.1: 5/5 attempts
2026-03-18 22:59:55.373 [main] WARN  [] [] c.m.filter.AuthRateLimitFilter - Rate limit exceeded for ratelimit:login:192.168.1.1: 6 attempts
2026-03-18 22:59:55.374 [main] WARN  [] [] c.m.filter.AuthRateLimitFilter - Rate limit response sent: retry after 60 seconds
2026-03-18 22:59:55.388 [main] DEBUG [] [] c.m.filter.AuthRateLimitFilter - Rate limit check for ratelimit:login:192.168.1.1: 2/5 attempts
2026-03-18 22:59:55.389 [main] DEBUG [] [] c.m.filter.AuthRateLimitFilter - Rate limit check for ratelimit:login:192.168.1.1: 3/5 attempts
2026-03-18 22:59:55.389 [main] DEBUG [] [] c.m.filter.AuthRateLimitFilter - Rate limit check for ratelimit:login:192.168.1.1: 4/5 attempts
2026-03-18 22:59:55.389 [main] DEBUG [] [] c.m.filter.AuthRateLimitFilter - Rate limit check for ratelimit:login:192.168.1.1: 5/5 attempts
2026-03-18 22:59:55.390 [main] WARN  [] [] c.m.filter.AuthRateLimitFilter - Rate limit exceeded for ratelimit:login:192.168.1.1: 6 attempts
2026-03-18 22:59:55.390 [main] WARN  [] [] c.m.filter.AuthRateLimitFilter - Rate limit response sent: retry after 60 seconds
2026-03-18 22:59:55.418 [main] DEBUG [] [] c.m.filter.AuthRateLimitFilter - Rate limit check for ratelimit:login:192.168.1.1: 2/5 attempts
2026-03-18 22:59:55.419 [main] DEBUG [] [] c.m.filter.AuthRateLimitFilter - Rate limit check for ratelimit:login:192.168.1.1: 3/5 attempts
2026-03-18 22:59:55.419 [main] DEBUG [] [] c.m.filter.AuthRateLimitFilter - Rate limit check for ratelimit:login:192.168.1.1: 4/5 attempts
2026-03-18 22:59:55.419 [main] DEBUG [] [] c.m.filter.AuthRateLimitFilter - Rate limit check for ratelimit:login:192.168.1.1: 5/5 attempts
2026-03-18 22:59:55.420 [main] DEBUG [] [] c.m.filter.AuthRateLimitFilter - Rate limit check for ratelimit:login:192.168.1.2: 2/5 attempts
2026-03-18 22:59:55.420 [main] DEBUG [] [] c.m.filter.AuthRateLimitFilter - Rate limit check for ratelimit:login:192.168.1.2: 3/5 attempts
2026-03-18 22:59:55.421 [main] DEBUG [] [] c.m.filter.AuthRateLimitFilter - Rate limit check for ratelimit:login:192.168.1.2: 4/5 attempts
2026-03-18 22:59:55.421 [main] DEBUG [] [] c.m.filter.AuthRateLimitFilter - Rate limit check for ratelimit:login:192.168.1.2: 5/5 attempts
2026-03-18 22:59:55.679 [main] ERROR [] [] c.m.security.JwtTokenProvider - Invalid JWT token
2026-03-18 22:59:55.771 [main] DEBUG [] [] c.messenger.security.PBKDF2Service - Key derived successfully using PBKDF2 (iterations: 100000)
2026-03-18 22:59:55.804 [main] DEBUG [] [] c.messenger.security.PBKDF2Service - Key derived successfully using PBKDF2 (iterations: 100000)
2026-03-18 22:59:55.829 [main] DEBUG [] [] c.messenger.security.PBKDF2Service - Key derived successfully using PBKDF2 (iterations: 100000)
2026-03-18 22:59:55.850 [main] DEBUG [] [] c.messenger.security.PBKDF2Service - Key derived successfully using PBKDF2 (iterations: 100000)
2026-03-18 22:59:55.878 [main] DEBUG [] [] c.messenger.security.PBKDF2Service - Key derived successfully using PBKDF2 (iterations: 100000)
2026-03-18 22:59:55.898 [main] DEBUG [] [] c.messenger.security.PBKDF2Service - Key derived successfully using PBKDF2 (iterations: 100000)
2026-03-18 22:59:55.920 [main] DEBUG [] [] c.messenger.security.PBKDF2Service - Key derived successfully using PBKDF2 (iterations: 100000)
2026-03-18 22:59:55.941 [main] DEBUG [] [] c.messenger.security.PBKDF2Service - Key derived successfully using PBKDF2 (iterations: 100000)
2026-03-18 22:59:55.945 [main] ERROR [] [] c.messenger.security.PBKDF2Service - Invalid salt encoding
java.lang.IllegalArgumentException: Illegal base64 character 2d
	at java.base/java.util.Base64$Decoder.decode0(Base64.java:852)
	at java.base/java.util.Base64$Decoder.decode(Base64.java:570)
	at java.base/java.util.Base64$Decoder.decode(Base64.java:593)
	at com.messenger.security.PBKDF2Service.deriveKeyFromPassword(PBKDF2Service.java:50)
	at com.messenger.security.PBKDF2ServiceTest.lambda$testDeriveKeyWithInvalidSalt$0(PBKDF2ServiceTest.java:178)
	at org.junit.jupiter.api.AssertThrows.assertThrows(AssertThrows.java:53)
	at org.junit.jupiter.api.AssertThrows.assertThrows(AssertThrows.java:35)
	at org.junit.jupiter.api.Assertions.assertThrows(Assertions.java:3115)
	at com.messenger.security.PBKDF2ServiceTest.testDeriveKeyWithInvalidSalt(PBKDF2ServiceTest.java:177)
	at java.base/jdk.internal.reflect.DirectMethodHandleAccessor.invoke(DirectMethodHandleAccessor.java:103)
	at java.base/java.lang.reflect.Method.invoke(Method.java:580)
	at org.junit.platform.commons.util.ReflectionUtils.invokeMethod(ReflectionUtils.java:728)
	at org.junit.jupiter.engine.execution.MethodInvocation.proceed(MethodInvocation.java:60)
	at org.junit.jupiter.engine.execution.InvocationInterceptorChain$ValidatingInvocation.proceed(InvocationInterceptorChain.java:131)
	at org.junit.jupiter.engine.extension.TimeoutExtension.intercept(TimeoutExtension.java:156)
	at org.junit.jupiter.engine.extension.TimeoutExtension.interceptTestableMethod(TimeoutExtension.java:147)
	at org.junit.jupiter.engine.extension.TimeoutExtension.interceptTestMethod(TimeoutExtension.java:86)
	at org.junit.jupiter.engine.execution.InterceptingExecutableInvoker$ReflectiveInterceptorCall.lambda$ofVoidMethod$0(InterceptingExecutableInvoker.java:103)
	at org.junit.jupiter.engine.execution.InterceptingExecutableInvoker.lambda$invoke$0(InterceptingExecutableInvoker.java:93)
	at org.junit.jupiter.engine.execution.InvocationInterceptorChain$InterceptedInvocation.proceed(InvocationInterceptorChain.java:106)
	at org.junit.jupiter.engine.execution.InvocationInterceptorChain.proceed(InvocationInterceptorChain.java:64)
	at org.junit.jupiter.engine.execution.InvocationInterceptorChain.chainAndInvoke(InvocationInterceptorChain.java:45)
	at org.junit.jupiter.engine.execution.InvocationInterceptorChain.invoke(InvocationInterceptorChain.java:37)
	at org.junit.jupiter.engine.execution.InterceptingExecutableInvoker.invoke(InterceptingExecutableInvoker.java:92)
	at org.junit.jupiter.engine.execution.InterceptingExecutableInvoker.invoke(InterceptingExecutableInvoker.java:86)
	at org.junit.jupiter.engine.descriptor.TestMethodTestDescriptor.lambda$invokeTestMethod$7(TestMethodTestDescriptor.java:218)
	at org.junit.platform.engine.support.hierarchical.ThrowableCollector.execute(ThrowableCollector.java:73)
	at org.junit.jupiter.engine.descriptor.TestMethodTestDescriptor.invokeTestMethod(TestMethodTestDescriptor.java:214)
	at org.junit.jupiter.engine.descriptor.TestMethodTestDescriptor.execute(TestMethodTestDescriptor.java:139)
	at org.junit.jupiter.engine.descriptor.TestMethodTestDescriptor.execute(TestMethodTestDescriptor.java:69)
	at org.junit.platform.engine.support.hierarchical.NodeTestTask.lambda$executeRecursively$6(NodeTestTask.java:151)
	at org.junit.platform.engine.support.hierarchical.ThrowableCollector.execute(ThrowableCollector.java:73)
	at org.junit.platform.engine.support.hierarchical.NodeTestTask.lambda$executeRecursively$8(NodeTestTask.java:141)
	at org.junit.platform.engine.support.hierarchical.Node.around(Node.java:137)
	at org.junit.platform.engine.support.hierarchical.NodeTestTask.lambda$executeRecursively$9(NodeTestTask.java:139)
	at org.junit.platform.engine.support.hierarchical.ThrowableCollector.execute(ThrowableCollector.java:73)
	at org.junit.platform.engine.support.hierarchical.NodeTestTask.executeRecursively(NodeTestTask.java:138)
	at org.junit.platform.engine.support.hierarchical.NodeTestTask.execute(NodeTestTask.java:95)
	at java.base/java.util.ArrayList.forEach(ArrayList.java:1596)
	at org.junit.platform.engine.support.hierarchical.SameThreadHierarchicalTestExecutorService.invokeAll(SameThreadHierarchicalTestExecutorService.java:41)
	at org.junit.platform.engine.support.hierarchical.NodeTestTask.lambda$executeRecursively$6(NodeTestTask.java:155)
	at org.junit.platform.engine.support.hierarchical.ThrowableCollector.execute(ThrowableCollector.java:73)
	at org.junit.platform.engine.support.hierarchical.NodeTestTask.lambda$executeRecursively$8(NodeTestTask.java:141)
	at org.junit.platform.engine.support.hierarchical.Node.around(Node.java:137)
	at org.junit.platform.engine.support.hierarchical.NodeTestTask.lambda$executeRecursively$9(NodeTestTask.java:139)
	at org.junit.platform.engine.support.hierarchical.ThrowableCollector.execute(ThrowableCollector.java:73)
	at org.junit.platform.engine.support.hierarchical.NodeTestTask.executeRecursively(NodeTestTask.java:138)
	at org.junit.platform.engine.support.hierarchical.NodeTestTask.execute(NodeTestTask.java:95)
	at java.base/java.util.ArrayList.forEach(ArrayList.java:1596)
	at org.junit.platform.engine.support.hierarchical.SameThreadHierarchicalTestExecutorService.invokeAll(SameThreadHierarchicalTestExecutorService.java:41)
	at org.junit.platform.engine.support.hierarchical.NodeTestTask.lambda$executeRecursively$6(NodeTestTask.java:155)
	at org.junit.platform.engine.support.hierarchical.ThrowableCollector.execute(ThrowableCollector.java:73)
	at org.junit.platform.engine.support.hierarchical.NodeTestTask.lambda$executeRecursively$8(NodeTestTask.java:141)
	at org.junit.platform.engine.support.hierarchical.Node.around(Node.java:137)
	at org.junit.platform.engine.support.hierarchical.NodeTestTask.lambda$executeRecursively$9(NodeTestTask.java:139)
	at org.junit.platform.engine.support.hierarchical.ThrowableCollector.execute(ThrowableCollector.java:73)
	at org.junit.platform.engine.support.hierarchical.NodeTestTask.executeRecursively(NodeTestTask.java:138)
	at org.junit.platform.engine.support.hierarchical.NodeTestTask.execute(NodeTestTask.java:95)
	at org.junit.platform.engine.support.hierarchical.SameThreadHierarchicalTestExecutorService.submit(SameThreadHierarchicalTestExecutorService.java:35)
	at org.junit.platform.engine.support.hierarchical.HierarchicalTestExecutor.execute(HierarchicalTestExecutor.java:57)
	at org.junit.platform.engine.support.hierarchical.HierarchicalTestEngine.execute(HierarchicalTestEngine.java:54)
	at org.junit.platform.launcher.core.EngineExecutionOrchestrator.execute(EngineExecutionOrchestrator.java:198)
	at org.junit.platform.launcher.core.EngineExecutionOrchestrator.execute(EngineExecutionOrchestrator.java:169)
	at org.junit.platform.launcher.core.EngineExecutionOrchestrator.execute(EngineExecutionOrchestrator.java:93)
	at org.junit.platform.launcher.core.EngineExecutionOrchestrator.lambda$execute$0(EngineExecutionOrchestrator.java:58)
	at org.junit.platform.launcher.core.EngineExecutionOrchestrator.withInterceptedStreams(EngineExecutionOrchestrator.java:141)
	at org.junit.platform.launcher.core.EngineExecutionOrchestrator.execute(EngineExecutionOrchestrator.java:57)
	at org.junit.platform.launcher.core.DefaultLauncher.execute(DefaultLauncher.java:103)
	at org.junit.platform.launcher.core.DefaultLauncher.execute(DefaultLauncher.java:85)
	at org.junit.platform.launcher.core.DelegatingLauncher.execute(DelegatingLauncher.java:47)
	at org.apache.maven.surefire.junitplatform.LazyLauncher.execute(LazyLauncher.java:56)
	at org.apache.maven.surefire.junitplatform.JUnitPlatformProvider.execute(JUnitPlatformProvider.java:184)
	at org.apache.maven.surefire.junitplatform.JUnitPlatformProvider.invokeAllTests(JUnitPlatformProvider.java:148)
	at org.apache.maven.surefire.junitplatform.JUnitPlatformProvider.invoke(JUnitPlatformProvider.java:122)
	at org.apache.maven.surefire.booter.ForkedBooter.runSuitesInProcess(ForkedBooter.java:385)
	at org.apache.maven.surefire.booter.ForkedBooter.execute(ForkedBooter.java:162)
	at org.apache.maven.surefire.booter.ForkedBooter.run(ForkedBooter.java:507)
	at org.apache.maven.surefire.booter.ForkedBooter.main(ForkedBooter.java:495)
2026-03-18 22:59:55.964 [main] DEBUG [] [] c.messenger.security.PBKDF2Service - Key derived successfully using PBKDF2 (iterations: 100000)
2026-03-18 22:59:55.985 [main] DEBUG [] [] c.messenger.security.PBKDF2Service - Key derived successfully using PBKDF2 (iterations: 100000)
2026-03-18 22:59:56.016 [main] DEBUG [] [] c.messenger.security.PBKDF2Service - Key derived successfully using PBKDF2 (iterations: 100000)
2026-03-18 22:59:56.037 [main] DEBUG [] [] c.messenger.security.PBKDF2Service - Key derived successfully using PBKDF2 (iterations: 100000)
2026-03-18 22:59:56.141 [main] INFO  [] [] c.m.service.FileStorageService - getFileUrl called: minioPublicUrl=, bucketName=messenger-files, fileName=files/test/file.jpg
2026-03-18 22:59:56.147 [main] INFO  [] [] c.m.service.FileStorageService - Generated presigned URL: http://presigned-url.com/file.jpg
2026-03-18 22:59:56.169 [main] INFO  [] [] c.m.service.FileStorageService - File deleted: files/test/file.jpg
2026-03-18 23:05:27.039 [background-preinit] INFO  [] [] o.h.validator.internal.util.Version - HV000001: Hibernate Validator 8.0.1.Final
2026-03-18 23:05:27.088 [main] INFO  [] [] c.m.config.SecurityConfigTest - Starting SecurityConfigTest using Java 21.0.2 with PID 76772 (started by koval in C:\Users\koval\messenger-app)
2026-03-18 23:05:27.089 [main] DEBUG [] [] c.m.config.SecurityConfigTest - Running with Spring Boot v3.2.0, Spring v6.1.1
2026-03-18 23:05:27.089 [main] INFO  [] [] c.m.config.SecurityConfigTest - The following 1 profile is active: "test"
2026-03-18 23:05:29.901 [main] INFO  [] [] com.zaxxer.hikari.HikariDataSource - HikariPool-1 - Starting...
2026-03-18 23:05:30.039 [main] INFO  [] [] com.zaxxer.hikari.pool.HikariPool - HikariPool-1 - Added connection conn0: url=jdbc:h2:mem:testdb user=SA
2026-03-18 23:05:30.041 [main] INFO  [] [] com.zaxxer.hikari.HikariDataSource - HikariPool-1 - Start completed.
2026-03-18 23:05:30.094 [main] INFO  [] [] liquibase.database - Set default schema name to PUBLIC
2026-03-18 23:05:30.618 [main] INFO  [] [] liquibase.changelog - Creating database history table with name: PUBLIC.DATABASECHANGELOG
2026-03-18 23:05:30.749 [main] INFO  [] [] liquibase.changelog - Reading from PUBLIC.DATABASECHANGELOG
2026-03-18 23:05:30.838 [main] INFO  [] [] liquibase.lockservice - Successfully acquired change log lock
2026-03-18 23:05:30.839 [main] INFO  [] [] liquibase.command - Using deploymentId: 3864330839
2026-03-18 23:05:30.840 [main] INFO  [] [] liquibase.changelog - Reading from PUBLIC.DATABASECHANGELOG
2026-03-18 23:05:30.905 [main] INFO  [] [] liquibase.changelog - Table users created
2026-03-18 23:05:30.907 [main] INFO  [] [] liquibase.changelog - ChangeSet db/changelog/db.changelog-master.xml::1::messenger ran successfully in 13ms
2026-03-18 23:05:30.917 [main] INFO  [] [] liquibase.changelog - Table chats created
2026-03-18 23:05:30.917 [main] INFO  [] [] liquibase.changelog - ChangeSet db/changelog/db.changelog-master.xml::2::messenger ran successfully in 6ms
2026-03-18 23:05:30.922 [main] INFO  [] [] liquibase.changelog - Table user_chats created
2026-03-18 23:05:30.924 [main] INFO  [] [] liquibase.changelog - Unique constraint added to user_chats(user_id, chat_id)
2026-03-18 23:05:30.924 [main] INFO  [] [] liquibase.changelog - ChangeSet db/changelog/db.changelog-master.xml::3::messenger ran successfully in 4ms
2026-03-18 23:05:30.931 [main] INFO  [] [] liquibase.changelog - Table messages created
2026-03-18 23:05:30.933 [main] INFO  [] [] liquibase.changelog - Index idx_messages_chat_created created
2026-03-18 23:05:30.933 [main] INFO  [] [] liquibase.changelog - Index idx_messages_sender created
2026-03-18 23:05:30.933 [main] INFO  [] [] liquibase.changelog - ChangeSet db/changelog/db.changelog-master.xml::4::messenger ran successfully in 6ms
2026-03-18 23:05:30.937 [main] INFO  [] [] liquibase.changelog - Table file_attachments created
2026-03-18 23:05:30.938 [main] INFO  [] [] liquibase.changelog - Unique constraint added to file_attachments(message_id)
2026-03-18 23:05:30.938 [main] INFO  [] [] liquibase.changelog - ChangeSet db/changelog/db.changelog-master.xml::5::messenger ran successfully in 3ms
2026-03-18 23:05:30.949 [main] INFO  [] [] liquibase.changelog - Table voice_messages created
2026-03-18 23:05:30.951 [main] INFO  [] [] liquibase.changelog - Unique constraint added to voice_messages(message_id)
2026-03-18 23:05:30.951 [main] INFO  [] [] liquibase.changelog - ChangeSet db/changelog/db.changelog-master.xml::6::messenger ran successfully in 11ms
2026-03-18 23:05:30.966 [main] INFO  [] [] liquibase.changelog - Table message_status created
2026-03-18 23:05:30.968 [main] INFO  [] [] liquibase.changelog - Unique constraint added to message_status(message_id, user_id)
2026-03-18 23:05:30.968 [main] INFO  [] [] liquibase.changelog - Index idx_status_user created
2026-03-18 23:05:30.969 [main] INFO  [] [] liquibase.changelog - ChangeSet db/changelog/db.changelog-master.xml::7::messenger ran successfully in 12ms
2026-03-18 23:05:30.975 [main] INFO  [] [] liquibase.changelog - Table video_conferences created
2026-03-18 23:05:30.976 [main] INFO  [] [] liquibase.changelog - Index idx_conference_chat created
2026-03-18 23:05:30.976 [main] INFO  [] [] liquibase.changelog - ChangeSet db/changelog/db.changelog-master.xml::8::messenger ran successfully in 5ms
2026-03-18 23:05:30.980 [main] INFO  [] [] liquibase.changelog - Table conference_participants created
2026-03-18 23:05:30.981 [main] INFO  [] [] liquibase.changelog - Index idx_participant_conference created
2026-03-18 23:05:30.981 [main] INFO  [] [] liquibase.changelog - ChangeSet db/changelog/db.changelog-master.xml::9::messenger ran successfully in 3ms
2026-03-18 23:05:30.985 [main] INFO  [] [] liquibase.changelog - Table devices created
2026-03-18 23:05:30.986 [main] INFO  [] [] liquibase.changelog - Index idx_devices_user created
2026-03-18 23:05:30.986 [main] INFO  [] [] liquibase.changelog - Index idx_devices_online created
2026-03-18 23:05:30.988 [main] INFO  [] [] liquibase.changelog - Index idx_devices_heartbeat created
2026-03-18 23:05:30.988 [main] INFO  [] [] liquibase.changelog - ChangeSet db/changelog/db.changelog-master.xml::10::messenger ran successfully in 4ms
2026-03-18 23:05:30.991 [main] INFO  [] [] liquibase.changelog - Index idx_users_username created
2026-03-18 23:05:30.991 [main] INFO  [] [] liquibase.changelog - Index idx_users_email created
2026-03-18 23:05:30.991 [main] INFO  [] [] liquibase.changelog - Index idx_devices_user_id created
2026-03-18 23:05:30.992 [main] INFO  [] [] liquibase.changelog - Index idx_devices_device_id created
2026-03-18 23:05:30.992 [main] INFO  [] [] liquibase.changelog - ChangeSet db/changelog/db.changelog-master.xml::add-indexes::developer ran successfully in 1ms
2026-03-18 23:05:30.999 [main] INFO  [] [] liquibase.changelog - Table message_mentions created
2026-03-18 23:05:31.000 [main] INFO  [] [] liquibase.changelog - Index idx_mentions_user created
2026-03-18 23:05:31.001 [main] INFO  [] [] liquibase.changelog - ChangeSet db/changelog/db.changelog-master.xml::message-mentions::developer ran successfully in 6ms
2026-03-18 23:05:31.003 [main] INFO  [] [] liquibase.changelog - ChangeSet db/changelog/db.changelog-master.xml::fix-voice-message-id-type::developer ran successfully in 1ms
2026-03-18 23:05:31.011 [main] INFO  [] [] liquibase.util - UPDATE SUMMARY
2026-03-18 23:05:31.011 [main] INFO  [] [] liquibase.util - Run:                         13
2026-03-18 23:05:31.011 [main] INFO  [] [] liquibase.util - Previously run:               0
2026-03-18 23:05:31.011 [main] INFO  [] [] liquibase.util - Filtered out:                 0
2026-03-18 23:05:31.011 [main] INFO  [] [] liquibase.util - -------------------------------
2026-03-18 23:05:31.011 [main] INFO  [] [] liquibase.util - Total change sets:           13
2026-03-18 23:05:31.011 [main] INFO  [] [] liquibase.util - Update summary generated
2026-03-18 23:05:31.014 [main] INFO  [] [] liquibase.command - Update command completed successfully.
2026-03-18 23:05:31.016 [main] INFO  [] [] liquibase.lockservice - Successfully released change log lock
2026-03-18 23:05:31.016 [main] INFO  [] [] liquibase.command - Command execution complete
2026-03-18 23:05:31.214 [main] INFO  [] [] o.h.jpa.internal.util.LogHelper - HHH000204: Processing PersistenceUnitInfo [name: default]
2026-03-18 23:05:31.313 [main] INFO  [] [] org.hibernate.Version - HHH000412: Hibernate ORM core version 6.3.1.Final
2026-03-18 23:05:31.338 [main] INFO  [] [] o.h.c.i.RegionFactoryInitiator - HHH000026: Second-level cache disabled
2026-03-18 23:05:31.576 [main] WARN  [] [] org.hibernate.dialect.Dialect - HHH000511: The 2.2.0 version for [org.hibernate.dialect.PostgreSQLDialect] is no longer supported, hence certain features may not work properly. The minimum supported version is 11.0.0. Check the community dialects project for available legacy versions.
2026-03-18 23:05:31.585 [main] WARN  [] [] org.hibernate.orm.deprecation - HHH90000025: PostgreSQLDialect does not need to be specified explicitly using 'hibernate.dialect' (remove the property setting and it will be selected by default)
2026-03-18 23:05:32.571 [main] INFO  [] [] o.h.e.t.j.p.i.JtaPlatformInitiator - HHH000489: No JTA platform available (set 'hibernate.transaction.jta.platform' to enable JTA platform integration)
2026-03-18 23:05:32.627 [main] WARN  [] [] o.h.t.s.i.ExceptionHandlerLoggedImpl - GenerationTarget encountered exception accepting command : Error executing DDL "
    create index idx_mention_timestamp 
       on message_mentions (timestamp)" via JDBC [Столбец "TIMESTAMP" не найден
Column "TIMESTAMP" not found;]
org.hibernate.tool.schema.spi.CommandAcceptanceException: Error executing DDL "
    create index idx_mention_timestamp 
       on message_mentions (timestamp)" via JDBC [Столбец "TIMESTAMP" не найден
Column "TIMESTAMP" not found;]
	at org.hibernate.tool.schema.internal.exec.GenerationTargetToDatabase.accept(GenerationTargetToDatabase.java:94)
	at org.hibernate.tool.schema.internal.Helper.applySqlString(Helper.java:233)
	at org.hibernate.tool.schema.internal.Helper.applySqlStrings(Helper.java:217)
	at org.hibernate.tool.schema.internal.SchemaCreatorImpl.createTableConstraints(SchemaCreatorImpl.java:383)
	at org.hibernate.tool.schema.internal.SchemaCreatorImpl.createSequencesTablesConstraints(SchemaCreatorImpl.java:351)
	at org.hibernate.tool.schema.internal.SchemaCreatorImpl.createFromMetadata(SchemaCreatorImpl.java:239)
	at org.hibernate.tool.schema.internal.SchemaCreatorImpl.performCreation(SchemaCreatorImpl.java:172)
	at org.hibernate.tool.schema.internal.SchemaCreatorImpl.doCreation(SchemaCreatorImpl.java:142)
	at org.hibernate.tool.schema.internal.SchemaCreatorImpl.doCreation(SchemaCreatorImpl.java:118)
	at org.hibernate.tool.schema.spi.SchemaManagementToolCoordinator.performDatabaseAction(SchemaManagementToolCoordinator.java:256)
	at org.hibernate.tool.schema.spi.SchemaManagementToolCoordinator.lambda$process$5(SchemaManagementToolCoordinator.java:145)
	at java.base/java.util.HashMap.forEach(HashMap.java:1429)
	at org.hibernate.tool.schema.spi.SchemaManagementToolCoordinator.process(SchemaManagementToolCoordinator.java:142)
	at org.hibernate.boot.internal.SessionFactoryObserverForSchemaExport.sessionFactoryCreated(SessionFactoryObserverForSchemaExport.java:37)
	at org.hibernate.internal.SessionFactoryObserverChain.sessionFactoryCreated(SessionFactoryObserverChain.java:35)
	at org.hibernate.internal.SessionFactoryImpl.<init>(SessionFactoryImpl.java:295)
	at org.hibernate.boot.internal.SessionFactoryBuilderImpl.build(SessionFactoryBuilderImpl.java:450)
	at org.hibernate.jpa.boot.internal.EntityManagerFactoryBuilderImpl.build(EntityManagerFactoryBuilderImpl.java:1507)
	at org.springframework.orm.jpa.vendor.SpringHibernateJpaPersistenceProvider.createContainerEntityManagerFactory(SpringHibernateJpaPersistenceProvider.java:75)
	at org.springframework.orm.jpa.LocalContainerEntityManagerFactoryBean.createNativeEntityManagerFactory(LocalContainerEntityManagerFactoryBean.java:376)
	at org.springframework.orm.jpa.AbstractEntityManagerFactoryBean.buildNativeEntityManagerFactory(AbstractEntityManagerFactoryBean.java:409)
	at org.springframework.orm.jpa.AbstractEntityManagerFactoryBean.afterPropertiesSet(AbstractEntityManagerFactoryBean.java:396)
	at org.springframework.orm.jpa.LocalContainerEntityManagerFactoryBean.afterPropertiesSet(LocalContainerEntityManagerFactoryBean.java:352)
	at org.springframework.beans.factory.support.AbstractAutowireCapableBeanFactory.invokeInitMethods(AbstractAutowireCapableBeanFactory.java:1822)
	at org.springframework.beans.factory.support.AbstractAutowireCapableBeanFactory.initializeBean(AbstractAutowireCapableBeanFactory.java:1771)
	at org.springframework.beans.factory.support.AbstractAutowireCapableBeanFactory.doCreateBean(AbstractAutowireCapableBeanFactory.java:601)
	at org.springframework.beans.factory.support.AbstractAutowireCapableBeanFactory.createBean(AbstractAutowireCapableBeanFactory.java:523)
	at org.springframework.beans.factory.support.AbstractBeanFactory.lambda$doGetBean$0(AbstractBeanFactory.java:325)
	at org.springframework.beans.factory.support.DefaultSingletonBeanRegistry.getSingleton(DefaultSingletonBeanRegistry.java:234)
	at org.springframework.beans.factory.support.AbstractBeanFactory.doGetBean(AbstractBeanFactory.java:323)
	at org.springframework.beans.factory.support.AbstractBeanFactory.getBean(AbstractBeanFactory.java:199)
	at org.springframework.context.support.AbstractApplicationContext.getBean(AbstractApplicationContext.java:1173)
	at org.springframework.context.support.AbstractApplicationContext.finishBeanFactoryInitialization(AbstractApplicationContext.java:936)
	at org.springframework.context.support.AbstractApplicationContext.refresh(AbstractApplicationContext.java:616)
	at org.springframework.boot.SpringApplication.refresh(SpringApplication.java:753)
	at org.springframework.boot.SpringApplication.refreshContext(SpringApplication.java:455)
	at org.springframework.boot.SpringApplication.run(SpringApplication.java:323)
	at org.springframework.boot.test.context.SpringBootContextLoader.lambda$loadContext$3(SpringBootContextLoader.java:137)
	at org.springframework.util.function.ThrowingSupplier.get(ThrowingSupplier.java:58)
	at org.springframework.util.function.ThrowingSupplier.get(ThrowingSupplier.java:46)
	at org.springframework.boot.SpringApplication.withHook(SpringApplication.java:1442)
	at org.springframework.boot.test.context.SpringBootContextLoader$ContextLoaderHook.run(SpringBootContextLoader.java:552)
	at org.springframework.boot.test.context.SpringBootContextLoader.loadContext(SpringBootContextLoader.java:137)
	at org.springframework.boot.test.context.SpringBootContextLoader.loadContext(SpringBootContextLoader.java:108)
	at org.springframework.test.context.cache.DefaultCacheAwareContextLoaderDelegate.loadContextInternal(DefaultCacheAwareContextLoaderDelegate.java:225)
	at org.springframework.test.context.cache.DefaultCacheAwareContextLoaderDelegate.loadContext(DefaultCacheAwareContextLoaderDelegate.java:152)
	at org.springframework.test.context.support.DefaultTestContext.getApplicationContext(DefaultTestContext.java:130)
	at org.springframework.test.context.web.ServletTestExecutionListener.setUpRequestContextIfNecessary(ServletTestExecutionListener.java:191)
	at org.springframework.test.context.web.ServletTestExecutionListener.prepareTestInstance(ServletTestExecutionListener.java:130)
	at org.springframework.test.context.TestContextManager.prepareTestInstance(TestContextManager.java:247)
	at org.springframework.test.context.junit.jupiter.SpringExtension.postProcessTestInstance(SpringExtension.java:163)
	at org.junit.jupiter.engine.descriptor.ClassBasedTestDescriptor.lambda$invokeTestInstancePostProcessors$10(ClassBasedTestDescriptor.java:378)
	at org.junit.jupiter.engine.descriptor.ClassBasedTestDescriptor.executeAndMaskThrowable(ClassBasedTestDescriptor.java:383)
	at org.junit.jupiter.engine.descriptor.ClassBasedTestDescriptor.lambda$invokeTestInstancePostProcessors$11(ClassBasedTestDescriptor.java:378)
	at java.base/java.util.stream.ReferencePipeline$3$1.accept(ReferencePipeline.java:197)
	at java.base/java.util.stream.ReferencePipeline$2$1.accept(ReferencePipeline.java:179)
	at java.base/java.util.ArrayList$ArrayListSpliterator.forEachRemaining(ArrayList.java:1708)
	at java.base/java.util.stream.AbstractPipeline.copyInto(AbstractPipeline.java:509)
	at java.base/java.util.stream.AbstractPipeline.wrapAndCopyInto(AbstractPipeline.java:499)
	at java.base/java.util.stream.StreamSpliterators$WrappingSpliterator.forEachRemaining(StreamSpliterators.java:310)
	at java.base/java.util.stream.Streams$ConcatSpliterator.forEachRemaining(Streams.java:735)
	at java.base/java.util.stream.Streams$ConcatSpliterator.forEachRemaining(Streams.java:734)
	at java.base/java.util.stream.ReferencePipeline$Head.forEach(ReferencePipeline.java:762)
	at org.junit.jupiter.engine.descriptor.ClassBasedTestDescriptor.invokeTestInstancePostProcessors(ClassBasedTestDescriptor.java:377)
	at org.junit.jupiter.engine.descriptor.ClassBasedTestDescriptor.lambda$instantiateAndPostProcessTestInstance$6(ClassBasedTestDescriptor.java:290)
	at org.junit.platform.engine.support.hierarchical.ThrowableCollector.execute(ThrowableCollector.java:73)
	at org.junit.jupiter.engine.descriptor.ClassBasedTestDescriptor.instantiateAndPostProcessTestInstance(ClassBasedTestDescriptor.java:289)
	at org.junit.jupiter.engine.descriptor.ClassBasedTestDescriptor.lambda$testInstancesProvider$4(ClassBasedTestDescriptor.java:279)
	at java.base/java.util.Optional.orElseGet(Optional.java:364)
	at org.junit.jupiter.engine.descriptor.ClassBasedTestDescriptor.lambda$testInstancesProvider$5(ClassBasedTestDescriptor.java:278)
	at org.junit.jupiter.engine.execution.TestInstancesProvider.getTestInstances(TestInstancesProvider.java:31)
	at org.junit.jupiter.engine.descriptor.TestMethodTestDescriptor.lambda$prepare$0(TestMethodTestDescriptor.java:106)
	at org.junit.platform.engine.support.hierarchical.ThrowableCollector.execute(ThrowableCollector.java:73)
	at org.junit.jupiter.engine.descriptor.TestMethodTestDescriptor.prepare(TestMethodTestDescriptor.java:105)
	at org.junit.jupiter.engine.descriptor.TestMethodTestDescriptor.prepare(TestMethodTestDescriptor.java:69)
	at org.junit.platform.engine.support.hierarchical.NodeTestTask.lambda$prepare$2(NodeTestTask.java:123)
	at org.junit.platform.engine.support.hierarchical.ThrowableCollector.execute(ThrowableCollector.java:73)
	at org.junit.platform.engine.support.hierarchical.NodeTestTask.prepare(NodeTestTask.java:123)
	at org.junit.platform.engine.support.hierarchical.NodeTestTask.execute(NodeTestTask.java:90)
	at java.base/java.util.ArrayList.forEach(ArrayList.java:1596)
	at org.junit.platform.engine.support.hierarchical.SameThreadHierarchicalTestExecutorService.invokeAll(SameThreadHierarchicalTestExecutorService.java:41)
	at org.junit.platform.engine.support.hierarchical.NodeTestTask.lambda$executeRecursively$6(NodeTestTask.java:155)
	at org.junit.platform.engine.support.hierarchical.ThrowableCollector.execute(ThrowableCollector.java:73)
	at org.junit.platform.engine.support.hierarchical.NodeTestTask.lambda$executeRecursively$8(NodeTestTask.java:141)
	at org.junit.platform.engine.support.hierarchical.Node.around(Node.java:137)
	at org.junit.platform.engine.support.hierarchical.NodeTestTask.lambda$executeRecursively$9(NodeTestTask.java:139)
	at org.junit.platform.engine.support.hierarchical.ThrowableCollector.execute(ThrowableCollector.java:73)
	at org.junit.platform.engine.support.hierarchical.NodeTestTask.executeRecursively(NodeTestTask.java:138)
	at org.junit.platform.engine.support.hierarchical.NodeTestTask.execute(NodeTestTask.java:95)
	at java.base/java.util.ArrayList.forEach(ArrayList.java:1596)
	at org.junit.platform.engine.support.hierarchical.SameThreadHierarchicalTestExecutorService.invokeAll(SameThreadHierarchicalTestExecutorService.java:41)
	at org.junit.platform.engine.support.hierarchical.NodeTestTask.lambda$executeRecursively$6(NodeTestTask.java:155)
	at org.junit.platform.engine.support.hierarchical.ThrowableCollector.execute(ThrowableCollector.java:73)
	at org.junit.platform.engine.support.hierarchical.NodeTestTask.lambda$executeRecursively$8(NodeTestTask.java:141)
	at org.junit.platform.engine.support.hierarchical.Node.around(Node.java:137)
	at org.junit.platform.engine.support.hierarchical.NodeTestTask.lambda$executeRecursively$9(NodeTestTask.java:139)
	at org.junit.platform.engine.support.hierarchical.ThrowableCollector.execute(ThrowableCollector.java:73)
	at org.junit.platform.engine.support.hierarchical.NodeTestTask.executeRecursively(NodeTestTask.java:138)
	at org.junit.platform.engine.support.hierarchical.NodeTestTask.execute(NodeTestTask.java:95)
	at org.junit.platform.engine.support.hierarchical.SameThreadHierarchicalTestExecutorService.submit(SameThreadHierarchicalTestExecutorService.java:35)
	at org.junit.platform.engine.support.hierarchical.HierarchicalTestExecutor.execute(HierarchicalTestExecutor.java:57)
	at org.junit.platform.engine.support.hierarchical.HierarchicalTestEngine.execute(HierarchicalTestEngine.java:54)
	at org.junit.platform.launcher.core.EngineExecutionOrchestrator.execute(EngineExecutionOrchestrator.java:198)
	at org.junit.platform.launcher.core.EngineExecutionOrchestrator.execute(EngineExecutionOrchestrator.java:169)
	at org.junit.platform.launcher.core.EngineExecutionOrchestrator.execute(EngineExecutionOrchestrator.java:93)
	at org.junit.platform.launcher.core.EngineExecutionOrchestrator.lambda$execute$0(EngineExecutionOrchestrator.java:58)
	at org.junit.platform.launcher.core.EngineExecutionOrchestrator.withInterceptedStreams(EngineExecutionOrchestrator.java:141)
	at org.junit.platform.launcher.core.EngineExecutionOrchestrator.execute(EngineExecutionOrchestrator.java:57)
	at org.junit.platform.launcher.core.DefaultLauncher.execute(DefaultLauncher.java:103)
	at org.junit.platform.launcher.core.DefaultLauncher.execute(DefaultLauncher.java:85)
	at org.junit.platform.launcher.core.DelegatingLauncher.execute(DelegatingLauncher.java:47)
	at org.apache.maven.surefire.junitplatform.LazyLauncher.execute(LazyLauncher.java:56)
	at org.apache.maven.surefire.junitplatform.JUnitPlatformProvider.execute(JUnitPlatformProvider.java:184)
	at org.apache.maven.surefire.junitplatform.JUnitPlatformProvider.invokeAllTests(JUnitPlatformProvider.java:148)
	at org.apache.maven.surefire.junitplatform.JUnitPlatformProvider.invoke(JUnitPlatformProvider.java:122)
	at org.apache.maven.surefire.booter.ForkedBooter.runSuitesInProcess(ForkedBooter.java:385)
	at org.apache.maven.surefire.booter.ForkedBooter.execute(ForkedBooter.java:162)
	at org.apache.maven.surefire.booter.ForkedBooter.run(ForkedBooter.java:507)
	at org.apache.maven.surefire.booter.ForkedBooter.main(ForkedBooter.java:495)
Caused by: org.h2.jdbc.JdbcSQLSyntaxErrorException: Столбец "TIMESTAMP" не найден
Column "TIMESTAMP" not found; SQL statement:

    create index idx_mention_timestamp 
       on message_mentions (time [42122-224]
	at org.h2.message.DbException.getJdbcSQLException(DbException.java:514)
	at org.h2.message.DbException.getJdbcSQLException(DbException.java:489)
	at org.h2.message.DbException.get(DbException.java:223)
	at org.h2.message.DbException.get(DbException.java:199)
	at org.h2.table.Table.getColumn(Table.java:759)
	at org.h2.table.IndexColumn.mapColumns(IndexColumn.java:184)
	at org.h2.command.ddl.CreateIndex.update(CreateIndex.java:104)
	at org.h2.command.CommandContainer.update(CommandContainer.java:169)
	at org.h2.command.Command.executeUpdate(Command.java:256)
	at org.h2.jdbc.JdbcStatement.executeInternal(JdbcStatement.java:262)
	at org.h2.jdbc.JdbcStatement.execute(JdbcStatement.java:231)
	at com.zaxxer.hikari.pool.ProxyStatement.execute(ProxyStatement.java:94)
	at com.zaxxer.hikari.pool.HikariProxyStatement.execute(HikariProxyStatement.java)
	at org.hibernate.tool.schema.internal.exec.GenerationTargetToDatabase.accept(GenerationTargetToDatabase.java:80)
	... 118 common frames omitted
2026-03-18 23:05:32.729 [main] INFO  [] [] c.m.config.NetworkAutoConfiguration - 🌐 Starting network auto-configuration...
2026-03-18 23:05:32.738 [main] INFO  [] [] c.m.config.NetworkAutoConfiguration - 📍 Local IP detected: 192.168.88.183
2026-03-18 23:05:33.267 [main] INFO  [] [] c.m.config.NetworkAutoConfiguration - Detected public IP from external service: 95.25.190.203
2026-03-18 23:05:33.267 [main] INFO  [] [] c.m.config.NetworkAutoConfiguration - 🌍 Public IP detected: 95.25.190.203
2026-03-18 23:05:33.267 [main] INFO  [] [] c.m.config.NetworkAutoConfiguration - 🏷️  Hostname: ZVEZDOLET
2026-03-18 23:05:33.268 [main] INFO  [] [] c.m.config.NetworkAutoConfiguration - ✅ Network auto-configuration completed
2026-03-18 23:05:33.268 [main] INFO  [] [] c.m.config.NetworkAutoConfiguration -    Local:  192.168.88.183
2026-03-18 23:05:33.268 [main] INFO  [] [] c.m.config.NetworkAutoConfiguration -    VPN:    Not detected
2026-03-18 23:05:33.268 [main] INFO  [] [] c.m.config.NetworkAutoConfiguration -    Public: 95.25.190.203
2026-03-18 23:05:36.134 [main] INFO  [] [] com.messenger.config.MinioConfig - Initializing MinIO client with endpoint: http://localhost:9000
2026-03-18 23:05:36.259 [main] INFO  [] [] c.m.service.AudioProcessingService - 🎵 Audio Processing Service initialized
2026-03-18 23:05:36.260 [main] INFO  [] [] c.m.service.AudioProcessingService -    Sample Rate: 48000 Hz
2026-03-18 23:05:36.260 [main] INFO  [] [] c.m.service.AudioProcessingService -    Channels: 2
2026-03-18 23:05:36.261 [main] INFO  [] [] c.m.service.AudioProcessingService -    Frame Size: 480 samples (10 ms)
2026-03-18 23:05:36.261 [main] INFO  [] [] c.m.service.AudioProcessingService -    Features: Noise Suppression, Echo Cancellation, Limiter
2026-03-18 23:05:36.281 [main] INFO  [] [] c.m.service.FileStorageService - Initializing MinIO bucket 'messenger-files' with public read policy
2026-03-18 23:05:36.441 [main] ERROR [] [] c.m.service.FileStorageService - Failed to initialize MinIO bucket
java.net.ConnectException: Failed to connect to localhost/[0:0:0:0:0:0:0:1]:9000
	at okhttp3.internal.connection.RealConnection.connectSocket(RealConnection.kt:297)
	at okhttp3.internal.connection.RealConnection.connect(RealConnection.kt:207)
	at okhttp3.internal.connection.ExchangeFinder.findConnection(ExchangeFinder.kt:226)
	at okhttp3.internal.connection.ExchangeFinder.findHealthyConnection(ExchangeFinder.kt:106)
	at okhttp3.internal.connection.ExchangeFinder.find(ExchangeFinder.kt:74)
	at okhttp3.internal.connection.RealCall.initExchange$okhttp(RealCall.kt:255)
	at okhttp3.internal.connection.ConnectInterceptor.intercept(ConnectInterceptor.kt:32)
	at okhttp3.internal.http.RealInterceptorChain.proceed(RealInterceptorChain.kt:109)
	at okhttp3.internal.cache.CacheInterceptor.intercept(CacheInterceptor.kt:95)
	at okhttp3.internal.http.RealInterceptorChain.proceed(RealInterceptorChain.kt:109)
	at okhttp3.internal.http.BridgeInterceptor.intercept(BridgeInterceptor.kt:83)
	at okhttp3.internal.http.RealInterceptorChain.proceed(RealInterceptorChain.kt:109)
	at okhttp3.internal.http.RetryAndFollowUpInterceptor.intercept(RetryAndFollowUpInterceptor.kt:76)
	at okhttp3.internal.http.RealInterceptorChain.proceed(RealInterceptorChain.kt:109)
	at okhttp3.internal.connection.RealCall.getResponseWithInterceptorChain$okhttp(RealCall.kt:201)
	at okhttp3.internal.connection.RealCall$AsyncCall.run(RealCall.kt:517)
	at java.base/java.util.concurrent.ThreadPoolExecutor.runWorker(ThreadPoolExecutor.java:1144)
	at java.base/java.util.concurrent.ThreadPoolExecutor$Worker.run(ThreadPoolExecutor.java:642)
	at java.base/java.lang.Thread.run(Thread.java:1583)
	Suppressed: java.net.ConnectException: Failed to connect to localhost/127.0.0.1:9000
		... 19 common frames omitted
	Caused by: java.net.ConnectException: Connection refused: getsockopt
		at java.base/sun.nio.ch.Net.pollConnect(Native Method)
		at java.base/sun.nio.ch.Net.pollConnectNow(Net.java:682)
		at java.base/sun.nio.ch.NioSocketImpl.timedFinishConnect(NioSocketImpl.java:542)
		at java.base/sun.nio.ch.NioSocketImpl.connect(NioSocketImpl.java:592)
		at java.base/java.net.SocksSocketImpl.connect(SocksSocketImpl.java:327)
		at java.base/java.net.Socket.connect(Socket.java:751)
		at okhttp3.internal.platform.Platform.connectSocket(Platform.kt:128)
		at okhttp3.internal.connection.RealConnection.connectSocket(RealConnection.kt:295)
		... 18 common frames omitted
Caused by: java.net.ConnectException: Connection refused: getsockopt
	at java.base/sun.nio.ch.Net.pollConnect(Native Method)
	at java.base/sun.nio.ch.Net.pollConnectNow(Net.java:682)
	at java.base/sun.nio.ch.NioSocketImpl.timedFinishConnect(NioSocketImpl.java:542)
	at java.base/sun.nio.ch.NioSocketImpl.connect(NioSocketImpl.java:592)
	at java.base/java.net.SocksSocketImpl.connect(SocksSocketImpl.java:327)
	at java.base/java.net.Socket.connect(Socket.java:751)
	at okhttp3.internal.platform.Platform.connectSocket(Platform.kt:128)
	at okhttp3.internal.connection.RealConnection.connectSocket(RealConnection.kt:295)
	... 18 common frames omitted
2026-03-18 23:05:36.533 [main] INFO  [] [] c.m.s.WebRtcConfigurationService - 🎥 WebRTC Configuration Service initialized
2026-03-18 23:05:36.533 [main] INFO  [] [] c.m.s.WebRtcConfigurationService -    Best IP for TURN: 95.25.190.203
2026-03-18 23:05:36.533 [main] INFO  [] [] c.m.s.WebRtcConfigurationService -    Best IP for clients: 95.25.190.203
2026-03-18 23:05:36.781 [main] WARN  [] [] o.s.w.c.s.GenericWebApplicationContext - Exception encountered during context initialization - cancelling refresh attempt: org.springframework.beans.factory.UnsatisfiedDependencyException: Error creating bean with name 'notificationController' defined in file [C:\Users\koval\messenger-app\target\classes\com\messenger\controller\NotificationController.class]: Unsatisfied dependency expressed through constructor parameter 0: Error creating bean with name 'notificationService': Injection of autowired dependencies failed
2026-03-18 23:05:36.811 [main] INFO  [] [] com.zaxxer.hikari.HikariDataSource - HikariPool-1 - Shutdown initiated...
2026-03-18 23:05:36.814 [main] INFO  [] [] com.zaxxer.hikari.HikariDataSource - HikariPool-1 - Shutdown completed.
2026-03-18 23:05:36.841 [main] ERROR [] [] o.s.boot.SpringApplication - Application run failed
org.springframework.beans.factory.UnsatisfiedDependencyException: Error creating bean with name 'notificationController' defined in file [C:\Users\koval\messenger-app\target\classes\com\messenger\controller\NotificationController.class]: Unsatisfied dependency expressed through constructor parameter 0: Error creating bean with name 'notificationService': Injection of autowired dependencies failed
	at org.springframework.beans.factory.support.ConstructorResolver.createArgumentArray(ConstructorResolver.java:802)
	at org.springframework.beans.factory.support.ConstructorResolver.autowireConstructor(ConstructorResolver.java:241)
	at org.springframework.beans.factory.support.AbstractAutowireCapableBeanFactory.autowireConstructor(AbstractAutowireCapableBeanFactory.java:1356)
	at org.springframework.beans.factory.support.AbstractAutowireCapableBeanFactory.createBeanInstance(AbstractAutowireCapableBeanFactory.java:1193)
	at org.springframework.beans.factory.support.AbstractAutowireCapableBeanFactory.doCreateBean(AbstractAutowireCapableBeanFactory.java:563)
	at org.springframework.beans.factory.support.AbstractAutowireCapableBeanFactory.createBean(AbstractAutowireCapableBeanFactory.java:523)
	at org.springframework.beans.factory.support.AbstractBeanFactory.lambda$doGetBean$0(AbstractBeanFactory.java:325)
	at org.springframework.beans.factory.support.DefaultSingletonBeanRegistry.getSingleton(DefaultSingletonBeanRegistry.java:234)
	at org.springframework.beans.factory.support.AbstractBeanFactory.doGetBean(AbstractBeanFactory.java:323)
	at org.springframework.beans.factory.support.AbstractBeanFactory.getBean(AbstractBeanFactory.java:199)
	at org.springframework.beans.factory.support.DefaultListableBeanFactory.preInstantiateSingletons(DefaultListableBeanFactory.java:973)
	at org.springframework.context.support.AbstractApplicationContext.finishBeanFactoryInitialization(AbstractApplicationContext.java:946)
	at org.springframework.context.support.AbstractApplicationContext.refresh(AbstractApplicationContext.java:616)
	at org.springframework.boot.SpringApplication.refresh(SpringApplication.java:753)
	at org.springframework.boot.SpringApplication.refreshContext(SpringApplication.java:455)
	at org.springframework.boot.SpringApplication.run(SpringApplication.java:323)
	at org.springframework.boot.test.context.SpringBootContextLoader.lambda$loadContext$3(SpringBootContextLoader.java:137)
	at org.springframework.util.function.ThrowingSupplier.get(ThrowingSupplier.java:58)
	at org.springframework.util.function.ThrowingSupplier.get(ThrowingSupplier.java:46)
	at org.springframework.boot.SpringApplication.withHook(SpringApplication.java:1442)
	at org.springframework.boot.test.context.SpringBootContextLoader$ContextLoaderHook.run(SpringBootContextLoader.java:552)
	at org.springframework.boot.test.context.SpringBootContextLoader.loadContext(SpringBootContextLoader.java:137)
	at org.springframework.boot.test.context.SpringBootContextLoader.loadContext(SpringBootContextLoader.java:108)
	at org.springframework.test.context.cache.DefaultCacheAwareContextLoaderDelegate.loadContextInternal(DefaultCacheAwareContextLoaderDelegate.java:225)
	at org.springframework.test.context.cache.DefaultCacheAwareContextLoaderDelegate.loadContext(DefaultCacheAwareContextLoaderDelegate.java:152)
	at org.springframework.test.context.support.DefaultTestContext.getApplicationContext(DefaultTestContext.java:130)
	at org.springframework.test.context.web.ServletTestExecutionListener.setUpRequestContextIfNecessary(ServletTestExecutionListener.java:191)
	at org.springframework.test.context.web.ServletTestExecutionListener.prepareTestInstance(ServletTestExecutionListener.java:130)
	at org.springframework.test.context.TestContextManager.prepareTestInstance(TestContextManager.java:247)
	at org.springframework.test.context.junit.jupiter.SpringExtension.postProcessTestInstance(SpringExtension.java:163)
	at org.junit.jupiter.engine.descriptor.ClassBasedTestDescriptor.lambda$invokeTestInstancePostProcessors$10(ClassBasedTestDescriptor.java:378)
	at org.junit.jupiter.engine.descriptor.ClassBasedTestDescriptor.executeAndMaskThrowable(ClassBasedTestDescriptor.java:383)
	at org.junit.jupiter.engine.descriptor.ClassBasedTestDescriptor.lambda$invokeTestInstancePostProcessors$11(ClassBasedTestDescriptor.java:378)
	at java.base/java.util.stream.ReferencePipeline$3$1.accept(ReferencePipeline.java:197)
	at java.base/java.util.stream.ReferencePipeline$2$1.accept(ReferencePipeline.java:179)
	at java.base/java.util.ArrayList$ArrayListSpliterator.forEachRemaining(ArrayList.java:1708)
	at java.base/java.util.stream.AbstractPipeline.copyInto(AbstractPipeline.java:509)
	at java.base/java.util.stream.AbstractPipeline.wrapAndCopyInto(AbstractPipeline.java:499)
	at java.base/java.util.stream.StreamSpliterators$WrappingSpliterator.forEachRemaining(StreamSpliterators.java:310)
	at java.base/java.util.stream.Streams$ConcatSpliterator.forEachRemaining(Streams.java:735)
	at java.base/java.util.stream.Streams$ConcatSpliterator.forEachRemaining(Streams.java:734)
	at java.base/java.util.stream.ReferencePipeline$Head.forEach(ReferencePipeline.java:762)
	at org.junit.jupiter.engine.descriptor.ClassBasedTestDescriptor.invokeTestInstancePostProcessors(ClassBasedTestDescriptor.java:377)
	at org.junit.jupiter.engine.descriptor.ClassBasedTestDescriptor.lambda$instantiateAndPostProcessTestInstance$6(ClassBasedTestDescriptor.java:290)
	at org.junit.platform.engine.support.hierarchical.ThrowableCollector.execute(ThrowableCollector.java:73)
	at org.junit.jupiter.engine.descriptor.ClassBasedTestDescriptor.instantiateAndPostProcessTestInstance(ClassBasedTestDescriptor.java:289)
	at org.junit.jupiter.engine.descriptor.ClassBasedTestDescriptor.lambda$testInstancesProvider$4(ClassBasedTestDescriptor.java:279)
	at java.base/java.util.Optional.orElseGet(Optional.java:364)
	at org.junit.jupiter.engine.descriptor.ClassBasedTestDescriptor.lambda$testInstancesProvider$5(ClassBasedTestDescriptor.java:278)
	at org.junit.jupiter.engine.execution.TestInstancesProvider.getTestInstances(TestInstancesProvider.java:31)
	at org.junit.jupiter.engine.descriptor.TestMethodTestDescriptor.lambda$prepare$0(TestMethodTestDescriptor.java:106)
	at org.junit.platform.engine.support.hierarchical.ThrowableCollector.execute(ThrowableCollector.java:73)
	at org.junit.jupiter.engine.descriptor.TestMethodTestDescriptor.prepare(TestMethodTestDescriptor.java:105)
	at org.junit.jupiter.engine.descriptor.TestMethodTestDescriptor.prepare(TestMethodTestDescriptor.java:69)
	at org.junit.platform.engine.support.hierarchical.NodeTestTask.lambda$prepare$2(NodeTestTask.java:123)
	at org.junit.platform.engine.support.hierarchical.ThrowableCollector.execute(ThrowableCollector.java:73)
	at org.junit.platform.engine.support.hierarchical.NodeTestTask.prepare(NodeTestTask.java:123)
	at org.junit.platform.engine.support.hierarchical.NodeTestTask.execute(NodeTestTask.java:90)
	at java.base/java.util.ArrayList.forEach(ArrayList.java:1596)
	at org.junit.platform.engine.support.hierarchical.SameThreadHierarchicalTestExecutorService.invokeAll(SameThreadHierarchicalTestExecutorService.java:41)
	at org.junit.platform.engine.support.hierarchical.NodeTestTask.lambda$executeRecursively$6(NodeTestTask.java:155)
	at org.junit.platform.engine.support.hierarchical.ThrowableCollector.execute(ThrowableCollector.java:73)
	at org.junit.platform.engine.support.hierarchical.NodeTestTask.lambda$executeRecursively$8(NodeTestTask.java:141)
	at org.junit.platform.engine.support.hierarchical.Node.around(Node.java:137)
	at org.junit.platform.engine.support.hierarchical.NodeTestTask.lambda$executeRecursively$9(NodeTestTask.java:139)
	at org.junit.platform.engine.support.hierarchical.ThrowableCollector.execute(ThrowableCollector.java:73)
	at org.junit.platform.engine.support.hierarchical.NodeTestTask.executeRecursively(NodeTestTask.java:138)
	at org.junit.platform.engine.support.hierarchical.NodeTestTask.execute(NodeTestTask.java:95)
	at java.base/java.util.ArrayList.forEach(ArrayList.java:1596)
	at org.junit.platform.engine.support.hierarchical.SameThreadHierarchicalTestExecutorService.invokeAll(SameThreadHierarchicalTestExecutorService.java:41)
	at org.junit.platform.engine.support.hierarchical.NodeTestTask.lambda$executeRecursively$6(NodeTestTask.java:155)
	at org.junit.platform.engine.support.hierarchical.ThrowableCollector.execute(ThrowableCollector.java:73)
	at org.junit.platform.engine.support.hierarchical.NodeTestTask.lambda$executeRecursively$8(NodeTestTask.java:141)
	at org.junit.platform.engine.support.hierarchical.Node.around(Node.java:137)
	at org.junit.platform.engine.support.hierarchical.NodeTestTask.lambda$executeRecursively$9(NodeTestTask.java:139)
	at org.junit.platform.engine.support.hierarchical.ThrowableCollector.execute(ThrowableCollector.java:73)
	at org.junit.platform.engine.support.hierarchical.NodeTestTask.executeRecursively(NodeTestTask.java:138)
	at org.junit.platform.engine.support.hierarchical.NodeTestTask.execute(NodeTestTask.java:95)
	at org.junit.platform.engine.support.hierarchical.SameThreadHierarchicalTestExecutorService.submit(SameThreadHierarchicalTestExecutorService.java:35)
	at org.junit.platform.engine.support.hierarchical.HierarchicalTestExecutor.execute(HierarchicalTestExecutor.java:57)
	at org.junit.platform.engine.support.hierarchical.HierarchicalTestEngine.execute(HierarchicalTestEngine.java:54)
	at org.junit.platform.launcher.core.EngineExecutionOrchestrator.execute(EngineExecutionOrchestrator.java:198)
	at org.junit.platform.launcher.core.EngineExecutionOrchestrator.execute(EngineExecutionOrchestrator.java:169)
	at org.junit.platform.launcher.core.EngineExecutionOrchestrator.execute(EngineExecutionOrchestrator.java:93)
	at org.junit.platform.launcher.core.EngineExecutionOrchestrator.lambda$execute$0(EngineExecutionOrchestrator.java:58)
	at org.junit.platform.launcher.core.EngineExecutionOrchestrator.withInterceptedStreams(EngineExecutionOrchestrator.java:141)
	at org.junit.platform.launcher.core.EngineExecutionOrchestrator.execute(EngineExecutionOrchestrator.java:57)
	at org.junit.platform.launcher.core.DefaultLauncher.execute(DefaultLauncher.java:103)
	at org.junit.platform.launcher.core.DefaultLauncher.execute(DefaultLauncher.java:85)
	at org.junit.platform.launcher.core.DelegatingLauncher.execute(DelegatingLauncher.java:47)
	at org.apache.maven.surefire.junitplatform.LazyLauncher.execute(LazyLauncher.java:56)
	at org.apache.maven.surefire.junitplatform.JUnitPlatformProvider.execute(JUnitPlatformProvider.java:184)
	at org.apache.maven.surefire.junitplatform.JUnitPlatformProvider.invokeAllTests(JUnitPlatformProvider.java:148)
	at org.apache.maven.surefire.junitplatform.JUnitPlatformProvider.invoke(JUnitPlatformProvider.java:122)
	at org.apache.maven.surefire.booter.ForkedBooter.runSuitesInProcess(ForkedBooter.java:385)
	at org.apache.maven.surefire.booter.ForkedBooter.execute(ForkedBooter.java:162)
	at org.apache.maven.surefire.booter.ForkedBooter.run(ForkedBooter.java:507)
	at org.apache.maven.surefire.booter.ForkedBooter.main(ForkedBooter.java:495)
Caused by: org.springframework.beans.factory.BeanCreationException: Error creating bean with name 'notificationService': Injection of autowired dependencies failed
	at org.springframework.beans.factory.annotation.AutowiredAnnotationBeanPostProcessor.postProcessProperties(AutowiredAnnotationBeanPostProcessor.java:499)
	at org.springframework.beans.factory.support.AbstractAutowireCapableBeanFactory.populateBean(AbstractAutowireCapableBeanFactory.java:1420)
	at org.springframework.beans.factory.support.AbstractAutowireCapableBeanFactory.doCreateBean(AbstractAutowireCapableBeanFactory.java:600)
	at org.springframework.beans.factory.support.AbstractAutowireCapableBeanFactory.createBean(AbstractAutowireCapableBeanFactory.java:523)
	at org.springframework.beans.factory.support.AbstractBeanFactory.lambda$doGetBean$0(AbstractBeanFactory.java:325)
	at org.springframework.beans.factory.support.DefaultSingletonBeanRegistry.getSingleton(DefaultSingletonBeanRegistry.java:234)
	at org.springframework.beans.factory.support.AbstractBeanFactory.doGetBean(AbstractBeanFactory.java:323)
	at org.springframework.beans.factory.support.AbstractBeanFactory.getBean(AbstractBeanFactory.java:199)
	at org.springframework.beans.factory.config.DependencyDescriptor.resolveCandidate(DependencyDescriptor.java:254)
	at org.springframework.beans.factory.support.DefaultListableBeanFactory.doResolveDependency(DefaultListableBeanFactory.java:1441)
	at org.springframework.beans.factory.support.DefaultListableBeanFactory.resolveDependency(DefaultListableBeanFactory.java:1348)
	at org.springframework.beans.factory.support.ConstructorResolver.resolveAutowiredArgument(ConstructorResolver.java:911)
	at org.springframework.beans.factory.support.ConstructorResolver.createArgumentArray(ConstructorResolver.java:789)
	... 97 common frames omitted
Caused by: java.lang.IllegalArgumentException: Could not resolve placeholder 'VAPID_PUBLIC_KEY' in value "${VAPID_PUBLIC_KEY}"
	at org.springframework.util.PropertyPlaceholderHelper.parseStringValue(PropertyPlaceholderHelper.java:180)
	at org.springframework.util.PropertyPlaceholderHelper.replacePlaceholders(PropertyPlaceholderHelper.java:126)
	at org.springframework.core.env.AbstractPropertyResolver.doResolvePlaceholders(AbstractPropertyResolver.java:239)
	at org.springframework.core.env.AbstractPropertyResolver.resolveRequiredPlaceholders(AbstractPropertyResolver.java:210)
	at org.springframework.core.env.AbstractPropertyResolver.resolveNestedPlaceholders(AbstractPropertyResolver.java:230)
	at org.springframework.boot.context.properties.source.ConfigurationPropertySourcesPropertyResolver.getProperty(ConfigurationPropertySourcesPropertyResolver.java:79)
	at org.springframework.boot.context.properties.source.ConfigurationPropertySourcesPropertyResolver.getProperty(ConfigurationPropertySourcesPropertyResolver.java:60)
	at org.springframework.core.env.AbstractEnvironment.getProperty(AbstractEnvironment.java:552)
	at org.springframework.context.support.PropertySourcesPlaceholderConfigurer$1.getProperty(PropertySourcesPlaceholderConfigurer.java:153)
	at org.springframework.context.support.PropertySourcesPlaceholderConfigurer$1.getProperty(PropertySourcesPlaceholderConfigurer.java:149)
	at org.springframework.core.env.PropertySourcesPropertyResolver.getProperty(PropertySourcesPropertyResolver.java:85)
	at org.springframework.core.env.PropertySourcesPropertyResolver.getPropertyAsRawString(PropertySourcesPropertyResolver.java:74)
	at org.springframework.util.PropertyPlaceholderHelper.parseStringValue(PropertyPlaceholderHelper.java:153)
	at org.springframework.util.PropertyPlaceholderHelper.replacePlaceholders(PropertyPlaceholderHelper.java:126)
	at org.springframework.core.env.AbstractPropertyResolver.doResolvePlaceholders(AbstractPropertyResolver.java:239)
	at org.springframework.core.env.AbstractPropertyResolver.resolveRequiredPlaceholders(AbstractPropertyResolver.java:210)
	at org.springframework.context.support.PropertySourcesPlaceholderConfigurer.lambda$processProperties$0(PropertySourcesPlaceholderConfigurer.java:200)
	at org.springframework.beans.factory.support.AbstractBeanFactory.resolveEmbeddedValue(AbstractBeanFactory.java:921)
	at org.springframework.beans.factory.support.DefaultListableBeanFactory.doResolveDependency(DefaultListableBeanFactory.java:1372)
	at org.springframework.beans.factory.support.DefaultListableBeanFactory.resolveDependency(DefaultListableBeanFactory.java:1348)
	at org.springframework.beans.factory.annotation.AutowiredAnnotationBeanPostProcessor$AutowiredFieldElement.resolveFieldValue(AutowiredAnnotationBeanPostProcessor.java:769)
	at org.springframework.beans.factory.annotation.AutowiredAnnotationBeanPostProcessor$AutowiredFieldElement.inject(AutowiredAnnotationBeanPostProcessor.java:752)
	at org.springframework.beans.factory.annotation.InjectionMetadata.inject(InjectionMetadata.java:145)
	at org.springframework.beans.factory.annotation.AutowiredAnnotationBeanPostProcessor.postProcessProperties(AutowiredAnnotationBeanPostProcessor.java:493)
	... 109 common frames omitted
2026-03-18 23:05:36.846 [main] ERROR [] [] o.s.test.context.TestContextManager - Caught exception while allowing TestExecutionListener [org.springframework.test.context.web.ServletTestExecutionListener] to prepare test instance [com.messenger.config.SecurityConfigTest@24ad6dc3]
java.lang.IllegalStateException: Failed to load ApplicationContext for [WebMergedContextConfiguration@326b6c85 testClass = com.messenger.config.SecurityConfigTest, locations = [], classes = [com.messenger.SecureMessengerApplication], contextInitializerClasses = [], activeProfiles = ["test"], propertySourceDescriptors = [], propertySourceProperties = ["org.springframework.boot.test.context.SpringBootTestContextBootstrapper=true"], contextCustomizers = [[ImportsContextCustomizer@3cf8fc1c key = [org.springframework.boot.test.autoconfigure.web.servlet.MockMvcWebDriverAutoConfiguration, org.springframework.boot.test.autoconfigure.web.servlet.MockMvcAutoConfiguration, org.springframework.boot.autoconfigure.security.oauth2.client.servlet.OAuth2ClientAutoConfiguration, org.springframework.boot.autoconfigure.security.servlet.SecurityAutoConfiguration, org.springframework.boot.autoconfigure.security.servlet.SecurityFilterAutoConfiguration, org.springframework.boot.autoconfigure.security.servlet.UserDetailsServiceAutoConfiguration, org.springframework.boot.autoconfigure.security.oauth2.resource.servlet.OAuth2ResourceServerAutoConfiguration, org.springframework.boot.test.autoconfigure.web.servlet.MockMvcSecurityConfiguration, org.springframework.boot.test.autoconfigure.web.servlet.MockMvcWebClientAutoConfiguration, org.springframework.boot.test.autoconfigure.web.reactive.WebTestClientAutoConfiguration]], org.springframework.boot.test.context.filter.ExcludeFilterContextCustomizer@42bc14c1, org.springframework.boot.test.json.DuplicateJsonObjectContextCustomizerFactory$DuplicateJsonObjectContextCustomizer@6f3c660a, org.springframework.boot.test.mock.mockito.MockitoContextCustomizer@0, org.springframework.boot.test.web.client.TestRestTemplateContextCustomizer@294a6b8e, org.springframework.boot.test.web.reactive.server.WebTestClientContextCustomizer@16414e40, org.springframework.boot.test.autoconfigure.actuate.observability.ObservabilityContextCustomizerFactory$DisableObservabilityContextCustomizer@1f, org.springframework.boot.test.autoconfigure.properties.PropertyMappingContextCustomizer@4b3fa0b3, org.springframework.boot.test.autoconfigure.web.servlet.WebDriverContextCustomizer@4982cc36, org.springframework.boot.test.context.SpringBootTestAnnotation@4a772aba], resourceBasePath = "src/main/webapp", contextLoader = org.springframework.boot.test.context.SpringBootContextLoader, parent = null]
	at org.springframework.test.context.cache.DefaultCacheAwareContextLoaderDelegate.loadContext(DefaultCacheAwareContextLoaderDelegate.java:180)
	at org.springframework.test.context.support.DefaultTestContext.getApplicationContext(DefaultTestContext.java:130)
	at org.springframework.test.context.web.ServletTestExecutionListener.setUpRequestContextIfNecessary(ServletTestExecutionListener.java:191)
	at org.springframework.test.context.web.ServletTestExecutionListener.prepareTestInstance(ServletTestExecutionListener.java:130)
	at org.springframework.test.context.TestContextManager.prepareTestInstance(TestContextManager.java:247)
	at org.springframework.test.context.junit.jupiter.SpringExtension.postProcessTestInstance(SpringExtension.java:163)
	at org.junit.jupiter.engine.descriptor.ClassBasedTestDescriptor.lambda$invokeTestInstancePostProcessors$10(ClassBasedTestDescriptor.java:378)
	at org.junit.jupiter.engine.descriptor.ClassBasedTestDescriptor.executeAndMaskThrowable(ClassBasedTestDescriptor.java:383)
	at org.junit.jupiter.engine.descriptor.ClassBasedTestDescriptor.lambda$invokeTestInstancePostProcessors$11(ClassBasedTestDescriptor.java:378)
	at java.base/java.util.stream.ReferencePipeline$3$1.accept(ReferencePipeline.java:197)
	at java.base/java.util.stream.ReferencePipeline$2$1.accept(ReferencePipeline.java:179)
	at java.base/java.util.ArrayList$ArrayListSpliterator.forEachRemaining(ArrayList.java:1708)
	at java.base/java.util.stream.AbstractPipeline.copyInto(AbstractPipeline.java:509)
	at java.base/java.util.stream.AbstractPipeline.wrapAndCopyInto(AbstractPipeline.java:499)
	at java.base/java.util.stream.StreamSpliterators$WrappingSpliterator.forEachRemaining(StreamSpliterators.java:310)
	at java.base/java.util.stream.Streams$ConcatSpliterator.forEachRemaining(Streams.java:735)
	at java.base/java.util.stream.Streams$ConcatSpliterator.forEachRemaining(Streams.java:734)
	at java.base/java.util.stream.ReferencePipeline$Head.forEach(ReferencePipeline.java:762)
	at org.junit.jupiter.engine.descriptor.ClassBasedTestDescriptor.invokeTestInstancePostProcessors(ClassBasedTestDescriptor.java:377)
	at org.junit.jupiter.engine.descriptor.ClassBasedTestDescriptor.lambda$instantiateAndPostProcessTestInstance$6(ClassBasedTestDescriptor.java:290)
	at org.junit.platform.engine.support.hierarchical.ThrowableCollector.execute(ThrowableCollector.java:73)
	at org.junit.jupiter.engine.descriptor.ClassBasedTestDescriptor.instantiateAndPostProcessTestInstance(ClassBasedTestDescriptor.java:289)
	at org.junit.jupiter.engine.descriptor.ClassBasedTestDescriptor.lambda$testInstancesProvider$4(ClassBasedTestDescriptor.java:279)
	at java.base/java.util.Optional.orElseGet(Optional.java:364)
	at org.junit.jupiter.engine.descriptor.ClassBasedTestDescriptor.lambda$testInstancesProvider$5(ClassBasedTestDescriptor.java:278)
	at org.junit.jupiter.engine.execution.TestInstancesProvider.getTestInstances(TestInstancesProvider.java:31)
	at org.junit.jupiter.engine.descriptor.TestMethodTestDescriptor.lambda$prepare$0(TestMethodTestDescriptor.java:106)
	at org.junit.platform.engine.support.hierarchical.ThrowableCollector.execute(ThrowableCollector.java:73)
	at org.junit.jupiter.engine.descriptor.TestMethodTestDescriptor.prepare(TestMethodTestDescriptor.java:105)
	at org.junit.jupiter.engine.descriptor.TestMethodTestDescriptor.prepare(TestMethodTestDescriptor.java:69)
	at org.junit.platform.engine.support.hierarchical.NodeTestTask.lambda$prepare$2(NodeTestTask.java:123)
	at org.junit.platform.engine.support.hierarchical.ThrowableCollector.execute(ThrowableCollector.java:73)
	at org.junit.platform.engine.support.hierarchical.NodeTestTask.prepare(NodeTestTask.java:123)
	at org.junit.platform.engine.support.hierarchical.NodeTestTask.execute(NodeTestTask.java:90)
	at java.base/java.util.ArrayList.forEach(ArrayList.java:1596)
	at org.junit.platform.engine.support.hierarchical.SameThreadHierarchicalTestExecutorService.invokeAll(SameThreadHierarchicalTestExecutorService.java:41)
	at org.junit.platform.engine.support.hierarchical.NodeTestTask.lambda$executeRecursively$6(NodeTestTask.java:155)
	at org.junit.platform.engine.support.hierarchical.ThrowableCollector.execute(ThrowableCollector.java:73)
	at org.junit.platform.engine.support.hierarchical.NodeTestTask.lambda$executeRecursively$8(NodeTestTask.java:141)
	at org.junit.platform.engine.support.hierarchical.Node.around(Node.java:137)
	at org.junit.platform.engine.support.hierarchical.NodeTestTask.lambda$executeRecursively$9(NodeTestTask.java:139)
	at org.junit.platform.engine.support.hierarchical.ThrowableCollector.execute(ThrowableCollector.java:73)
	at org.junit.platform.engine.support.hierarchical.NodeTestTask.executeRecursively(NodeTestTask.java:138)
	at org.junit.platform.engine.support.hierarchical.NodeTestTask.execute(NodeTestTask.java:95)
	at java.base/java.util.ArrayList.forEach(ArrayList.java:1596)
	at org.junit.platform.engine.support.hierarchical.SameThreadHierarchicalTestExecutorService.invokeAll(SameThreadHierarchicalTestExecutorService.java:41)
	at org.junit.platform.engine.support.hierarchical.NodeTestTask.lambda$executeRecursively$6(NodeTestTask.java:155)
	at org.junit.platform.engine.support.hierarchical.ThrowableCollector.execute(ThrowableCollector.java:73)
	at org.junit.platform.engine.support.hierarchical.NodeTestTask.lambda$executeRecursively$8(NodeTestTask.java:141)
	at org.junit.platform.engine.support.hierarchical.Node.around(Node.java:137)
	at org.junit.platform.engine.support.hierarchical.NodeTestTask.lambda$executeRecursively$9(NodeTestTask.java:139)
	at org.junit.platform.engine.support.hierarchical.ThrowableCollector.execute(ThrowableCollector.java:73)
	at org.junit.platform.engine.support.hierarchical.NodeTestTask.executeRecursively(NodeTestTask.java:138)
	at org.junit.platform.engine.support.hierarchical.NodeTestTask.execute(NodeTestTask.java:95)
	at org.junit.platform.engine.support.hierarchical.SameThreadHierarchicalTestExecutorService.submit(SameThreadHierarchicalTestExecutorService.java:35)
	at org.junit.platform.engine.support.hierarchical.HierarchicalTestExecutor.execute(HierarchicalTestExecutor.java:57)
	at org.junit.platform.engine.support.hierarchical.HierarchicalTestEngine.execute(HierarchicalTestEngine.java:54)
	at org.junit.platform.launcher.core.EngineExecutionOrchestrator.execute(EngineExecutionOrchestrator.java:198)
	at org.junit.platform.launcher.core.EngineExecutionOrchestrator.execute(EngineExecutionOrchestrator.java:169)
	at org.junit.platform.launcher.core.EngineExecutionOrchestrator.execute(EngineExecutionOrchestrator.java:93)
	at org.junit.platform.launcher.core.EngineExecutionOrchestrator.lambda$execute$0(EngineExecutionOrchestrator.java:58)
	at org.junit.platform.launcher.core.EngineExecutionOrchestrator.withInterceptedStreams(EngineExecutionOrchestrator.java:141)
	at org.junit.platform.launcher.core.EngineExecutionOrchestrator.execute(EngineExecutionOrchestrator.java:57)
	at org.junit.platform.launcher.core.DefaultLauncher.execute(DefaultLauncher.java:103)
	at org.junit.platform.launcher.core.DefaultLauncher.execute(DefaultLauncher.java:85)
	at org.junit.platform.launcher.core.DelegatingLauncher.execute(DelegatingLauncher.java:47)
	at org.apache.maven.surefire.junitplatform.LazyLauncher.execute(LazyLauncher.java:56)
	at org.apache.maven.surefire.junitplatform.JUnitPlatformProvider.execute(JUnitPlatformProvider.java:184)
	at org.apache.maven.surefire.junitplatform.JUnitPlatformProvider.invokeAllTests(JUnitPlatformProvider.java:148)
	at org.apache.maven.surefire.junitplatform.JUnitPlatformProvider.invoke(JUnitPlatformProvider.java:122)
	at org.apache.maven.surefire.booter.ForkedBooter.runSuitesInProcess(ForkedBooter.java:385)
	at org.apache.maven.surefire.booter.ForkedBooter.execute(ForkedBooter.java:162)
	at org.apache.maven.surefire.booter.ForkedBooter.run(ForkedBooter.java:507)
	at org.apache.maven.surefire.booter.ForkedBooter.main(ForkedBooter.java:495)
Caused by: org.springframework.beans.factory.UnsatisfiedDependencyException: Error creating bean with name 'notificationController' defined in file [C:\Users\koval\messenger-app\target\classes\com\messenger\controller\NotificationController.class]: Unsatisfied dependency expressed through constructor parameter 0: Error creating bean with name 'notificationService': Injection of autowired dependencies failed
	at org.springframework.beans.factory.support.ConstructorResolver.createArgumentArray(ConstructorResolver.java:802)
	at org.springframework.beans.factory.support.ConstructorResolver.autowireConstructor(ConstructorResolver.java:241)
	at org.springframework.beans.factory.support.AbstractAutowireCapableBeanFactory.autowireConstructor(AbstractAutowireCapableBeanFactory.java:1356)
	at org.springframework.beans.factory.support.AbstractAutowireCapableBeanFactory.createBeanInstance(AbstractAutowireCapableBeanFactory.java:1193)
	at org.springframework.beans.factory.support.AbstractAutowireCapableBeanFactory.doCreateBean(AbstractAutowireCapableBeanFactory.java:563)
	at org.springframework.beans.factory.support.AbstractAutowireCapableBeanFactory.createBean(AbstractAutowireCapableBeanFactory.java:523)
	at org.springframework.beans.factory.support.AbstractBeanFactory.lambda$doGetBean$0(AbstractBeanFactory.java:325)
	at org.springframework.beans.factory.support.DefaultSingletonBeanRegistry.getSingleton(DefaultSingletonBeanRegistry.java:234)
	at org.springframework.beans.factory.support.AbstractBeanFactory.doGetBean(AbstractBeanFactory.java:323)
	at org.springframework.beans.factory.support.AbstractBeanFactory.getBean(AbstractBeanFactory.java:199)
	at org.springframework.beans.factory.support.DefaultListableBeanFactory.preInstantiateSingletons(DefaultListableBeanFactory.java:973)
	at org.springframework.context.support.AbstractApplicationContext.finishBeanFactoryInitialization(AbstractApplicationContext.java:946)
	at org.springframework.context.support.AbstractApplicationContext.refresh(AbstractApplicationContext.java:616)
	at org.springframework.boot.SpringApplication.refresh(SpringApplication.java:753)
	at org.springframework.boot.SpringApplication.refreshContext(SpringApplication.java:455)
	at org.springframework.boot.SpringApplication.run(SpringApplication.java:323)
	at org.springframework.boot.test.context.SpringBootContextLoader.lambda$loadContext$3(SpringBootContextLoader.java:137)
	at org.springframework.util.function.ThrowingSupplier.get(ThrowingSupplier.java:58)
	at org.springframework.util.function.ThrowingSupplier.get(ThrowingSupplier.java:46)
	at org.springframework.boot.SpringApplication.withHook(SpringApplication.java:1442)
	at org.springframework.boot.test.context.SpringBootContextLoader$ContextLoaderHook.run(SpringBootContextLoader.java:552)
	at org.springframework.boot.test.context.SpringBootContextLoader.loadContext(SpringBootContextLoader.java:137)
	at org.springframework.boot.test.context.SpringBootContextLoader.loadContext(SpringBootContextLoader.java:108)
	at org.springframework.test.context.cache.DefaultCacheAwareContextLoaderDelegate.loadContextInternal(DefaultCacheAwareContextLoaderDelegate.java:225)
	at org.springframework.test.context.cache.DefaultCacheAwareContextLoaderDelegate.loadContext(DefaultCacheAwareContextLoaderDelegate.java:152)
	... 73 common frames omitted
Caused by: org.springframework.beans.factory.BeanCreationException: Error creating bean with name 'notificationService': Injection of autowired dependencies failed
	at org.springframework.beans.factory.annotation.AutowiredAnnotationBeanPostProcessor.postProcessProperties(AutowiredAnnotationBeanPostProcessor.java:499)
	at org.springframework.beans.factory.support.AbstractAutowireCapableBeanFactory.populateBean(AbstractAutowireCapableBeanFactory.java:1420)
	at org.springframework.beans.factory.support.AbstractAutowireCapableBeanFactory.doCreateBean(AbstractAutowireCapableBeanFactory.java:600)
	at org.springframework.beans.factory.support.AbstractAutowireCapableBeanFactory.createBean(AbstractAutowireCapableBeanFactory.java:523)
	at org.springframework.beans.factory.support.AbstractBeanFactory.lambda$doGetBean$0(AbstractBeanFactory.java:325)
	at org.springframework.beans.factory.support.DefaultSingletonBeanRegistry.getSingleton(DefaultSingletonBeanRegistry.java:234)
	at org.springframework.beans.factory.support.AbstractBeanFactory.doGetBean(AbstractBeanFactory.java:323)
	at org.springframework.beans.factory.support.AbstractBeanFactory.getBean(AbstractBeanFactory.java:199)
	at org.springframework.beans.factory.config.DependencyDescriptor.resolveCandidate(DependencyDescriptor.java:254)
	at org.springframework.beans.factory.support.DefaultListableBeanFactory.doResolveDependency(DefaultListableBeanFactory.java:1441)
	at org.springframework.beans.factory.support.DefaultListableBeanFactory.resolveDependency(DefaultListableBeanFactory.java:1348)
	at org.springframework.beans.factory.support.ConstructorResolver.resolveAutowiredArgument(ConstructorResolver.java:911)
	at org.springframework.beans.factory.support.ConstructorResolver.createArgumentArray(ConstructorResolver.java:789)
	... 97 common frames omitted
Caused by: java.lang.IllegalArgumentException: Could not resolve placeholder 'VAPID_PUBLIC_KEY' in value "${VAPID_PUBLIC_KEY}"
	at org.springframework.util.PropertyPlaceholderHelper.parseStringValue(PropertyPlaceholderHelper.java:180)
	at org.springframework.util.PropertyPlaceholderHelper.replacePlaceholders(PropertyPlaceholderHelper.java:126)
	at org.springframework.core.env.AbstractPropertyResolver.doResolvePlaceholders(AbstractPropertyResolver.java:239)
	at org.springframework.core.env.AbstractPropertyResolver.resolveRequiredPlaceholders(AbstractPropertyResolver.java:210)
	at org.springframework.core.env.AbstractPropertyResolver.resolveNestedPlaceholders(AbstractPropertyResolver.java:230)
	at org.springframework.boot.context.properties.source.ConfigurationPropertySourcesPropertyResolver.getProperty(ConfigurationPropertySourcesPropertyResolver.java:79)
	at org.springframework.boot.context.properties.source.ConfigurationPropertySourcesPropertyResolver.getProperty(ConfigurationPropertySourcesPropertyResolver.java:60)
	at org.springframework.core.env.AbstractEnvironment.getProperty(AbstractEnvironment.java:552)
	at org.springframework.context.support.PropertySourcesPlaceholderConfigurer$1.getProperty(PropertySourcesPlaceholderConfigurer.java:153)
	at org.springframework.context.support.PropertySourcesPlaceholderConfigurer$1.getProperty(PropertySourcesPlaceholderConfigurer.java:149)
	at org.springframework.core.env.PropertySourcesPropertyResolver.getProperty(PropertySourcesPropertyResolver.java:85)
	at org.springframework.core.env.PropertySourcesPropertyResolver.getPropertyAsRawString(PropertySourcesPropertyResolver.java:74)
	at org.springframework.util.PropertyPlaceholderHelper.parseStringValue(PropertyPlaceholderHelper.java:153)
	at org.springframework.util.PropertyPlaceholderHelper.replacePlaceholders(PropertyPlaceholderHelper.java:126)
	at org.springframework.core.env.AbstractPropertyResolver.doResolvePlaceholders(AbstractPropertyResolver.java:239)
	at org.springframework.core.env.AbstractPropertyResolver.resolveRequiredPlaceholders(AbstractPropertyResolver.java:210)
	at org.springframework.context.support.PropertySourcesPlaceholderConfigurer.lambda$processProperties$0(PropertySourcesPlaceholderConfigurer.java:200)
	at org.springframework.beans.factory.support.AbstractBeanFactory.resolveEmbeddedValue(AbstractBeanFactory.java:921)
	at org.springframework.beans.factory.support.DefaultListableBeanFactory.doResolveDependency(DefaultListableBeanFactory.java:1372)
	at org.springframework.beans.factory.support.DefaultListableBeanFactory.resolveDependency(DefaultListableBeanFactory.java:1348)
	at org.springframework.beans.factory.annotation.AutowiredAnnotationBeanPostProcessor$AutowiredFieldElement.resolveFieldValue(AutowiredAnnotationBeanPostProcessor.java:769)
	at org.springframework.beans.factory.annotation.AutowiredAnnotationBeanPostProcessor$AutowiredFieldElement.inject(AutowiredAnnotationBeanPostProcessor.java:752)
	at org.springframework.beans.factory.annotation.InjectionMetadata.inject(InjectionMetadata.java:145)
	at org.springframework.beans.factory.annotation.AutowiredAnnotationBeanPostProcessor.postProcessProperties(AutowiredAnnotationBeanPostProcessor.java:493)
	... 109 common frames omitted
2026-03-18 23:05:36.878 [main] ERROR [] [] o.s.test.context.TestContextManager - Caught exception while allowing TestExecutionListener [org.springframework.test.context.web.ServletTestExecutionListener] to prepare test instance [com.messenger.config.SecurityConfigTest@495501a4]
java.lang.IllegalStateException: ApplicationContext failure threshold (1) exceeded: skipping repeated attempt to load context for [WebMergedContextConfiguration@326b6c85 testClass = com.messenger.config.SecurityConfigTest, locations = [], classes = [com.messenger.SecureMessengerApplication], contextInitializerClasses = [], activeProfiles = ["test"], propertySourceDescriptors = [], propertySourceProperties = ["org.springframework.boot.test.context.SpringBootTestContextBootstrapper=true"], contextCustomizers = [[ImportsContextCustomizer@3cf8fc1c key = [org.springframework.boot.test.autoconfigure.web.servlet.MockMvcWebDriverAutoConfiguration, org.springframework.boot.test.autoconfigure.web.servlet.MockMvcAutoConfiguration, org.springframework.boot.autoconfigure.security.oauth2.client.servlet.OAuth2ClientAutoConfiguration, org.springframework.boot.autoconfigure.security.servlet.SecurityAutoConfiguration, org.springframework.boot.autoconfigure.security.servlet.SecurityFilterAutoConfiguration, org.springframework.boot.autoconfigure.security.servlet.UserDetailsServiceAutoConfiguration, org.springframework.boot.autoconfigure.security.oauth2.resource.servlet.OAuth2ResourceServerAutoConfiguration, org.springframework.boot.test.autoconfigure.web.servlet.MockMvcSecurityConfiguration, org.springframework.boot.test.autoconfigure.web.servlet.MockMvcWebClientAutoConfiguration, org.springframework.boot.test.autoconfigure.web.reactive.WebTestClientAutoConfiguration]], org.springframework.boot.test.context.filter.ExcludeFilterContextCustomizer@42bc14c1, org.springframework.boot.test.json.DuplicateJsonObjectContextCustomizerFactory$DuplicateJsonObjectContextCustomizer@6f3c660a, org.springframework.boot.test.mock.mockito.MockitoContextCustomizer@0, org.springframework.boot.test.web.client.TestRestTemplateContextCustomizer@294a6b8e, org.springframework.boot.test.web.reactive.server.WebTestClientContextCustomizer@16414e40, org.springframework.boot.test.autoconfigure.actuate.observability.ObservabilityContextCustomizerFactory$DisableObservabilityContextCustomizer@1f, org.springframework.boot.test.autoconfigure.properties.PropertyMappingContextCustomizer@4b3fa0b3, org.springframework.boot.test.autoconfigure.web.servlet.WebDriverContextCustomizer@4982cc36, org.springframework.boot.test.context.SpringBootTestAnnotation@4a772aba], resourceBasePath = "src/main/webapp", contextLoader = org.springframework.boot.test.context.SpringBootContextLoader, parent = null]
	at org.springframework.test.context.cache.DefaultCacheAwareContextLoaderDelegate.loadContext(DefaultCacheAwareContextLoaderDelegate.java:145)
	at org.springframework.test.context.support.DefaultTestContext.getApplicationContext(DefaultTestContext.java:130)
	at org.springframework.test.context.web.ServletTestExecutionListener.setUpRequestContextIfNecessary(ServletTestExecutionListener.java:191)
	at org.springframework.test.context.web.ServletTestExecutionListener.prepareTestInstance(ServletTestExecutionListener.java:130)
	at org.springframework.test.context.TestContextManager.prepareTestInstance(TestContextManager.java:247)
	at org.springframework.test.context.junit.jupiter.SpringExtension.postProcessTestInstance(SpringExtension.java:163)
	at org.junit.jupiter.engine.descriptor.ClassBasedTestDescriptor.lambda$invokeTestInstancePostProcessors$10(ClassBasedTestDescriptor.java:378)
	at org.junit.jupiter.engine.descriptor.ClassBasedTestDescriptor.executeAndMaskThrowable(ClassBasedTestDescriptor.java:383)
	at org.junit.jupiter.engine.descriptor.ClassBasedTestDescriptor.lambda$invokeTestInstancePostProcessors$11(ClassBasedTestDescriptor.java:378)
	at java.base/java.util.stream.ReferencePipeline$3$1.accept(ReferencePipeline.java:197)
	at java.base/java.util.stream.ReferencePipeline$2$1.accept(ReferencePipeline.java:179)
	at java.base/java.util.ArrayList$ArrayListSpliterator.forEachRemaining(ArrayList.java:1708)
	at java.base/java.util.stream.AbstractPipeline.copyInto(AbstractPipeline.java:509)
	at java.base/java.util.stream.AbstractPipeline.wrapAndCopyInto(AbstractPipeline.java:499)
	at java.base/java.util.stream.StreamSpliterators$WrappingSpliterator.forEachRemaining(StreamSpliterators.java:310)
	at java.base/java.util.stream.Streams$ConcatSpliterator.forEachRemaining(Streams.java:735)
	at java.base/java.util.stream.Streams$ConcatSpliterator.forEachRemaining(Streams.java:734)
	at java.base/java.util.stream.ReferencePipeline$Head.forEach(ReferencePipeline.java:762)
	at org.junit.jupiter.engine.descriptor.ClassBasedTestDescriptor.invokeTestInstancePostProcessors(ClassBasedTestDescriptor.java:377)
	at org.junit.jupiter.engine.descriptor.ClassBasedTestDescriptor.lambda$instantiateAndPostProcessTestInstance$6(ClassBasedTestDescriptor.java:290)
	at org.junit.platform.engine.support.hierarchical.ThrowableCollector.execute(ThrowableCollector.java:73)
	at org.junit.jupiter.engine.descriptor.ClassBasedTestDescriptor.instantiateAndPostProcessTestInstance(ClassBasedTestDescriptor.java:289)
	at org.junit.jupiter.engine.descriptor.ClassBasedTestDescriptor.lambda$testInstancesProvider$4(ClassBasedTestDescriptor.java:279)
	at java.base/java.util.Optional.orElseGet(Optional.java:364)
	at org.junit.jupiter.engine.descriptor.ClassBasedTestDescriptor.lambda$testInstancesProvider$5(ClassBasedTestDescriptor.java:278)
	at org.junit.jupiter.engine.execution.TestInstancesProvider.getTestInstances(TestInstancesProvider.java:31)
	at org.junit.jupiter.engine.descriptor.TestMethodTestDescriptor.lambda$prepare$0(TestMethodTestDescriptor.java:106)
	at org.junit.platform.engine.support.hierarchical.ThrowableCollector.execute(ThrowableCollector.java:73)
	at org.junit.jupiter.engine.descriptor.TestMethodTestDescriptor.prepare(TestMethodTestDescriptor.java:105)
	at org.junit.jupiter.engine.descriptor.TestMethodTestDescriptor.prepare(TestMethodTestDescriptor.java:69)
	at org.junit.platform.engine.support.hierarchical.NodeTestTask.lambda$prepare$2(NodeTestTask.java:123)
	at org.junit.platform.engine.support.hierarchical.ThrowableCollector.execute(ThrowableCollector.java:73)
	at org.junit.platform.engine.support.hierarchical.NodeTestTask.prepare(NodeTestTask.java:123)
	at org.junit.platform.engine.support.hierarchical.NodeTestTask.execute(NodeTestTask.java:90)
	at java.base/java.util.ArrayList.forEach(ArrayList.java:1596)
	at org.junit.platform.engine.support.hierarchical.SameThreadHierarchicalTestExecutorService.invokeAll(SameThreadHierarchicalTestExecutorService.java:41)
	at org.junit.platform.engine.support.hierarchical.NodeTestTask.lambda$executeRecursively$6(NodeTestTask.java:155)
	at org.junit.platform.engine.support.hierarchical.ThrowableCollector.execute(ThrowableCollector.java:73)
	at org.junit.platform.engine.support.hierarchical.NodeTestTask.lambda$executeRecursively$8(NodeTestTask.java:141)
	at org.junit.platform.engine.support.hierarchical.Node.around(Node.java:137)
	at org.junit.platform.engine.support.hierarchical.NodeTestTask.lambda$executeRecursively$9(NodeTestTask.java:139)
	at org.junit.platform.engine.support.hierarchical.ThrowableCollector.execute(ThrowableCollector.java:73)
	at org.junit.platform.engine.support.hierarchical.NodeTestTask.executeRecursively(NodeTestTask.java:138)
	at org.junit.platform.engine.support.hierarchical.NodeTestTask.execute(NodeTestTask.java:95)
	at java.base/java.util.ArrayList.forEach(ArrayList.java:1596)
	at org.junit.platform.engine.support.hierarchical.SameThreadHierarchicalTestExecutorService.invokeAll(SameThreadHierarchicalTestExecutorService.java:41)
	at org.junit.platform.engine.support.hierarchical.NodeTestTask.lambda$executeRecursively$6(NodeTestTask.java:155)
	at org.junit.platform.engine.support.hierarchical.ThrowableCollector.execute(ThrowableCollector.java:73)
	at org.junit.platform.engine.support.hierarchical.NodeTestTask.lambda$executeRecursively$8(NodeTestTask.java:141)
	at org.junit.platform.engine.support.hierarchical.Node.around(Node.java:137)
	at org.junit.platform.engine.support.hierarchical.NodeTestTask.lambda$executeRecursively$9(NodeTestTask.java:139)
	at org.junit.platform.engine.support.hierarchical.ThrowableCollector.execute(ThrowableCollector.java:73)
	at org.junit.platform.engine.support.hierarchical.NodeTestTask.executeRecursively(NodeTestTask.java:138)
	at org.junit.platform.engine.support.hierarchical.NodeTestTask.execute(NodeTestTask.java:95)
	at org.junit.platform.engine.support.hierarchical.SameThreadHierarchicalTestExecutorService.submit(SameThreadHierarchicalTestExecutorService.java:35)
	at org.junit.platform.engine.support.hierarchical.HierarchicalTestExecutor.execute(HierarchicalTestExecutor.java:57)
	at org.junit.platform.engine.support.hierarchical.HierarchicalTestEngine.execute(HierarchicalTestEngine.java:54)
	at org.junit.platform.launcher.core.EngineExecutionOrchestrator.execute(EngineExecutionOrchestrator.java:198)
	at org.junit.platform.launcher.core.EngineExecutionOrchestrator.execute(EngineExecutionOrchestrator.java:169)
	at org.junit.platform.launcher.core.EngineExecutionOrchestrator.execute(EngineExecutionOrchestrator.java:93)
	at org.junit.platform.launcher.core.EngineExecutionOrchestrator.lambda$execute$0(EngineExecutionOrchestrator.java:58)
	at org.junit.platform.launcher.core.EngineExecutionOrchestrator.withInterceptedStreams(EngineExecutionOrchestrator.java:141)
	at org.junit.platform.launcher.core.EngineExecutionOrchestrator.execute(EngineExecutionOrchestrator.java:57)
	at org.junit.platform.launcher.core.DefaultLauncher.execute(DefaultLauncher.java:103)
	at org.junit.platform.launcher.core.DefaultLauncher.execute(DefaultLauncher.java:85)
	at org.junit.platform.launcher.core.DelegatingLauncher.execute(DelegatingLauncher.java:47)
	at org.apache.maven.surefire.junitplatform.LazyLauncher.execute(LazyLauncher.java:56)
	at org.apache.maven.surefire.junitplatform.JUnitPlatformProvider.execute(JUnitPlatformProvider.java:184)
	at org.apache.maven.surefire.junitplatform.JUnitPlatformProvider.invokeAllTests(JUnitPlatformProvider.java:148)
	at org.apache.maven.surefire.junitplatform.JUnitPlatformProvider.invoke(JUnitPlatformProvider.java:122)
	at org.apache.maven.surefire.booter.ForkedBooter.runSuitesInProcess(ForkedBooter.java:385)
	at org.apache.maven.surefire.booter.ForkedBooter.execute(ForkedBooter.java:162)
	at org.apache.maven.surefire.booter.ForkedBooter.run(ForkedBooter.java:507)
	at org.apache.maven.surefire.booter.ForkedBooter.main(ForkedBooter.java:495)
2026-03-18 23:05:36.881 [main] ERROR [] [] o.s.test.context.TestContextManager - Caught exception while allowing TestExecutionListener [org.springframework.test.context.web.ServletTestExecutionListener] to prepare test instance [com.messenger.config.SecurityConfigTest@57299f27]
java.lang.IllegalStateException: ApplicationContext failure threshold (1) exceeded: skipping repeated attempt to load context for [WebMergedContextConfiguration@326b6c85 testClass = com.messenger.config.SecurityConfigTest, locations = [], classes = [com.messenger.SecureMessengerApplication], contextInitializerClasses = [], activeProfiles = ["test"], propertySourceDescriptors = [], propertySourceProperties = ["org.springframework.boot.test.context.SpringBootTestContextBootstrapper=true"], contextCustomizers = [[ImportsContextCustomizer@3cf8fc1c key = [org.springframework.boot.test.autoconfigure.web.servlet.MockMvcWebDriverAutoConfiguration, org.springframework.boot.test.autoconfigure.web.servlet.MockMvcAutoConfiguration, org.springframework.boot.autoconfigure.security.oauth2.client.servlet.OAuth2ClientAutoConfiguration, org.springframework.boot.autoconfigure.security.servlet.SecurityAutoConfiguration, org.springframework.boot.autoconfigure.security.servlet.SecurityFilterAutoConfiguration, org.springframework.boot.autoconfigure.security.servlet.UserDetailsServiceAutoConfiguration, org.springframework.boot.autoconfigure.security.oauth2.resource.servlet.OAuth2ResourceServerAutoConfiguration, org.springframework.boot.test.autoconfigure.web.servlet.MockMvcSecurityConfiguration, org.springframework.boot.test.autoconfigure.web.servlet.MockMvcWebClientAutoConfiguration, org.springframework.boot.test.autoconfigure.web.reactive.WebTestClientAutoConfiguration]], org.springframework.boot.test.context.filter.ExcludeFilterContextCustomizer@42bc14c1, org.springframework.boot.test.json.DuplicateJsonObjectContextCustomizerFactory$DuplicateJsonObjectContextCustomizer@6f3c660a, org.springframework.boot.test.mock.mockito.MockitoContextCustomizer@0, org.springframework.boot.test.web.client.TestRestTemplateContextCustomizer@294a6b8e, org.springframework.boot.test.web.reactive.server.WebTestClientContextCustomizer@16414e40, org.springframework.boot.test.autoconfigure.actuate.observability.ObservabilityContextCustomizerFactory$DisableObservabilityContextCustomizer@1f, org.springframework.boot.test.autoconfigure.properties.PropertyMappingContextCustomizer@4b3fa0b3, org.springframework.boot.test.autoconfigure.web.servlet.WebDriverContextCustomizer@4982cc36, org.springframework.boot.test.context.SpringBootTestAnnotation@4a772aba], resourceBasePath = "src/main/webapp", contextLoader = org.springframework.boot.test.context.SpringBootContextLoader, parent = null]
	at org.springframework.test.context.cache.DefaultCacheAwareContextLoaderDelegate.loadContext(DefaultCacheAwareContextLoaderDelegate.java:145)
	at org.springframework.test.context.support.DefaultTestContext.getApplicationContext(DefaultTestContext.java:130)
	at org.springframework.test.context.web.ServletTestExecutionListener.setUpRequestContextIfNecessary(ServletTestExecutionListener.java:191)
	at org.springframework.test.context.web.ServletTestExecutionListener.prepareTestInstance(ServletTestExecutionListener.java:130)
	at org.springframework.test.context.TestContextManager.prepareTestInstance(TestContextManager.java:247)
	at org.springframework.test.context.junit.jupiter.SpringExtension.postProcessTestInstance(SpringExtension.java:163)
	at org.junit.jupiter.engine.descriptor.ClassBasedTestDescriptor.lambda$invokeTestInstancePostProcessors$10(ClassBasedTestDescriptor.java:378)
	at org.junit.jupiter.engine.descriptor.ClassBasedTestDescriptor.executeAndMaskThrowable(ClassBasedTestDescriptor.java:383)
	at org.junit.jupiter.engine.descriptor.ClassBasedTestDescriptor.lambda$invokeTestInstancePostProcessors$11(ClassBasedTestDescriptor.java:378)
	at java.base/java.util.stream.ReferencePipeline$3$1.accept(ReferencePipeline.java:197)
	at java.base/java.util.stream.ReferencePipeline$2$1.accept(ReferencePipeline.java:179)
	at java.base/java.util.ArrayList$ArrayListSpliterator.forEachRemaining(ArrayList.java:1708)
	at java.base/java.util.stream.AbstractPipeline.copyInto(AbstractPipeline.java:509)
	at java.base/java.util.stream.AbstractPipeline.wrapAndCopyInto(AbstractPipeline.java:499)
	at java.base/java.util.stream.StreamSpliterators$WrappingSpliterator.forEachRemaining(StreamSpliterators.java:310)
	at java.base/java.util.stream.Streams$ConcatSpliterator.forEachRemaining(Streams.java:735)
	at java.base/java.util.stream.Streams$ConcatSpliterator.forEachRemaining(Streams.java:734)
	at java.base/java.util.stream.ReferencePipeline$Head.forEach(ReferencePipeline.java:762)
	at org.junit.jupiter.engine.descriptor.ClassBasedTestDescriptor.invokeTestInstancePostProcessors(ClassBasedTestDescriptor.java:377)
	at org.junit.jupiter.engine.descriptor.ClassBasedTestDescriptor.lambda$instantiateAndPostProcessTestInstance$6(ClassBasedTestDescriptor.java:290)
	at org.junit.platform.engine.support.hierarchical.ThrowableCollector.execute(ThrowableCollector.java:73)
	at org.junit.jupiter.engine.descriptor.ClassBasedTestDescriptor.instantiateAndPostProcessTestInstance(ClassBasedTestDescriptor.java:289)
	at org.junit.jupiter.engine.descriptor.ClassBasedTestDescriptor.lambda$testInstancesProvider$4(ClassBasedTestDescriptor.java:279)
	at java.base/java.util.Optional.orElseGet(Optional.java:364)
	at org.junit.jupiter.engine.descriptor.ClassBasedTestDescriptor.lambda$testInstancesProvider$5(ClassBasedTestDescriptor.java:278)
	at org.junit.jupiter.engine.execution.TestInstancesProvider.getTestInstances(TestInstancesProvider.java:31)
	at org.junit.jupiter.engine.descriptor.TestMethodTestDescriptor.lambda$prepare$0(TestMethodTestDescriptor.java:106)
	at org.junit.platform.engine.support.hierarchical.ThrowableCollector.execute(ThrowableCollector.java:73)
	at org.junit.jupiter.engine.descriptor.TestMethodTestDescriptor.prepare(TestMethodTestDescriptor.java:105)
	at org.junit.jupiter.engine.descriptor.TestMethodTestDescriptor.prepare(TestMethodTestDescriptor.java:69)
	at org.junit.platform.engine.support.hierarchical.NodeTestTask.lambda$prepare$2(NodeTestTask.java:123)
	at org.junit.platform.engine.support.hierarchical.ThrowableCollector.execute(ThrowableCollector.java:73)
	at org.junit.platform.engine.support.hierarchical.NodeTestTask.prepare(NodeTestTask.java:123)
	at org.junit.platform.engine.support.hierarchical.NodeTestTask.execute(NodeTestTask.java:90)
	at java.base/java.util.ArrayList.forEach(ArrayList.java:1596)
	at org.junit.platform.engine.support.hierarchical.SameThreadHierarchicalTestExecutorService.invokeAll(SameThreadHierarchicalTestExecutorService.java:41)
	at org.junit.platform.engine.support.hierarchical.NodeTestTask.lambda$executeRecursively$6(NodeTestTask.java:155)
	at org.junit.platform.engine.support.hierarchical.ThrowableCollector.execute(ThrowableCollector.java:73)
	at org.junit.platform.engine.support.hierarchical.NodeTestTask.lambda$executeRecursively$8(NodeTestTask.java:141)
	at org.junit.platform.engine.support.hierarchical.Node.around(Node.java:137)
	at org.junit.platform.engine.support.hierarchical.NodeTestTask.lambda$executeRecursively$9(NodeTestTask.java:139)
	at org.junit.platform.engine.support.hierarchical.ThrowableCollector.execute(ThrowableCollector.java:73)
	at org.junit.platform.engine.support.hierarchical.NodeTestTask.executeRecursively(NodeTestTask.java:138)
	at org.junit.platform.engine.support.hierarchical.NodeTestTask.execute(NodeTestTask.java:95)
	at java.base/java.util.ArrayList.forEach(ArrayList.java:1596)
	at org.junit.platform.engine.support.hierarchical.SameThreadHierarchicalTestExecutorService.invokeAll(SameThreadHierarchicalTestExecutorService.java:41)
	at org.junit.platform.engine.support.hierarchical.NodeTestTask.lambda$executeRecursively$6(NodeTestTask.java:155)
	at org.junit.platform.engine.support.hierarchical.ThrowableCollector.execute(ThrowableCollector.java:73)
	at org.junit.platform.engine.support.hierarchical.NodeTestTask.lambda$executeRecursively$8(NodeTestTask.java:141)
	at org.junit.platform.engine.support.hierarchical.Node.around(Node.java:137)
	at org.junit.platform.engine.support.hierarchical.NodeTestTask.lambda$executeRecursively$9(NodeTestTask.java:139)
	at org.junit.platform.engine.support.hierarchical.ThrowableCollector.execute(ThrowableCollector.java:73)
	at org.junit.platform.engine.support.hierarchical.NodeTestTask.executeRecursively(NodeTestTask.java:138)
	at org.junit.platform.engine.support.hierarchical.NodeTestTask.execute(NodeTestTask.java:95)
	at org.junit.platform.engine.support.hierarchical.SameThreadHierarchicalTestExecutorService.submit(SameThreadHierarchicalTestExecutorService.java:35)
	at org.junit.platform.engine.support.hierarchical.HierarchicalTestExecutor.execute(HierarchicalTestExecutor.java:57)
	at org.junit.platform.engine.support.hierarchical.HierarchicalTestEngine.execute(HierarchicalTestEngine.java:54)
	at org.junit.platform.launcher.core.EngineExecutionOrchestrator.execute(EngineExecutionOrchestrator.java:198)
	at org.junit.platform.launcher.core.EngineExecutionOrchestrator.execute(EngineExecutionOrchestrator.java:169)
	at org.junit.platform.launcher.core.EngineExecutionOrchestrator.execute(EngineExecutionOrchestrator.java:93)
	at org.junit.platform.launcher.core.EngineExecutionOrchestrator.lambda$execute$0(EngineExecutionOrchestrator.java:58)
	at org.junit.platform.launcher.core.EngineExecutionOrchestrator.withInterceptedStreams(EngineExecutionOrchestrator.java:141)
	at org.junit.platform.launcher.core.EngineExecutionOrchestrator.execute(EngineExecutionOrchestrator.java:57)
	at org.junit.platform.launcher.core.DefaultLauncher.execute(DefaultLauncher.java:103)
	at org.junit.platform.launcher.core.DefaultLauncher.execute(DefaultLauncher.java:85)
	at org.junit.platform.launcher.core.DelegatingLauncher.execute(DelegatingLauncher.java:47)
	at org.apache.maven.surefire.junitplatform.LazyLauncher.execute(LazyLauncher.java:56)
	at org.apache.maven.surefire.junitplatform.JUnitPlatformProvider.execute(JUnitPlatformProvider.java:184)
	at org.apache.maven.surefire.junitplatform.JUnitPlatformProvider.invokeAllTests(JUnitPlatformProvider.java:148)
	at org.apache.maven.surefire.junitplatform.JUnitPlatformProvider.invoke(JUnitPlatformProvider.java:122)
	at org.apache.maven.surefire.booter.ForkedBooter.runSuitesInProcess(ForkedBooter.java:385)
	at org.apache.maven.surefire.booter.ForkedBooter.execute(ForkedBooter.java:162)
	at org.apache.maven.surefire.booter.ForkedBooter.run(ForkedBooter.java:507)
	at org.apache.maven.surefire.booter.ForkedBooter.main(ForkedBooter.java:495)
2026-03-18 23:05:36.884 [main] ERROR [] [] o.s.test.context.TestContextManager - Caught exception while allowing TestExecutionListener [org.springframework.test.context.web.ServletTestExecutionListener] to prepare test instance [com.messenger.config.SecurityConfigTest@52655ce3]
java.lang.IllegalStateException: ApplicationContext failure threshold (1) exceeded: skipping repeated attempt to load context for [WebMergedContextConfiguration@326b6c85 testClass = com.messenger.config.SecurityConfigTest, locations = [], classes = [com.messenger.SecureMessengerApplication], contextInitializerClasses = [], activeProfiles = ["test"], propertySourceDescriptors = [], propertySourceProperties = ["org.springframework.boot.test.context.SpringBootTestContextBootstrapper=true"], contextCustomizers = [[ImportsContextCustomizer@3cf8fc1c key = [org.springframework.boot.test.autoconfigure.web.servlet.MockMvcWebDriverAutoConfiguration, org.springframework.boot.test.autoconfigure.web.servlet.MockMvcAutoConfiguration, org.springframework.boot.autoconfigure.security.oauth2.client.servlet.OAuth2ClientAutoConfiguration, org.springframework.boot.autoconfigure.security.servlet.SecurityAutoConfiguration, org.springframework.boot.autoconfigure.security.servlet.SecurityFilterAutoConfiguration, org.springframework.boot.autoconfigure.security.servlet.UserDetailsServiceAutoConfiguration, org.springframework.boot.autoconfigure.security.oauth2.resource.servlet.OAuth2ResourceServerAutoConfiguration, org.springframework.boot.test.autoconfigure.web.servlet.MockMvcSecurityConfiguration, org.springframework.boot.test.autoconfigure.web.servlet.MockMvcWebClientAutoConfiguration, org.springframework.boot.test.autoconfigure.web.reactive.WebTestClientAutoConfiguration]], org.springframework.boot.test.context.filter.ExcludeFilterContextCustomizer@42bc14c1, org.springframework.boot.test.json.DuplicateJsonObjectContextCustomizerFactory$DuplicateJsonObjectContextCustomizer@6f3c660a, org.springframework.boot.test.mock.mockito.MockitoContextCustomizer@0, org.springframework.boot.test.web.client.TestRestTemplateContextCustomizer@294a6b8e, org.springframework.boot.test.web.reactive.server.WebTestClientContextCustomizer@16414e40, org.springframework.boot.test.autoconfigure.actuate.observability.ObservabilityContextCustomizerFactory$DisableObservabilityContextCustomizer@1f, org.springframework.boot.test.autoconfigure.properties.PropertyMappingContextCustomizer@4b3fa0b3, org.springframework.boot.test.autoconfigure.web.servlet.WebDriverContextCustomizer@4982cc36, org.springframework.boot.test.context.SpringBootTestAnnotation@4a772aba], resourceBasePath = "src/main/webapp", contextLoader = org.springframework.boot.test.context.SpringBootContextLoader, parent = null]
	at org.springframework.test.context.cache.DefaultCacheAwareContextLoaderDelegate.loadContext(DefaultCacheAwareContextLoaderDelegate.java:145)
	at org.springframework.test.context.support.DefaultTestContext.getApplicationContext(DefaultTestContext.java:130)
	at org.springframework.test.context.web.ServletTestExecutionListener.setUpRequestContextIfNecessary(ServletTestExecutionListener.java:191)
	at org.springframework.test.context.web.ServletTestExecutionListener.prepareTestInstance(ServletTestExecutionListener.java:130)
	at org.springframework.test.context.TestContextManager.prepareTestInstance(TestContextManager.java:247)
	at org.springframework.test.context.junit.jupiter.SpringExtension.postProcessTestInstance(SpringExtension.java:163)
	at org.junit.jupiter.engine.descriptor.ClassBasedTestDescriptor.lambda$invokeTestInstancePostProcessors$10(ClassBasedTestDescriptor.java:378)
	at org.junit.jupiter.engine.descriptor.ClassBasedTestDescriptor.executeAndMaskThrowable(ClassBasedTestDescriptor.java:383)
	at org.junit.jupiter.engine.descriptor.ClassBasedTestDescriptor.lambda$invokeTestInstancePostProcessors$11(ClassBasedTestDescriptor.java:378)
	at java.base/java.util.stream.ReferencePipeline$3$1.accept(ReferencePipeline.java:197)
	at java.base/java.util.stream.ReferencePipeline$2$1.accept(ReferencePipeline.java:179)
	at java.base/java.util.ArrayList$ArrayListSpliterator.forEachRemaining(ArrayList.java:1708)
	at java.base/java.util.stream.AbstractPipeline.copyInto(AbstractPipeline.java:509)
	at java.base/java.util.stream.AbstractPipeline.wrapAndCopyInto(AbstractPipeline.java:499)
	at java.base/java.util.stream.StreamSpliterators$WrappingSpliterator.forEachRemaining(StreamSpliterators.java:310)
	at java.base/java.util.stream.Streams$ConcatSpliterator.forEachRemaining(Streams.java:735)
	at java.base/java.util.stream.Streams$ConcatSpliterator.forEachRemaining(Streams.java:734)
	at java.base/java.util.stream.ReferencePipeline$Head.forEach(ReferencePipeline.java:762)
	at org.junit.jupiter.engine.descriptor.ClassBasedTestDescriptor.invokeTestInstancePostProcessors(ClassBasedTestDescriptor.java:377)
	at org.junit.jupiter.engine.descriptor.ClassBasedTestDescriptor.lambda$instantiateAndPostProcessTestInstance$6(ClassBasedTestDescriptor.java:290)
	at org.junit.platform.engine.support.hierarchical.ThrowableCollector.execute(ThrowableCollector.java:73)
	at org.junit.jupiter.engine.descriptor.ClassBasedTestDescriptor.instantiateAndPostProcessTestInstance(ClassBasedTestDescriptor.java:289)
	at org.junit.jupiter.engine.descriptor.ClassBasedTestDescriptor.lambda$testInstancesProvider$4(ClassBasedTestDescriptor.java:279)
	at java.base/java.util.Optional.orElseGet(Optional.java:364)
	at org.junit.jupiter.engine.descriptor.ClassBasedTestDescriptor.lambda$testInstancesProvider$5(ClassBasedTestDescriptor.java:278)
	at org.junit.jupiter.engine.execution.TestInstancesProvider.getTestInstances(TestInstancesProvider.java:31)
	at org.junit.jupiter.engine.descriptor.TestMethodTestDescriptor.lambda$prepare$0(TestMethodTestDescriptor.java:106)
	at org.junit.platform.engine.support.hierarchical.ThrowableCollector.execute(ThrowableCollector.java:73)
	at org.junit.jupiter.engine.descriptor.TestMethodTestDescriptor.prepare(TestMethodTestDescriptor.java:105)
	at org.junit.jupiter.engine.descriptor.TestMethodTestDescriptor.prepare(TestMethodTestDescriptor.java:69)
	at org.junit.platform.engine.support.hierarchical.NodeTestTask.lambda$prepare$2(NodeTestTask.java:123)
	at org.junit.platform.engine.support.hierarchical.ThrowableCollector.execute(ThrowableCollector.java:73)
	at org.junit.platform.engine.support.hierarchical.NodeTestTask.prepare(NodeTestTask.java:123)
	at org.junit.platform.engine.support.hierarchical.NodeTestTask.execute(NodeTestTask.java:90)
	at java.base/java.util.ArrayList.forEach(ArrayList.java:1596)
	at org.junit.platform.engine.support.hierarchical.SameThreadHierarchicalTestExecutorService.invokeAll(SameThreadHierarchicalTestExecutorService.java:41)
	at org.junit.platform.engine.support.hierarchical.NodeTestTask.lambda$executeRecursively$6(NodeTestTask.java:155)
	at org.junit.platform.engine.support.hierarchical.ThrowableCollector.execute(ThrowableCollector.java:73)
	at org.junit.platform.engine.support.hierarchical.NodeTestTask.lambda$executeRecursively$8(NodeTestTask.java:141)
	at org.junit.platform.engine.support.hierarchical.Node.around(Node.java:137)
	at org.junit.platform.engine.support.hierarchical.NodeTestTask.lambda$executeRecursively$9(NodeTestTask.java:139)
	at org.junit.platform.engine.support.hierarchical.ThrowableCollector.execute(ThrowableCollector.java:73)
	at org.junit.platform.engine.support.hierarchical.NodeTestTask.executeRecursively(NodeTestTask.java:138)
	at org.junit.platform.engine.support.hierarchical.NodeTestTask.execute(NodeTestTask.java:95)
	at java.base/java.util.ArrayList.forEach(ArrayList.java:1596)
	at org.junit.platform.engine.support.hierarchical.SameThreadHierarchicalTestExecutorService.invokeAll(SameThreadHierarchicalTestExecutorService.java:41)
	at org.junit.platform.engine.support.hierarchical.NodeTestTask.lambda$executeRecursively$6(NodeTestTask.java:155)
	at org.junit.platform.engine.support.hierarchical.ThrowableCollector.execute(ThrowableCollector.java:73)
	at org.junit.platform.engine.support.hierarchical.NodeTestTask.lambda$executeRecursively$8(NodeTestTask.java:141)
	at org.junit.platform.engine.support.hierarchical.Node.around(Node.java:137)
	at org.junit.platform.engine.support.hierarchical.NodeTestTask.lambda$executeRecursively$9(NodeTestTask.java:139)
	at org.junit.platform.engine.support.hierarchical.ThrowableCollector.execute(ThrowableCollector.java:73)
	at org.junit.platform.engine.support.hierarchical.NodeTestTask.executeRecursively(NodeTestTask.java:138)
	at org.junit.platform.engine.support.hierarchical.NodeTestTask.execute(NodeTestTask.java:95)
	at org.junit.platform.engine.support.hierarchical.SameThreadHierarchicalTestExecutorService.submit(SameThreadHierarchicalTestExecutorService.java:35)
	at org.junit.platform.engine.support.hierarchical.HierarchicalTestExecutor.execute(HierarchicalTestExecutor.java:57)
	at org.junit.platform.engine.support.hierarchical.HierarchicalTestEngine.execute(HierarchicalTestEngine.java:54)
	at org.junit.platform.launcher.core.EngineExecutionOrchestrator.execute(EngineExecutionOrchestrator.java:198)
	at org.junit.platform.launcher.core.EngineExecutionOrchestrator.execute(EngineExecutionOrchestrator.java:169)
	at org.junit.platform.launcher.core.EngineExecutionOrchestrator.execute(EngineExecutionOrchestrator.java:93)
	at org.junit.platform.launcher.core.EngineExecutionOrchestrator.lambda$execute$0(EngineExecutionOrchestrator.java:58)
	at org.junit.platform.launcher.core.EngineExecutionOrchestrator.withInterceptedStreams(EngineExecutionOrchestrator.java:141)
	at org.junit.platform.launcher.core.EngineExecutionOrchestrator.execute(EngineExecutionOrchestrator.java:57)
	at org.junit.platform.launcher.core.DefaultLauncher.execute(DefaultLauncher.java:103)
	at org.junit.platform.launcher.core.DefaultLauncher.execute(DefaultLauncher.java:85)
	at org.junit.platform.launcher.core.DelegatingLauncher.execute(DelegatingLauncher.java:47)
	at org.apache.maven.surefire.junitplatform.LazyLauncher.execute(LazyLauncher.java:56)
	at org.apache.maven.surefire.junitplatform.JUnitPlatformProvider.execute(JUnitPlatformProvider.java:184)
	at org.apache.maven.surefire.junitplatform.JUnitPlatformProvider.invokeAllTests(JUnitPlatformProvider.java:148)
	at org.apache.maven.surefire.junitplatform.JUnitPlatformProvider.invoke(JUnitPlatformProvider.java:122)
	at org.apache.maven.surefire.booter.ForkedBooter.runSuitesInProcess(ForkedBooter.java:385)
	at org.apache.maven.surefire.booter.ForkedBooter.execute(ForkedBooter.java:162)
	at org.apache.maven.surefire.booter.ForkedBooter.run(ForkedBooter.java:507)
	at org.apache.maven.surefire.booter.ForkedBooter.main(ForkedBooter.java:495)
2026-03-18 23:05:36.886 [main] ERROR [] [] o.s.test.context.TestContextManager - Caught exception while allowing TestExecutionListener [org.springframework.test.context.web.ServletTestExecutionListener] to prepare test instance [com.messenger.config.SecurityConfigTest@19760b30]
java.lang.IllegalStateException: ApplicationContext failure threshold (1) exceeded: skipping repeated attempt to load context for [WebMergedContextConfiguration@326b6c85 testClass = com.messenger.config.SecurityConfigTest, locations = [], classes = [com.messenger.SecureMessengerApplication], contextInitializerClasses = [], activeProfiles = ["test"], propertySourceDescriptors = [], propertySourceProperties = ["org.springframework.boot.test.context.SpringBootTestContextBootstrapper=true"], contextCustomizers = [[ImportsContextCustomizer@3cf8fc1c key = [org.springframework.boot.test.autoconfigure.web.servlet.MockMvcWebDriverAutoConfiguration, org.springframework.boot.test.autoconfigure.web.servlet.MockMvcAutoConfiguration, org.springframework.boot.autoconfigure.security.oauth2.client.servlet.OAuth2ClientAutoConfiguration, org.springframework.boot.autoconfigure.security.servlet.SecurityAutoConfiguration, org.springframework.boot.autoconfigure.security.servlet.SecurityFilterAutoConfiguration, org.springframework.boot.autoconfigure.security.servlet.UserDetailsServiceAutoConfiguration, org.springframework.boot.autoconfigure.security.oauth2.resource.servlet.OAuth2ResourceServerAutoConfiguration, org.springframework.boot.test.autoconfigure.web.servlet.MockMvcSecurityConfiguration, org.springframework.boot.test.autoconfigure.web.servlet.MockMvcWebClientAutoConfiguration, org.springframework.boot.test.autoconfigure.web.reactive.WebTestClientAutoConfiguration]], org.springframework.boot.test.context.filter.ExcludeFilterContextCustomizer@42bc14c1, org.springframework.boot.test.json.DuplicateJsonObjectContextCustomizerFactory$DuplicateJsonObjectContextCustomizer@6f3c660a, org.springframework.boot.test.mock.mockito.MockitoContextCustomizer@0, org.springframework.boot.test.web.client.TestRestTemplateContextCustomizer@294a6b8e, org.springframework.boot.test.web.reactive.server.WebTestClientContextCustomizer@16414e40, org.springframework.boot.test.autoconfigure.actuate.observability.ObservabilityContextCustomizerFactory$DisableObservabilityContextCustomizer@1f, org.springframework.boot.test.autoconfigure.properties.PropertyMappingContextCustomizer@4b3fa0b3, org.springframework.boot.test.autoconfigure.web.servlet.WebDriverContextCustomizer@4982cc36, org.springframework.boot.test.context.SpringBootTestAnnotation@4a772aba], resourceBasePath = "src/main/webapp", contextLoader = org.springframework.boot.test.context.SpringBootContextLoader, parent = null]
	at org.springframework.test.context.cache.DefaultCacheAwareContextLoaderDelegate.loadContext(DefaultCacheAwareContextLoaderDelegate.java:145)
	at org.springframework.test.context.support.DefaultTestContext.getApplicationContext(DefaultTestContext.java:130)
	at org.springframework.test.context.web.ServletTestExecutionListener.setUpRequestContextIfNecessary(ServletTestExecutionListener.java:191)
	at org.springframework.test.context.web.ServletTestExecutionListener.prepareTestInstance(ServletTestExecutionListener.java:130)
	at org.springframework.test.context.TestContextManager.prepareTestInstance(TestContextManager.java:247)
	at org.springframework.test.context.junit.jupiter.SpringExtension.postProcessTestInstance(SpringExtension.java:163)
	at org.junit.jupiter.engine.descriptor.ClassBasedTestDescriptor.lambda$invokeTestInstancePostProcessors$10(ClassBasedTestDescriptor.java:378)
	at org.junit.jupiter.engine.descriptor.ClassBasedTestDescriptor.executeAndMaskThrowable(ClassBasedTestDescriptor.java:383)
	at org.junit.jupiter.engine.descriptor.ClassBasedTestDescriptor.lambda$invokeTestInstancePostProcessors$11(ClassBasedTestDescriptor.java:378)
	at java.base/java.util.stream.ReferencePipeline$3$1.accept(ReferencePipeline.java:197)
	at java.base/java.util.stream.ReferencePipeline$2$1.accept(ReferencePipeline.java:179)
	at java.base/java.util.ArrayList$ArrayListSpliterator.forEachRemaining(ArrayList.java:1708)
	at java.base/java.util.stream.AbstractPipeline.copyInto(AbstractPipeline.java:509)
	at java.base/java.util.stream.AbstractPipeline.wrapAndCopyInto(AbstractPipeline.java:499)
	at java.base/java.util.stream.StreamSpliterators$WrappingSpliterator.forEachRemaining(StreamSpliterators.java:310)
	at java.base/java.util.stream.Streams$ConcatSpliterator.forEachRemaining(Streams.java:735)
	at java.base/java.util.stream.Streams$ConcatSpliterator.forEachRemaining(Streams.java:734)
	at java.base/java.util.stream.ReferencePipeline$Head.forEach(ReferencePipeline.java:762)
	at org.junit.jupiter.engine.descriptor.ClassBasedTestDescriptor.invokeTestInstancePostProcessors(ClassBasedTestDescriptor.java:377)
	at org.junit.jupiter.engine.descriptor.ClassBasedTestDescriptor.lambda$instantiateAndPostProcessTestInstance$6(ClassBasedTestDescriptor.java:290)
	at org.junit.platform.engine.support.hierarchical.ThrowableCollector.execute(ThrowableCollector.java:73)
	at org.junit.jupiter.engine.descriptor.ClassBasedTestDescriptor.instantiateAndPostProcessTestInstance(ClassBasedTestDescriptor.java:289)
	at org.junit.jupiter.engine.descriptor.ClassBasedTestDescriptor.lambda$testInstancesProvider$4(ClassBasedTestDescriptor.java:279)
	at java.base/java.util.Optional.orElseGet(Optional.java:364)
	at org.junit.jupiter.engine.descriptor.ClassBasedTestDescriptor.lambda$testInstancesProvider$5(ClassBasedTestDescriptor.java:278)
	at org.junit.jupiter.engine.execution.TestInstancesProvider.getTestInstances(TestInstancesProvider.java:31)
	at org.junit.jupiter.engine.descriptor.TestMethodTestDescriptor.lambda$prepare$0(TestMethodTestDescriptor.java:106)
	at org.junit.platform.engine.support.hierarchical.ThrowableCollector.execute(ThrowableCollector.java:73)
	at org.junit.jupiter.engine.descriptor.TestMethodTestDescriptor.prepare(TestMethodTestDescriptor.java:105)
	at org.junit.jupiter.engine.descriptor.TestMethodTestDescriptor.prepare(TestMethodTestDescriptor.java:69)
	at org.junit.platform.engine.support.hierarchical.NodeTestTask.lambda$prepare$2(NodeTestTask.java:123)
	at org.junit.platform.engine.support.hierarchical.ThrowableCollector.execute(ThrowableCollector.java:73)
	at org.junit.platform.engine.support.hierarchical.NodeTestTask.prepare(NodeTestTask.java:123)
	at org.junit.platform.engine.support.hierarchical.NodeTestTask.execute(NodeTestTask.java:90)
	at java.base/java.util.ArrayList.forEach(ArrayList.java:1596)
	at org.junit.platform.engine.support.hierarchical.SameThreadHierarchicalTestExecutorService.invokeAll(SameThreadHierarchicalTestExecutorService.java:41)
	at org.junit.platform.engine.support.hierarchical.NodeTestTask.lambda$executeRecursively$6(NodeTestTask.java:155)
	at org.junit.platform.engine.support.hierarchical.ThrowableCollector.execute(ThrowableCollector.java:73)
	at org.junit.platform.engine.support.hierarchical.NodeTestTask.lambda$executeRecursively$8(NodeTestTask.java:141)
	at org.junit.platform.engine.support.hierarchical.Node.around(Node.java:137)
	at org.junit.platform.engine.support.hierarchical.NodeTestTask.lambda$executeRecursively$9(NodeTestTask.java:139)
	at org.junit.platform.engine.support.hierarchical.ThrowableCollector.execute(ThrowableCollector.java:73)
	at org.junit.platform.engine.support.hierarchical.NodeTestTask.executeRecursively(NodeTestTask.java:138)
	at org.junit.platform.engine.support.hierarchical.NodeTestTask.execute(NodeTestTask.java:95)
	at java.base/java.util.ArrayList.forEach(ArrayList.java:1596)
	at org.junit.platform.engine.support.hierarchical.SameThreadHierarchicalTestExecutorService.invokeAll(SameThreadHierarchicalTestExecutorService.java:41)
	at org.junit.platform.engine.support.hierarchical.NodeTestTask.lambda$executeRecursively$6(NodeTestTask.java:155)
	at org.junit.platform.engine.support.hierarchical.ThrowableCollector.execute(ThrowableCollector.java:73)
	at org.junit.platform.engine.support.hierarchical.NodeTestTask.lambda$executeRecursively$8(NodeTestTask.java:141)
	at org.junit.platform.engine.support.hierarchical.Node.around(Node.java:137)
	at org.junit.platform.engine.support.hierarchical.NodeTestTask.lambda$executeRecursively$9(NodeTestTask.java:139)
	at org.junit.platform.engine.support.hierarchical.ThrowableCollector.execute(ThrowableCollector.java:73)
	at org.junit.platform.engine.support.hierarchical.NodeTestTask.executeRecursively(NodeTestTask.java:138)
	at org.junit.platform.engine.support.hierarchical.NodeTestTask.execute(NodeTestTask.java:95)
	at org.junit.platform.engine.support.hierarchical.SameThreadHierarchicalTestExecutorService.submit(SameThreadHierarchicalTestExecutorService.java:35)
	at org.junit.platform.engine.support.hierarchical.HierarchicalTestExecutor.execute(HierarchicalTestExecutor.java:57)
	at org.junit.platform.engine.support.hierarchical.HierarchicalTestEngine.execute(HierarchicalTestEngine.java:54)
	at org.junit.platform.launcher.core.EngineExecutionOrchestrator.execute(EngineExecutionOrchestrator.java:198)
	at org.junit.platform.launcher.core.EngineExecutionOrchestrator.execute(EngineExecutionOrchestrator.java:169)
	at org.junit.platform.launcher.core.EngineExecutionOrchestrator.execute(EngineExecutionOrchestrator.java:93)
	at org.junit.platform.launcher.core.EngineExecutionOrchestrator.lambda$execute$0(EngineExecutionOrchestrator.java:58)
	at org.junit.platform.launcher.core.EngineExecutionOrchestrator.withInterceptedStreams(EngineExecutionOrchestrator.java:141)
	at org.junit.platform.launcher.core.EngineExecutionOrchestrator.execute(EngineExecutionOrchestrator.java:57)
	at org.junit.platform.launcher.core.DefaultLauncher.execute(DefaultLauncher.java:103)
	at org.junit.platform.launcher.core.DefaultLauncher.execute(DefaultLauncher.java:85)
	at org.junit.platform.launcher.core.DelegatingLauncher.execute(DelegatingLauncher.java:47)
	at org.apache.maven.surefire.junitplatform.LazyLauncher.execute(LazyLauncher.java:56)
	at org.apache.maven.surefire.junitplatform.JUnitPlatformProvider.execute(JUnitPlatformProvider.java:184)
	at org.apache.maven.surefire.junitplatform.JUnitPlatformProvider.invokeAllTests(JUnitPlatformProvider.java:148)
	at org.apache.maven.surefire.junitplatform.JUnitPlatformProvider.invoke(JUnitPlatformProvider.java:122)
	at org.apache.maven.surefire.booter.ForkedBooter.runSuitesInProcess(ForkedBooter.java:385)
	at org.apache.maven.surefire.booter.ForkedBooter.execute(ForkedBooter.java:162)
	at org.apache.maven.surefire.booter.ForkedBooter.run(ForkedBooter.java:507)
	at org.apache.maven.surefire.booter.ForkedBooter.main(ForkedBooter.java:495)
2026-03-18 23:05:36.888 [main] ERROR [] [] o.s.test.context.TestContextManager - Caught exception while allowing TestExecutionListener [org.springframework.test.context.web.ServletTestExecutionListener] to prepare test instance [com.messenger.config.SecurityConfigTest@331ad803]
java.lang.IllegalStateException: ApplicationContext failure threshold (1) exceeded: skipping repeated attempt to load context for [WebMergedContextConfiguration@326b6c85 testClass = com.messenger.config.SecurityConfigTest, locations = [], classes = [com.messenger.SecureMessengerApplication], contextInitializerClasses = [], activeProfiles = ["test"], propertySourceDescriptors = [], propertySourceProperties = ["org.springframework.boot.test.context.SpringBootTestContextBootstrapper=true"], contextCustomizers = [[ImportsContextCustomizer@3cf8fc1c key = [org.springframework.boot.test.autoconfigure.web.servlet.MockMvcWebDriverAutoConfiguration, org.springframework.boot.test.autoconfigure.web.servlet.MockMvcAutoConfiguration, org.springframework.boot.autoconfigure.security.oauth2.client.servlet.OAuth2ClientAutoConfiguration, org.springframework.boot.autoconfigure.security.servlet.SecurityAutoConfiguration, org.springframework.boot.autoconfigure.security.servlet.SecurityFilterAutoConfiguration, org.springframework.boot.autoconfigure.security.servlet.UserDetailsServiceAutoConfiguration, org.springframework.boot.autoconfigure.security.oauth2.resource.servlet.OAuth2ResourceServerAutoConfiguration, org.springframework.boot.test.autoconfigure.web.servlet.MockMvcSecurityConfiguration, org.springframework.boot.test.autoconfigure.web.servlet.MockMvcWebClientAutoConfiguration, org.springframework.boot.test.autoconfigure.web.reactive.WebTestClientAutoConfiguration]], org.springframework.boot.test.context.filter.ExcludeFilterContextCustomizer@42bc14c1, org.springframework.boot.test.json.DuplicateJsonObjectContextCustomizerFactory$DuplicateJsonObjectContextCustomizer@6f3c660a, org.springframework.boot.test.mock.mockito.MockitoContextCustomizer@0, org.springframework.boot.test.web.client.TestRestTemplateContextCustomizer@294a6b8e, org.springframework.boot.test.web.reactive.server.WebTestClientContextCustomizer@16414e40, org.springframework.boot.test.autoconfigure.actuate.observability.ObservabilityContextCustomizerFactory$DisableObservabilityContextCustomizer@1f, org.springframework.boot.test.autoconfigure.properties.PropertyMappingContextCustomizer@4b3fa0b3, org.springframework.boot.test.autoconfigure.web.servlet.WebDriverContextCustomizer@4982cc36, org.springframework.boot.test.context.SpringBootTestAnnotation@4a772aba], resourceBasePath = "src/main/webapp", contextLoader = org.springframework.boot.test.context.SpringBootContextLoader, parent = null]
	at org.springframework.test.context.cache.DefaultCacheAwareContextLoaderDelegate.loadContext(DefaultCacheAwareContextLoaderDelegate.java:145)
	at org.springframework.test.context.support.DefaultTestContext.getApplicationContext(DefaultTestContext.java:130)
	at org.springframework.test.context.web.ServletTestExecutionListener.setUpRequestContextIfNecessary(ServletTestExecutionListener.java:191)
	at org.springframework.test.context.web.ServletTestExecutionListener.prepareTestInstance(ServletTestExecutionListener.java:130)
	at org.springframework.test.context.TestContextManager.prepareTestInstance(TestContextManager.java:247)
	at org.springframework.test.context.junit.jupiter.SpringExtension.postProcessTestInstance(SpringExtension.java:163)
	at org.junit.jupiter.engine.descriptor.ClassBasedTestDescriptor.lambda$invokeTestInstancePostProcessors$10(ClassBasedTestDescriptor.java:378)
	at org.junit.jupiter.engine.descriptor.ClassBasedTestDescriptor.executeAndMaskThrowable(ClassBasedTestDescriptor.java:383)
	at org.junit.jupiter.engine.descriptor.ClassBasedTestDescriptor.lambda$invokeTestInstancePostProcessors$11(ClassBasedTestDescriptor.java:378)
	at java.base/java.util.stream.ReferencePipeline$3$1.accept(ReferencePipeline.java:197)
	at java.base/java.util.stream.ReferencePipeline$2$1.accept(ReferencePipeline.java:179)
	at java.base/java.util.ArrayList$ArrayListSpliterator.forEachRemaining(ArrayList.java:1708)
	at java.base/java.util.stream.AbstractPipeline.copyInto(AbstractPipeline.java:509)
	at java.base/java.util.stream.AbstractPipeline.wrapAndCopyInto(AbstractPipeline.java:499)
	at java.base/java.util.stream.StreamSpliterators$WrappingSpliterator.forEachRemaining(StreamSpliterators.java:310)
	at java.base/java.util.stream.Streams$ConcatSpliterator.forEachRemaining(Streams.java:735)
	at java.base/java.util.stream.Streams$ConcatSpliterator.forEachRemaining(Streams.java:734)
	at java.base/java.util.stream.ReferencePipeline$Head.forEach(ReferencePipeline.java:762)
	at org.junit.jupiter.engine.descriptor.ClassBasedTestDescriptor.invokeTestInstancePostProcessors(ClassBasedTestDescriptor.java:377)
	at org.junit.jupiter.engine.descriptor.ClassBasedTestDescriptor.lambda$instantiateAndPostProcessTestInstance$6(ClassBasedTestDescriptor.java:290)
	at org.junit.platform.engine.support.hierarchical.ThrowableCollector.execute(ThrowableCollector.java:73)
	at org.junit.jupiter.engine.descriptor.ClassBasedTestDescriptor.instantiateAndPostProcessTestInstance(ClassBasedTestDescriptor.java:289)
	at org.junit.jupiter.engine.descriptor.ClassBasedTestDescriptor.lambda$testInstancesProvider$4(ClassBasedTestDescriptor.java:279)
	at java.base/java.util.Optional.orElseGet(Optional.java:364)
	at org.junit.jupiter.engine.descriptor.ClassBasedTestDescriptor.lambda$testInstancesProvider$5(ClassBasedTestDescriptor.java:278)
	at org.junit.jupiter.engine.execution.TestInstancesProvider.getTestInstances(TestInstancesProvider.java:31)
	at org.junit.jupiter.engine.descriptor.TestMethodTestDescriptor.lambda$prepare$0(TestMethodTestDescriptor.java:106)
	at org.junit.platform.engine.support.hierarchical.ThrowableCollector.execute(ThrowableCollector.java:73)
	at org.junit.jupiter.engine.descriptor.TestMethodTestDescriptor.prepare(TestMethodTestDescriptor.java:105)
	at org.junit.jupiter.engine.descriptor.TestMethodTestDescriptor.prepare(TestMethodTestDescriptor.java:69)
	at org.junit.platform.engine.support.hierarchical.NodeTestTask.lambda$prepare$2(NodeTestTask.java:123)
	at org.junit.platform.engine.support.hierarchical.ThrowableCollector.execute(ThrowableCollector.java:73)
	at org.junit.platform.engine.support.hierarchical.NodeTestTask.prepare(NodeTestTask.java:123)
	at org.junit.platform.engine.support.hierarchical.NodeTestTask.execute(NodeTestTask.java:90)
	at java.base/java.util.ArrayList.forEach(ArrayList.java:1596)
	at org.junit.platform.engine.support.hierarchical.SameThreadHierarchicalTestExecutorService.invokeAll(SameThreadHierarchicalTestExecutorService.java:41)
	at org.junit.platform.engine.support.hierarchical.NodeTestTask.lambda$executeRecursively$6(NodeTestTask.java:155)
	at org.junit.platform.engine.support.hierarchical.ThrowableCollector.execute(ThrowableCollector.java:73)
	at org.junit.platform.engine.support.hierarchical.NodeTestTask.lambda$executeRecursively$8(NodeTestTask.java:141)
	at org.junit.platform.engine.support.hierarchical.Node.around(Node.java:137)
	at org.junit.platform.engine.support.hierarchical.NodeTestTask.lambda$executeRecursively$9(NodeTestTask.java:139)
	at org.junit.platform.engine.support.hierarchical.ThrowableCollector.execute(ThrowableCollector.java:73)
	at org.junit.platform.engine.support.hierarchical.NodeTestTask.executeRecursively(NodeTestTask.java:138)
	at org.junit.platform.engine.support.hierarchical.NodeTestTask.execute(NodeTestTask.java:95)
	at java.base/java.util.ArrayList.forEach(ArrayList.java:1596)
	at org.junit.platform.engine.support.hierarchical.SameThreadHierarchicalTestExecutorService.invokeAll(SameThreadHierarchicalTestExecutorService.java:41)
	at org.junit.platform.engine.support.hierarchical.NodeTestTask.lambda$executeRecursively$6(NodeTestTask.java:155)
	at org.junit.platform.engine.support.hierarchical.ThrowableCollector.execute(ThrowableCollector.java:73)
	at org.junit.platform.engine.support.hierarchical.NodeTestTask.lambda$executeRecursively$8(NodeTestTask.java:141)
	at org.junit.platform.engine.support.hierarchical.Node.around(Node.java:137)
	at org.junit.platform.engine.support.hierarchical.NodeTestTask.lambda$executeRecursively$9(NodeTestTask.java:139)
	at org.junit.platform.engine.support.hierarchical.ThrowableCollector.execute(ThrowableCollector.java:73)
	at org.junit.platform.engine.support.hierarchical.NodeTestTask.executeRecursively(NodeTestTask.java:138)
	at org.junit.platform.engine.support.hierarchical.NodeTestTask.execute(NodeTestTask.java:95)
	at org.junit.platform.engine.support.hierarchical.SameThreadHierarchicalTestExecutorService.submit(SameThreadHierarchicalTestExecutorService.java:35)
	at org.junit.platform.engine.support.hierarchical.HierarchicalTestExecutor.execute(HierarchicalTestExecutor.java:57)
	at org.junit.platform.engine.support.hierarchical.HierarchicalTestEngine.execute(HierarchicalTestEngine.java:54)
	at org.junit.platform.launcher.core.EngineExecutionOrchestrator.execute(EngineExecutionOrchestrator.java:198)
	at org.junit.platform.launcher.core.EngineExecutionOrchestrator.execute(EngineExecutionOrchestrator.java:169)
	at org.junit.platform.launcher.core.EngineExecutionOrchestrator.execute(EngineExecutionOrchestrator.java:93)
	at org.junit.platform.launcher.core.EngineExecutionOrchestrator.lambda$execute$0(EngineExecutionOrchestrator.java:58)
	at org.junit.platform.launcher.core.EngineExecutionOrchestrator.withInterceptedStreams(EngineExecutionOrchestrator.java:141)
	at org.junit.platform.launcher.core.EngineExecutionOrchestrator.execute(EngineExecutionOrchestrator.java:57)
	at org.junit.platform.launcher.core.DefaultLauncher.execute(DefaultLauncher.java:103)
	at org.junit.platform.launcher.core.DefaultLauncher.execute(DefaultLauncher.java:85)
	at org.junit.platform.launcher.core.DelegatingLauncher.execute(DelegatingLauncher.java:47)
	at org.apache.maven.surefire.junitplatform.LazyLauncher.execute(LazyLauncher.java:56)
	at org.apache.maven.surefire.junitplatform.JUnitPlatformProvider.execute(JUnitPlatformProvider.java:184)
	at org.apache.maven.surefire.junitplatform.JUnitPlatformProvider.invokeAllTests(JUnitPlatformProvider.java:148)
	at org.apache.maven.surefire.junitplatform.JUnitPlatformProvider.invoke(JUnitPlatformProvider.java:122)
	at org.apache.maven.surefire.booter.ForkedBooter.runSuitesInProcess(ForkedBooter.java:385)
	at org.apache.maven.surefire.booter.ForkedBooter.execute(ForkedBooter.java:162)
	at org.apache.maven.surefire.booter.ForkedBooter.run(ForkedBooter.java:507)
	at org.apache.maven.surefire.booter.ForkedBooter.main(ForkedBooter.java:495)
2026-03-18 23:05:36.890 [main] ERROR [] [] o.s.test.context.TestContextManager - Caught exception while allowing TestExecutionListener [org.springframework.test.context.web.ServletTestExecutionListener] to prepare test instance [com.messenger.config.SecurityConfigTest@73afff3d]
java.lang.IllegalStateException: ApplicationContext failure threshold (1) exceeded: skipping repeated attempt to load context for [WebMergedContextConfiguration@326b6c85 testClass = com.messenger.config.SecurityConfigTest, locations = [], classes = [com.messenger.SecureMessengerApplication], contextInitializerClasses = [], activeProfiles = ["test"], propertySourceDescriptors = [], propertySourceProperties = ["org.springframework.boot.test.context.SpringBootTestContextBootstrapper=true"], contextCustomizers = [[ImportsContextCustomizer@3cf8fc1c key = [org.springframework.boot.test.autoconfigure.web.servlet.MockMvcWebDriverAutoConfiguration, org.springframework.boot.test.autoconfigure.web.servlet.MockMvcAutoConfiguration, org.springframework.boot.autoconfigure.security.oauth2.client.servlet.OAuth2ClientAutoConfiguration, org.springframework.boot.autoconfigure.security.servlet.SecurityAutoConfiguration, org.springframework.boot.autoconfigure.security.servlet.SecurityFilterAutoConfiguration, org.springframework.boot.autoconfigure.security.servlet.UserDetailsServiceAutoConfiguration, org.springframework.boot.autoconfigure.security.oauth2.resource.servlet.OAuth2ResourceServerAutoConfiguration, org.springframework.boot.test.autoconfigure.web.servlet.MockMvcSecurityConfiguration, org.springframework.boot.test.autoconfigure.web.servlet.MockMvcWebClientAutoConfiguration, org.springframework.boot.test.autoconfigure.web.reactive.WebTestClientAutoConfiguration]], org.springframework.boot.test.context.filter.ExcludeFilterContextCustomizer@42bc14c1, org.springframework.boot.test.json.DuplicateJsonObjectContextCustomizerFactory$DuplicateJsonObjectContextCustomizer@6f3c660a, org.springframework.boot.test.mock.mockito.MockitoContextCustomizer@0, org.springframework.boot.test.web.client.TestRestTemplateContextCustomizer@294a6b8e, org.springframework.boot.test.web.reactive.server.WebTestClientContextCustomizer@16414e40, org.springframework.boot.test.autoconfigure.actuate.observability.ObservabilityContextCustomizerFactory$DisableObservabilityContextCustomizer@1f, org.springframework.boot.test.autoconfigure.properties.PropertyMappingContextCustomizer@4b3fa0b3, org.springframework.boot.test.autoconfigure.web.servlet.WebDriverContextCustomizer@4982cc36, org.springframework.boot.test.context.SpringBootTestAnnotation@4a772aba], resourceBasePath = "src/main/webapp", contextLoader = org.springframework.boot.test.context.SpringBootContextLoader, parent = null]
	at org.springframework.test.context.cache.DefaultCacheAwareContextLoaderDelegate.loadContext(DefaultCacheAwareContextLoaderDelegate.java:145)
	at org.springframework.test.context.support.DefaultTestContext.getApplicationContext(DefaultTestContext.java:130)
	at org.springframework.test.context.web.ServletTestExecutionListener.setUpRequestContextIfNecessary(ServletTestExecutionListener.java:191)
	at org.springframework.test.context.web.ServletTestExecutionListener.prepareTestInstance(ServletTestExecutionListener.java:130)
	at org.springframework.test.context.TestContextManager.prepareTestInstance(TestContextManager.java:247)
	at org.springframework.test.context.junit.jupiter.SpringExtension.postProcessTestInstance(SpringExtension.java:163)
	at org.junit.jupiter.engine.descriptor.ClassBasedTestDescriptor.lambda$invokeTestInstancePostProcessors$10(ClassBasedTestDescriptor.java:378)
	at org.junit.jupiter.engine.descriptor.ClassBasedTestDescriptor.executeAndMaskThrowable(ClassBasedTestDescriptor.java:383)
	at org.junit.jupiter.engine.descriptor.ClassBasedTestDescriptor.lambda$invokeTestInstancePostProcessors$11(ClassBasedTestDescriptor.java:378)
	at java.base/java.util.stream.ReferencePipeline$3$1.accept(ReferencePipeline.java:197)
	at java.base/java.util.stream.ReferencePipeline$2$1.accept(ReferencePipeline.java:179)
	at java.base/java.util.ArrayList$ArrayListSpliterator.forEachRemaining(ArrayList.java:1708)
	at java.base/java.util.stream.AbstractPipeline.copyInto(AbstractPipeline.java:509)
	at java.base/java.util.stream.AbstractPipeline.wrapAndCopyInto(AbstractPipeline.java:499)
	at java.base/java.util.stream.StreamSpliterators$WrappingSpliterator.forEachRemaining(StreamSpliterators.java:310)
	at java.base/java.util.stream.Streams$ConcatSpliterator.forEachRemaining(Streams.java:735)
	at java.base/java.util.stream.Streams$ConcatSpliterator.forEachRemaining(Streams.java:734)
	at java.base/java.util.stream.ReferencePipeline$Head.forEach(ReferencePipeline.java:762)
	at org.junit.jupiter.engine.descriptor.ClassBasedTestDescriptor.invokeTestInstancePostProcessors(ClassBasedTestDescriptor.java:377)
	at org.junit.jupiter.engine.descriptor.ClassBasedTestDescriptor.lambda$instantiateAndPostProcessTestInstance$6(ClassBasedTestDescriptor.java:290)
	at org.junit.platform.engine.support.hierarchical.ThrowableCollector.execute(ThrowableCollector.java:73)
	at org.junit.jupiter.engine.descriptor.ClassBasedTestDescriptor.instantiateAndPostProcessTestInstance(ClassBasedTestDescriptor.java:289)
	at org.junit.jupiter.engine.descriptor.ClassBasedTestDescriptor.lambda$testInstancesProvider$4(ClassBasedTestDescriptor.java:279)
	at java.base/java.util.Optional.orElseGet(Optional.java:364)
	at org.junit.jupiter.engine.descriptor.ClassBasedTestDescriptor.lambda$testInstancesProvider$5(ClassBasedTestDescriptor.java:278)
	at org.junit.jupiter.engine.execution.TestInstancesProvider.getTestInstances(TestInstancesProvider.java:31)
	at org.junit.jupiter.engine.descriptor.TestMethodTestDescriptor.lambda$prepare$0(TestMethodTestDescriptor.java:106)
	at org.junit.platform.engine.support.hierarchical.ThrowableCollector.execute(ThrowableCollector.java:73)
	at org.junit.jupiter.engine.descriptor.TestMethodTestDescriptor.prepare(TestMethodTestDescriptor.java:105)
	at org.junit.jupiter.engine.descriptor.TestMethodTestDescriptor.prepare(TestMethodTestDescriptor.java:69)
	at org.junit.platform.engine.support.hierarchical.NodeTestTask.lambda$prepare$2(NodeTestTask.java:123)
	at org.junit.platform.engine.support.hierarchical.ThrowableCollector.execute(ThrowableCollector.java:73)
	at org.junit.platform.engine.support.hierarchical.NodeTestTask.prepare(NodeTestTask.java:123)
	at org.junit.platform.engine.support.hierarchical.NodeTestTask.execute(NodeTestTask.java:90)
	at java.base/java.util.ArrayList.forEach(ArrayList.java:1596)
	at org.junit.platform.engine.support.hierarchical.SameThreadHierarchicalTestExecutorService.invokeAll(SameThreadHierarchicalTestExecutorService.java:41)
	at org.junit.platform.engine.support.hierarchical.NodeTestTask.lambda$executeRecursively$6(NodeTestTask.java:155)
	at org.junit.platform.engine.support.hierarchical.ThrowableCollector.execute(ThrowableCollector.java:73)
	at org.junit.platform.engine.support.hierarchical.NodeTestTask.lambda$executeRecursively$8(NodeTestTask.java:141)
	at org.junit.platform.engine.support.hierarchical.Node.around(Node.java:137)
	at org.junit.platform.engine.support.hierarchical.NodeTestTask.lambda$executeRecursively$9(NodeTestTask.java:139)
	at org.junit.platform.engine.support.hierarchical.ThrowableCollector.execute(ThrowableCollector.java:73)
	at org.junit.platform.engine.support.hierarchical.NodeTestTask.executeRecursively(NodeTestTask.java:138)
	at org.junit.platform.engine.support.hierarchical.NodeTestTask.execute(NodeTestTask.java:95)
	at java.base/java.util.ArrayList.forEach(ArrayList.java:1596)
	at org.junit.platform.engine.support.hierarchical.SameThreadHierarchicalTestExecutorService.invokeAll(SameThreadHierarchicalTestExecutorService.java:41)
	at org.junit.platform.engine.support.hierarchical.NodeTestTask.lambda$executeRecursively$6(NodeTestTask.java:155)
	at org.junit.platform.engine.support.hierarchical.ThrowableCollector.execute(ThrowableCollector.java:73)
	at org.junit.platform.engine.support.hierarchical.NodeTestTask.lambda$executeRecursively$8(NodeTestTask.java:141)
	at org.junit.platform.engine.support.hierarchical.Node.around(Node.java:137)
	at org.junit.platform.engine.support.hierarchical.NodeTestTask.lambda$executeRecursively$9(NodeTestTask.java:139)
	at org.junit.platform.engine.support.hierarchical.ThrowableCollector.execute(ThrowableCollector.java:73)
	at org.junit.platform.engine.support.hierarchical.NodeTestTask.executeRecursively(NodeTestTask.java:138)
	at org.junit.platform.engine.support.hierarchical.NodeTestTask.execute(NodeTestTask.java:95)
	at org.junit.platform.engine.support.hierarchical.SameThreadHierarchicalTestExecutorService.submit(SameThreadHierarchicalTestExecutorService.java:35)
	at org.junit.platform.engine.support.hierarchical.HierarchicalTestExecutor.execute(HierarchicalTestExecutor.java:57)
	at org.junit.platform.engine.support.hierarchical.HierarchicalTestEngine.execute(HierarchicalTestEngine.java:54)
	at org.junit.platform.launcher.core.EngineExecutionOrchestrator.execute(EngineExecutionOrchestrator.java:198)
	at org.junit.platform.launcher.core.EngineExecutionOrchestrator.execute(EngineExecutionOrchestrator.java:169)
	at org.junit.platform.launcher.core.EngineExecutionOrchestrator.execute(EngineExecutionOrchestrator.java:93)
	at org.junit.platform.launcher.core.EngineExecutionOrchestrator.lambda$execute$0(EngineExecutionOrchestrator.java:58)
	at org.junit.platform.launcher.core.EngineExecutionOrchestrator.withInterceptedStreams(EngineExecutionOrchestrator.java:141)
	at org.junit.platform.launcher.core.EngineExecutionOrchestrator.execute(EngineExecutionOrchestrator.java:57)
	at org.junit.platform.launcher.core.DefaultLauncher.execute(DefaultLauncher.java:103)
	at org.junit.platform.launcher.core.DefaultLauncher.execute(DefaultLauncher.java:85)
	at org.junit.platform.launcher.core.DelegatingLauncher.execute(DelegatingLauncher.java:47)
	at org.apache.maven.surefire.junitplatform.LazyLauncher.execute(LazyLauncher.java:56)
	at org.apache.maven.surefire.junitplatform.JUnitPlatformProvider.execute(JUnitPlatformProvider.java:184)
	at org.apache.maven.surefire.junitplatform.JUnitPlatformProvider.invokeAllTests(JUnitPlatformProvider.java:148)
	at org.apache.maven.surefire.junitplatform.JUnitPlatformProvider.invoke(JUnitPlatformProvider.java:122)
	at org.apache.maven.surefire.booter.ForkedBooter.runSuitesInProcess(ForkedBooter.java:385)
	at org.apache.maven.surefire.booter.ForkedBooter.execute(ForkedBooter.java:162)
	at org.apache.maven.surefire.booter.ForkedBooter.run(ForkedBooter.java:507)
	at org.apache.maven.surefire.booter.ForkedBooter.main(ForkedBooter.java:495)
2026-03-18 23:05:36.891 [main] ERROR [] [] o.s.test.context.TestContextManager - Caught exception while allowing TestExecutionListener [org.springframework.test.context.web.ServletTestExecutionListener] to prepare test instance [com.messenger.config.SecurityConfigTest@5d856513]
java.lang.IllegalStateException: ApplicationContext failure threshold (1) exceeded: skipping repeated attempt to load context for [WebMergedContextConfiguration@326b6c85 testClass = com.messenger.config.SecurityConfigTest, locations = [], classes = [com.messenger.SecureMessengerApplication], contextInitializerClasses = [], activeProfiles = ["test"], propertySourceDescriptors = [], propertySourceProperties = ["org.springframework.boot.test.context.SpringBootTestContextBootstrapper=true"], contextCustomizers = [[ImportsContextCustomizer@3cf8fc1c key = [org.springframework.boot.test.autoconfigure.web.servlet.MockMvcWebDriverAutoConfiguration, org.springframework.boot.test.autoconfigure.web.servlet.MockMvcAutoConfiguration, org.springframework.boot.autoconfigure.security.oauth2.client.servlet.OAuth2ClientAutoConfiguration, org.springframework.boot.autoconfigure.security.servlet.SecurityAutoConfiguration, org.springframework.boot.autoconfigure.security.servlet.SecurityFilterAutoConfiguration, org.springframework.boot.autoconfigure.security.servlet.UserDetailsServiceAutoConfiguration, org.springframework.boot.autoconfigure.security.oauth2.resource.servlet.OAuth2ResourceServerAutoConfiguration, org.springframework.boot.test.autoconfigure.web.servlet.MockMvcSecurityConfiguration, org.springframework.boot.test.autoconfigure.web.servlet.MockMvcWebClientAutoConfiguration, org.springframework.boot.test.autoconfigure.web.reactive.WebTestClientAutoConfiguration]], org.springframework.boot.test.context.filter.ExcludeFilterContextCustomizer@42bc14c1, org.springframework.boot.test.json.DuplicateJsonObjectContextCustomizerFactory$DuplicateJsonObjectContextCustomizer@6f3c660a, org.springframework.boot.test.mock.mockito.MockitoContextCustomizer@0, org.springframework.boot.test.web.client.TestRestTemplateContextCustomizer@294a6b8e, org.springframework.boot.test.web.reactive.server.WebTestClientContextCustomizer@16414e40, org.springframework.boot.test.autoconfigure.actuate.observability.ObservabilityContextCustomizerFactory$DisableObservabilityContextCustomizer@1f, org.springframework.boot.test.autoconfigure.properties.PropertyMappingContextCustomizer@4b3fa0b3, org.springframework.boot.test.autoconfigure.web.servlet.WebDriverContextCustomizer@4982cc36, org.springframework.boot.test.context.SpringBootTestAnnotation@4a772aba], resourceBasePath = "src/main/webapp", contextLoader = org.springframework.boot.test.context.SpringBootContextLoader, parent = null]
	at org.springframework.test.context.cache.DefaultCacheAwareContextLoaderDelegate.loadContext(DefaultCacheAwareContextLoaderDelegate.java:145)
	at org.springframework.test.context.support.DefaultTestContext.getApplicationContext(DefaultTestContext.java:130)
	at org.springframework.test.context.web.ServletTestExecutionListener.setUpRequestContextIfNecessary(ServletTestExecutionListener.java:191)
	at org.springframework.test.context.web.ServletTestExecutionListener.prepareTestInstance(ServletTestExecutionListener.java:130)
	at org.springframework.test.context.TestContextManager.prepareTestInstance(TestContextManager.java:247)
	at org.springframework.test.context.junit.jupiter.SpringExtension.postProcessTestInstance(SpringExtension.java:163)
	at org.junit.jupiter.engine.descriptor.ClassBasedTestDescriptor.lambda$invokeTestInstancePostProcessors$10(ClassBasedTestDescriptor.java:378)
	at org.junit.jupiter.engine.descriptor.ClassBasedTestDescriptor.executeAndMaskThrowable(ClassBasedTestDescriptor.java:383)
	at org.junit.jupiter.engine.descriptor.ClassBasedTestDescriptor.lambda$invokeTestInstancePostProcessors$11(ClassBasedTestDescriptor.java:378)
	at java.base/java.util.stream.ReferencePipeline$3$1.accept(ReferencePipeline.java:197)
	at java.base/java.util.stream.ReferencePipeline$2$1.accept(ReferencePipeline.java:179)
	at java.base/java.util.ArrayList$ArrayListSpliterator.forEachRemaining(ArrayList.java:1708)
	at java.base/java.util.stream.AbstractPipeline.copyInto(AbstractPipeline.java:509)
	at java.base/java.util.stream.AbstractPipeline.wrapAndCopyInto(AbstractPipeline.java:499)
	at java.base/java.util.stream.StreamSpliterators$WrappingSpliterator.forEachRemaining(StreamSpliterators.java:310)
	at java.base/java.util.stream.Streams$ConcatSpliterator.forEachRemaining(Streams.java:735)
	at java.base/java.util.stream.Streams$ConcatSpliterator.forEachRemaining(Streams.java:734)
	at java.base/java.util.stream.ReferencePipeline$Head.forEach(ReferencePipeline.java:762)
	at org.junit.jupiter.engine.descriptor.ClassBasedTestDescriptor.invokeTestInstancePostProcessors(ClassBasedTestDescriptor.java:377)
	at org.junit.jupiter.engine.descriptor.ClassBasedTestDescriptor.lambda$instantiateAndPostProcessTestInstance$6(ClassBasedTestDescriptor.java:290)
	at org.junit.platform.engine.support.hierarchical.ThrowableCollector.execute(ThrowableCollector.java:73)
	at org.junit.jupiter.engine.descriptor.ClassBasedTestDescriptor.instantiateAndPostProcessTestInstance(ClassBasedTestDescriptor.java:289)
	at org.junit.jupiter.engine.descriptor.ClassBasedTestDescriptor.lambda$testInstancesProvider$4(ClassBasedTestDescriptor.java:279)
	at java.base/java.util.Optional.orElseGet(Optional.java:364)
	at org.junit.jupiter.engine.descriptor.ClassBasedTestDescriptor.lambda$testInstancesProvider$5(ClassBasedTestDescriptor.java:278)
	at org.junit.jupiter.engine.execution.TestInstancesProvider.getTestInstances(TestInstancesProvider.java:31)
	at org.junit.jupiter.engine.descriptor.TestMethodTestDescriptor.lambda$prepare$0(TestMethodTestDescriptor.java:106)
	at org.junit.platform.engine.support.hierarchical.ThrowableCollector.execute(ThrowableCollector.java:73)
	at org.junit.jupiter.engine.descriptor.TestMethodTestDescriptor.prepare(TestMethodTestDescriptor.java:105)
	at org.junit.jupiter.engine.descriptor.TestMethodTestDescriptor.prepare(TestMethodTestDescriptor.java:69)
	at org.junit.platform.engine.support.hierarchical.NodeTestTask.lambda$prepare$2(NodeTestTask.java:123)
	at org.junit.platform.engine.support.hierarchical.ThrowableCollector.execute(ThrowableCollector.java:73)
	at org.junit.platform.engine.support.hierarchical.NodeTestTask.prepare(NodeTestTask.java:123)
	at org.junit.platform.engine.support.hierarchical.NodeTestTask.execute(NodeTestTask.java:90)
	at java.base/java.util.ArrayList.forEach(ArrayList.java:1596)
	at org.junit.platform.engine.support.hierarchical.SameThreadHierarchicalTestExecutorService.invokeAll(SameThreadHierarchicalTestExecutorService.java:41)
	at org.junit.platform.engine.support.hierarchical.NodeTestTask.lambda$executeRecursively$6(NodeTestTask.java:155)
	at org.junit.platform.engine.support.hierarchical.ThrowableCollector.execute(ThrowableCollector.java:73)
	at org.junit.platform.engine.support.hierarchical.NodeTestTask.lambda$executeRecursively$8(NodeTestTask.java:141)
	at org.junit.platform.engine.support.hierarchical.Node.around(Node.java:137)
	at org.junit.platform.engine.support.hierarchical.NodeTestTask.lambda$executeRecursively$9(NodeTestTask.java:139)
	at org.junit.platform.engine.support.hierarchical.ThrowableCollector.execute(ThrowableCollector.java:73)
	at org.junit.platform.engine.support.hierarchical.NodeTestTask.executeRecursively(NodeTestTask.java:138)
	at org.junit.platform.engine.support.hierarchical.NodeTestTask.execute(NodeTestTask.java:95)
	at java.base/java.util.ArrayList.forEach(ArrayList.java:1596)
	at org.junit.platform.engine.support.hierarchical.SameThreadHierarchicalTestExecutorService.invokeAll(SameThreadHierarchicalTestExecutorService.java:41)
	at org.junit.platform.engine.support.hierarchical.NodeTestTask.lambda$executeRecursively$6(NodeTestTask.java:155)
	at org.junit.platform.engine.support.hierarchical.ThrowableCollector.execute(ThrowableCollector.java:73)
	at org.junit.platform.engine.support.hierarchical.NodeTestTask.lambda$executeRecursively$8(NodeTestTask.java:141)
	at org.junit.platform.engine.support.hierarchical.Node.around(Node.java:137)
	at org.junit.platform.engine.support.hierarchical.NodeTestTask.lambda$executeRecursively$9(NodeTestTask.java:139)
	at org.junit.platform.engine.support.hierarchical.ThrowableCollector.execute(ThrowableCollector.java:73)
	at org.junit.platform.engine.support.hierarchical.NodeTestTask.executeRecursively(NodeTestTask.java:138)
	at org.junit.platform.engine.support.hierarchical.NodeTestTask.execute(NodeTestTask.java:95)
	at org.junit.platform.engine.support.hierarchical.SameThreadHierarchicalTestExecutorService.submit(SameThreadHierarchicalTestExecutorService.java:35)
	at org.junit.platform.engine.support.hierarchical.HierarchicalTestExecutor.execute(HierarchicalTestExecutor.java:57)
	at org.junit.platform.engine.support.hierarchical.HierarchicalTestEngine.execute(HierarchicalTestEngine.java:54)
	at org.junit.platform.launcher.core.EngineExecutionOrchestrator.execute(EngineExecutionOrchestrator.java:198)
	at org.junit.platform.launcher.core.EngineExecutionOrchestrator.execute(EngineExecutionOrchestrator.java:169)
	at org.junit.platform.launcher.core.EngineExecutionOrchestrator.execute(EngineExecutionOrchestrator.java:93)
	at org.junit.platform.launcher.core.EngineExecutionOrchestrator.lambda$execute$0(EngineExecutionOrchestrator.java:58)
	at org.junit.platform.launcher.core.EngineExecutionOrchestrator.withInterceptedStreams(EngineExecutionOrchestrator.java:141)
	at org.junit.platform.launcher.core.EngineExecutionOrchestrator.execute(EngineExecutionOrchestrator.java:57)
	at org.junit.platform.launcher.core.DefaultLauncher.execute(DefaultLauncher.java:103)
	at org.junit.platform.launcher.core.DefaultLauncher.execute(DefaultLauncher.java:85)
	at org.junit.platform.launcher.core.DelegatingLauncher.execute(DelegatingLauncher.java:47)
	at org.apache.maven.surefire.junitplatform.LazyLauncher.execute(LazyLauncher.java:56)
	at org.apache.maven.surefire.junitplatform.JUnitPlatformProvider.execute(JUnitPlatformProvider.java:184)
	at org.apache.maven.surefire.junitplatform.JUnitPlatformProvider.invokeAllTests(JUnitPlatformProvider.java:148)
	at org.apache.maven.surefire.junitplatform.JUnitPlatformProvider.invoke(JUnitPlatformProvider.java:122)
	at org.apache.maven.surefire.booter.ForkedBooter.runSuitesInProcess(ForkedBooter.java:385)
	at org.apache.maven.surefire.booter.ForkedBooter.execute(ForkedBooter.java:162)
	at org.apache.maven.surefire.booter.ForkedBooter.run(ForkedBooter.java:507)
	at org.apache.maven.surefire.booter.ForkedBooter.main(ForkedBooter.java:495)
2026-03-18 23:05:36.892 [main] ERROR [] [] o.s.test.context.TestContextManager - Caught exception while allowing TestExecutionListener [org.springframework.test.context.web.ServletTestExecutionListener] to prepare test instance [com.messenger.config.SecurityConfigTest@41604135]
java.lang.IllegalStateException: ApplicationContext failure threshold (1) exceeded: skipping repeated attempt to load context for [WebMergedContextConfiguration@326b6c85 testClass = com.messenger.config.SecurityConfigTest, locations = [], classes = [com.messenger.SecureMessengerApplication], contextInitializerClasses = [], activeProfiles = ["test"], propertySourceDescriptors = [], propertySourceProperties = ["org.springframework.boot.test.context.SpringBootTestContextBootstrapper=true"], contextCustomizers = [[ImportsContextCustomizer@3cf8fc1c key = [org.springframework.boot.test.autoconfigure.web.servlet.MockMvcWebDriverAutoConfiguration, org.springframework.boot.test.autoconfigure.web.servlet.MockMvcAutoConfiguration, org.springframework.boot.autoconfigure.security.oauth2.client.servlet.OAuth2ClientAutoConfiguration, org.springframework.boot.autoconfigure.security.servlet.SecurityAutoConfiguration, org.springframework.boot.autoconfigure.security.servlet.SecurityFilterAutoConfiguration, org.springframework.boot.autoconfigure.security.servlet.UserDetailsServiceAutoConfiguration, org.springframework.boot.autoconfigure.security.oauth2.resource.servlet.OAuth2ResourceServerAutoConfiguration, org.springframework.boot.test.autoconfigure.web.servlet.MockMvcSecurityConfiguration, org.springframework.boot.test.autoconfigure.web.servlet.MockMvcWebClientAutoConfiguration, org.springframework.boot.test.autoconfigure.web.reactive.WebTestClientAutoConfiguration]], org.springframework.boot.test.context.filter.ExcludeFilterContextCustomizer@42bc14c1, org.springframework.boot.test.json.DuplicateJsonObjectContextCustomizerFactory$DuplicateJsonObjectContextCustomizer@6f3c660a, org.springframework.boot.test.mock.mockito.MockitoContextCustomizer@0, org.springframework.boot.test.web.client.TestRestTemplateContextCustomizer@294a6b8e, org.springframework.boot.test.web.reactive.server.WebTestClientContextCustomizer@16414e40, org.springframework.boot.test.autoconfigure.actuate.observability.ObservabilityContextCustomizerFactory$DisableObservabilityContextCustomizer@1f, org.springframework.boot.test.autoconfigure.properties.PropertyMappingContextCustomizer@4b3fa0b3, org.springframework.boot.test.autoconfigure.web.servlet.WebDriverContextCustomizer@4982cc36, org.springframework.boot.test.context.SpringBootTestAnnotation@4a772aba], resourceBasePath = "src/main/webapp", contextLoader = org.springframework.boot.test.context.SpringBootContextLoader, parent = null]
	at org.springframework.test.context.cache.DefaultCacheAwareContextLoaderDelegate.loadContext(DefaultCacheAwareContextLoaderDelegate.java:145)
	at org.springframework.test.context.support.DefaultTestContext.getApplicationContext(DefaultTestContext.java:130)
	at org.springframework.test.context.web.ServletTestExecutionListener.setUpRequestContextIfNecessary(ServletTestExecutionListener.java:191)
	at org.springframework.test.context.web.ServletTestExecutionListener.prepareTestInstance(ServletTestExecutionListener.java:130)
	at org.springframework.test.context.TestContextManager.prepareTestInstance(TestContextManager.java:247)
	at org.springframework.test.context.junit.jupiter.SpringExtension.postProcessTestInstance(SpringExtension.java:163)
	at org.junit.jupiter.engine.descriptor.ClassBasedTestDescriptor.lambda$invokeTestInstancePostProcessors$10(ClassBasedTestDescriptor.java:378)
	at org.junit.jupiter.engine.descriptor.ClassBasedTestDescriptor.executeAndMaskThrowable(ClassBasedTestDescriptor.java:383)
	at org.junit.jupiter.engine.descriptor.ClassBasedTestDescriptor.lambda$invokeTestInstancePostProcessors$11(ClassBasedTestDescriptor.java:378)
	at java.base/java.util.stream.ReferencePipeline$3$1.accept(ReferencePipeline.java:197)
	at java.base/java.util.stream.ReferencePipeline$2$1.accept(ReferencePipeline.java:179)
	at java.base/java.util.ArrayList$ArrayListSpliterator.forEachRemaining(ArrayList.java:1708)
	at java.base/java.util.stream.AbstractPipeline.copyInto(AbstractPipeline.java:509)
	at java.base/java.util.stream.AbstractPipeline.wrapAndCopyInto(AbstractPipeline.java:499)
	at java.base/java.util.stream.StreamSpliterators$WrappingSpliterator.forEachRemaining(StreamSpliterators.java:310)
	at java.base/java.util.stream.Streams$ConcatSpliterator.forEachRemaining(Streams.java:735)
	at java.base/java.util.stream.Streams$ConcatSpliterator.forEachRemaining(Streams.java:734)
	at java.base/java.util.stream.ReferencePipeline$Head.forEach(ReferencePipeline.java:762)
	at org.junit.jupiter.engine.descriptor.ClassBasedTestDescriptor.invokeTestInstancePostProcessors(ClassBasedTestDescriptor.java:377)
	at org.junit.jupiter.engine.descriptor.ClassBasedTestDescriptor.lambda$instantiateAndPostProcessTestInstance$6(ClassBasedTestDescriptor.java:290)
	at org.junit.platform.engine.support.hierarchical.ThrowableCollector.execute(ThrowableCollector.java:73)
	at org.junit.jupiter.engine.descriptor.ClassBasedTestDescriptor.instantiateAndPostProcessTestInstance(ClassBasedTestDescriptor.java:289)
	at org.junit.jupiter.engine.descriptor.ClassBasedTestDescriptor.lambda$testInstancesProvider$4(ClassBasedTestDescriptor.java:279)
	at java.base/java.util.Optional.orElseGet(Optional.java:364)
	at org.junit.jupiter.engine.descriptor.ClassBasedTestDescriptor.lambda$testInstancesProvider$5(ClassBasedTestDescriptor.java:278)
	at org.junit.jupiter.engine.execution.TestInstancesProvider.getTestInstances(TestInstancesProvider.java:31)
	at org.junit.jupiter.engine.descriptor.TestMethodTestDescriptor.lambda$prepare$0(TestMethodTestDescriptor.java:106)
	at org.junit.platform.engine.support.hierarchical.ThrowableCollector.execute(ThrowableCollector.java:73)
	at org.junit.jupiter.engine.descriptor.TestMethodTestDescriptor.prepare(TestMethodTestDescriptor.java:105)
	at org.junit.jupiter.engine.descriptor.TestMethodTestDescriptor.prepare(TestMethodTestDescriptor.java:69)
	at org.junit.platform.engine.support.hierarchical.NodeTestTask.lambda$prepare$2(NodeTestTask.java:123)
	at org.junit.platform.engine.support.hierarchical.ThrowableCollector.execute(ThrowableCollector.java:73)
	at org.junit.platform.engine.support.hierarchical.NodeTestTask.prepare(NodeTestTask.java:123)
	at org.junit.platform.engine.support.hierarchical.NodeTestTask.execute(NodeTestTask.java:90)
	at java.base/java.util.ArrayList.forEach(ArrayList.java:1596)
	at org.junit.platform.engine.support.hierarchical.SameThreadHierarchicalTestExecutorService.invokeAll(SameThreadHierarchicalTestExecutorService.java:41)
	at org.junit.platform.engine.support.hierarchical.NodeTestTask.lambda$executeRecursively$6(NodeTestTask.java:155)
	at org.junit.platform.engine.support.hierarchical.ThrowableCollector.execute(ThrowableCollector.java:73)
	at org.junit.platform.engine.support.hierarchical.NodeTestTask.lambda$executeRecursively$8(NodeTestTask.java:141)
	at org.junit.platform.engine.support.hierarchical.Node.around(Node.java:137)
	at org.junit.platform.engine.support.hierarchical.NodeTestTask.lambda$executeRecursively$9(NodeTestTask.java:139)
	at org.junit.platform.engine.support.hierarchical.ThrowableCollector.execute(ThrowableCollector.java:73)
	at org.junit.platform.engine.support.hierarchical.NodeTestTask.executeRecursively(NodeTestTask.java:138)
	at org.junit.platform.engine.support.hierarchical.NodeTestTask.execute(NodeTestTask.java:95)
	at java.base/java.util.ArrayList.forEach(ArrayList.java:1596)
	at org.junit.platform.engine.support.hierarchical.SameThreadHierarchicalTestExecutorService.invokeAll(SameThreadHierarchicalTestExecutorService.java:41)
	at org.junit.platform.engine.support.hierarchical.NodeTestTask.lambda$executeRecursively$6(NodeTestTask.java:155)
	at org.junit.platform.engine.support.hierarchical.ThrowableCollector.execute(ThrowableCollector.java:73)
	at org.junit.platform.engine.support.hierarchical.NodeTestTask.lambda$executeRecursively$8(NodeTestTask.java:141)
	at org.junit.platform.engine.support.hierarchical.Node.around(Node.java:137)
	at org.junit.platform.engine.support.hierarchical.NodeTestTask.lambda$executeRecursively$9(NodeTestTask.java:139)
	at org.junit.platform.engine.support.hierarchical.ThrowableCollector.execute(ThrowableCollector.java:73)
	at org.junit.platform.engine.support.hierarchical.NodeTestTask.executeRecursively(NodeTestTask.java:138)
	at org.junit.platform.engine.support.hierarchical.NodeTestTask.execute(NodeTestTask.java:95)
	at org.junit.platform.engine.support.hierarchical.SameThreadHierarchicalTestExecutorService.submit(SameThreadHierarchicalTestExecutorService.java:35)
	at org.junit.platform.engine.support.hierarchical.HierarchicalTestExecutor.execute(HierarchicalTestExecutor.java:57)
	at org.junit.platform.engine.support.hierarchical.HierarchicalTestEngine.execute(HierarchicalTestEngine.java:54)
	at org.junit.platform.launcher.core.EngineExecutionOrchestrator.execute(EngineExecutionOrchestrator.java:198)
	at org.junit.platform.launcher.core.EngineExecutionOrchestrator.execute(EngineExecutionOrchestrator.java:169)
	at org.junit.platform.launcher.core.EngineExecutionOrchestrator.execute(EngineExecutionOrchestrator.java:93)
	at org.junit.platform.launcher.core.EngineExecutionOrchestrator.lambda$execute$0(EngineExecutionOrchestrator.java:58)
	at org.junit.platform.launcher.core.EngineExecutionOrchestrator.withInterceptedStreams(EngineExecutionOrchestrator.java:141)
	at org.junit.platform.launcher.core.EngineExecutionOrchestrator.execute(EngineExecutionOrchestrator.java:57)
	at org.junit.platform.launcher.core.DefaultLauncher.execute(DefaultLauncher.java:103)
	at org.junit.platform.launcher.core.DefaultLauncher.execute(DefaultLauncher.java:85)
	at org.junit.platform.launcher.core.DelegatingLauncher.execute(DelegatingLauncher.java:47)
	at org.apache.maven.surefire.junitplatform.LazyLauncher.execute(LazyLauncher.java:56)
	at org.apache.maven.surefire.junitplatform.JUnitPlatformProvider.execute(JUnitPlatformProvider.java:184)
	at org.apache.maven.surefire.junitplatform.JUnitPlatformProvider.invokeAllTests(JUnitPlatformProvider.java:148)
	at org.apache.maven.surefire.junitplatform.JUnitPlatformProvider.invoke(JUnitPlatformProvider.java:122)
	at org.apache.maven.surefire.booter.ForkedBooter.runSuitesInProcess(ForkedBooter.java:385)
	at org.apache.maven.surefire.booter.ForkedBooter.execute(ForkedBooter.java:162)
	at org.apache.maven.surefire.booter.ForkedBooter.run(ForkedBooter.java:507)
	at org.apache.maven.surefire.booter.ForkedBooter.main(ForkedBooter.java:495)
2026-03-18 23:05:38.027 [main] DEBUG [] [] c.m.filter.AuthRateLimitFilter - Rate limit check for ratelimit:login:203.0.113.5: 2/5 attempts
2026-03-18 23:05:38.028 [main] DEBUG [] [] c.m.filter.AuthRateLimitFilter - Rate limit check for ratelimit:login:203.0.113.5: 3/5 attempts
2026-03-18 23:05:38.028 [main] DEBUG [] [] c.m.filter.AuthRateLimitFilter - Rate limit check for ratelimit:login:203.0.113.5: 4/5 attempts
2026-03-18 23:05:38.030 [main] DEBUG [] [] c.m.filter.AuthRateLimitFilter - Rate limit check for ratelimit:login:203.0.113.5: 5/5 attempts
2026-03-18 23:05:38.031 [main] WARN  [] [] c.m.filter.AuthRateLimitFilter - Rate limit exceeded for ratelimit:login:203.0.113.5: 6 attempts
2026-03-18 23:05:38.050 [main] WARN  [] [] c.m.filter.AuthRateLimitFilter - Rate limit response sent: retry after 60 seconds
2026-03-18 23:05:38.092 [main] DEBUG [] [] c.m.filter.AuthRateLimitFilter - Rate limit check for ratelimit:login:192.168.1.1: 2/5 attempts
2026-03-18 23:05:38.094 [main] DEBUG [] [] c.m.filter.AuthRateLimitFilter - Rate limit check for ratelimit:login:192.168.1.1: 3/5 attempts
2026-03-18 23:05:38.094 [main] DEBUG [] [] c.m.filter.AuthRateLimitFilter - Rate limit check for ratelimit:login:192.168.1.1: 4/5 attempts
2026-03-18 23:05:38.095 [main] DEBUG [] [] c.m.filter.AuthRateLimitFilter - Rate limit check for ratelimit:login:192.168.1.1: 5/5 attempts
2026-03-18 23:05:38.096 [main] WARN  [] [] c.m.filter.AuthRateLimitFilter - Rate limit exceeded for ratelimit:login:192.168.1.1: 6 attempts
2026-03-18 23:05:38.097 [main] WARN  [] [] c.m.filter.AuthRateLimitFilter - Rate limit response sent: retry after 60 seconds
2026-03-18 23:05:38.098 [main] DEBUG [] [] c.m.filter.AuthRateLimitFilter - Rate limit check for ratelimit:register:192.168.1.1: 2/3 attempts
2026-03-18 23:05:38.098 [main] DEBUG [] [] c.m.filter.AuthRateLimitFilter - Rate limit check for ratelimit:register:192.168.1.1: 3/3 attempts
2026-03-18 23:05:38.098 [main] WARN  [] [] c.m.filter.AuthRateLimitFilter - Rate limit exceeded for ratelimit:register:192.168.1.1: 4 attempts
2026-03-18 23:05:38.099 [main] WARN  [] [] c.m.filter.AuthRateLimitFilter - Rate limit response sent: retry after 60 seconds
2026-03-18 23:05:38.112 [main] DEBUG [] [] c.m.filter.AuthRateLimitFilter - Rate limit check for ratelimit:login:192.168.1.1: 2/5 attempts
2026-03-18 23:05:38.113 [main] DEBUG [] [] c.m.filter.AuthRateLimitFilter - Rate limit check for ratelimit:login:192.168.1.1: 3/5 attempts
2026-03-18 23:05:38.113 [main] DEBUG [] [] c.m.filter.AuthRateLimitFilter - Rate limit check for ratelimit:login:192.168.1.1: 4/5 attempts
2026-03-18 23:05:38.113 [main] DEBUG [] [] c.m.filter.AuthRateLimitFilter - Rate limit check for ratelimit:login:192.168.1.1: 5/5 attempts
2026-03-18 23:05:38.168 [main] DEBUG [] [] c.m.filter.AuthRateLimitFilter - Rate limit check for ratelimit:login:192.168.1.1: 2/5 attempts
2026-03-18 23:05:38.170 [main] DEBUG [] [] c.m.filter.AuthRateLimitFilter - Rate limit check for ratelimit:login:192.168.1.1: 3/5 attempts
2026-03-18 23:05:38.171 [main] DEBUG [] [] c.m.filter.AuthRateLimitFilter - Rate limit check for ratelimit:login:192.168.1.1: 4/5 attempts
2026-03-18 23:05:38.171 [main] DEBUG [] [] c.m.filter.AuthRateLimitFilter - Rate limit check for ratelimit:login:192.168.1.1: 5/5 attempts
2026-03-18 23:05:38.172 [main] WARN  [] [] c.m.filter.AuthRateLimitFilter - Rate limit exceeded for ratelimit:login:192.168.1.1: 6 attempts
2026-03-18 23:05:38.172 [main] WARN  [] [] c.m.filter.AuthRateLimitFilter - Rate limit response sent: retry after 60 seconds
2026-03-18 23:05:38.181 [main] DEBUG [] [] c.m.filter.AuthRateLimitFilter - Rate limit check for ratelimit:login:192.168.1.1: 2/5 attempts
2026-03-18 23:05:38.184 [main] DEBUG [] [] c.m.filter.AuthRateLimitFilter - Rate limit check for ratelimit:login:192.168.1.1: 3/5 attempts
2026-03-18 23:05:38.184 [main] DEBUG [] [] c.m.filter.AuthRateLimitFilter - Rate limit check for ratelimit:login:192.168.1.1: 4/5 attempts
2026-03-18 23:05:38.185 [main] DEBUG [] [] c.m.filter.AuthRateLimitFilter - Rate limit check for ratelimit:login:192.168.1.1: 5/5 attempts
2026-03-18 23:05:38.185 [main] WARN  [] [] c.m.filter.AuthRateLimitFilter - Rate limit exceeded for ratelimit:login:192.168.1.1: 6 attempts
2026-03-18 23:05:38.185 [main] WARN  [] [] c.m.filter.AuthRateLimitFilter - Rate limit response sent: retry after 60 seconds
2026-03-18 23:05:38.205 [main] DEBUG [] [] c.m.filter.AuthRateLimitFilter - Rate limit check for ratelimit:login:192.168.1.1: 2/5 attempts
2026-03-18 23:05:38.206 [main] DEBUG [] [] c.m.filter.AuthRateLimitFilter - Rate limit check for ratelimit:login:192.168.1.1: 3/5 attempts
2026-03-18 23:05:38.206 [main] DEBUG [] [] c.m.filter.AuthRateLimitFilter - Rate limit check for ratelimit:login:192.168.1.1: 4/5 attempts
2026-03-18 23:05:38.206 [main] DEBUG [] [] c.m.filter.AuthRateLimitFilter - Rate limit check for ratelimit:login:192.168.1.1: 5/5 attempts
2026-03-18 23:05:38.207 [main] DEBUG [] [] c.m.filter.AuthRateLimitFilter - Rate limit check for ratelimit:login:192.168.1.2: 2/5 attempts
2026-03-18 23:05:38.207 [main] DEBUG [] [] c.m.filter.AuthRateLimitFilter - Rate limit check for ratelimit:login:192.168.1.2: 3/5 attempts
2026-03-18 23:05:38.207 [main] DEBUG [] [] c.m.filter.AuthRateLimitFilter - Rate limit check for ratelimit:login:192.168.1.2: 4/5 attempts
2026-03-18 23:05:38.207 [main] DEBUG [] [] c.m.filter.AuthRateLimitFilter - Rate limit check for ratelimit:login:192.168.1.2: 5/5 attempts
2026-03-18 23:05:38.414 [main] ERROR [] [] c.m.security.JwtTokenProvider - Invalid JWT token
2026-03-18 23:05:38.487 [main] DEBUG [] [] c.messenger.security.PBKDF2Service - Key derived successfully using PBKDF2 (iterations: 100000)
2026-03-18 23:05:38.516 [main] DEBUG [] [] c.messenger.security.PBKDF2Service - Key derived successfully using PBKDF2 (iterations: 100000)
2026-03-18 23:05:38.537 [main] DEBUG [] [] c.messenger.security.PBKDF2Service - Key derived successfully using PBKDF2 (iterations: 100000)
2026-03-18 23:05:38.562 [main] DEBUG [] [] c.messenger.security.PBKDF2Service - Key derived successfully using PBKDF2 (iterations: 100000)
2026-03-18 23:05:38.584 [main] DEBUG [] [] c.messenger.security.PBKDF2Service - Key derived successfully using PBKDF2 (iterations: 100000)
2026-03-18 23:05:38.604 [main] DEBUG [] [] c.messenger.security.PBKDF2Service - Key derived successfully using PBKDF2 (iterations: 100000)
2026-03-18 23:05:38.622 [main] DEBUG [] [] c.messenger.security.PBKDF2Service - Key derived successfully using PBKDF2 (iterations: 100000)
2026-03-18 23:05:38.641 [main] DEBUG [] [] c.messenger.security.PBKDF2Service - Key derived successfully using PBKDF2 (iterations: 100000)
2026-03-18 23:05:38.644 [main] ERROR [] [] c.messenger.security.PBKDF2Service - Invalid salt encoding
java.lang.IllegalArgumentException: Illegal base64 character 2d
	at java.base/java.util.Base64$Decoder.decode0(Base64.java:852)
	at java.base/java.util.Base64$Decoder.decode(Base64.java:570)
	at java.base/java.util.Base64$Decoder.decode(Base64.java:593)
	at com.messenger.security.PBKDF2Service.deriveKeyFromPassword(PBKDF2Service.java:50)
	at com.messenger.security.PBKDF2ServiceTest.lambda$testDeriveKeyWithInvalidSalt$0(PBKDF2ServiceTest.java:178)
	at org.junit.jupiter.api.AssertThrows.assertThrows(AssertThrows.java:53)
	at org.junit.jupiter.api.AssertThrows.assertThrows(AssertThrows.java:35)
	at org.junit.jupiter.api.Assertions.assertThrows(Assertions.java:3115)
	at com.messenger.security.PBKDF2ServiceTest.testDeriveKeyWithInvalidSalt(PBKDF2ServiceTest.java:177)
	at java.base/jdk.internal.reflect.DirectMethodHandleAccessor.invoke(DirectMethodHandleAccessor.java:103)
	at java.base/java.lang.reflect.Method.invoke(Method.java:580)
	at org.junit.platform.commons.util.ReflectionUtils.invokeMethod(ReflectionUtils.java:728)
	at org.junit.jupiter.engine.execution.MethodInvocation.proceed(MethodInvocation.java:60)
	at org.junit.jupiter.engine.execution.InvocationInterceptorChain$ValidatingInvocation.proceed(InvocationInterceptorChain.java:131)
	at org.junit.jupiter.engine.extension.TimeoutExtension.intercept(TimeoutExtension.java:156)
	at org.junit.jupiter.engine.extension.TimeoutExtension.interceptTestableMethod(TimeoutExtension.java:147)
	at org.junit.jupiter.engine.extension.TimeoutExtension.interceptTestMethod(TimeoutExtension.java:86)
	at org.junit.jupiter.engine.execution.InterceptingExecutableInvoker$ReflectiveInterceptorCall.lambda$ofVoidMethod$0(InterceptingExecutableInvoker.java:103)
	at org.junit.jupiter.engine.execution.InterceptingExecutableInvoker.lambda$invoke$0(InterceptingExecutableInvoker.java:93)
	at org.junit.jupiter.engine.execution.InvocationInterceptorChain$InterceptedInvocation.proceed(InvocationInterceptorChain.java:106)
	at org.junit.jupiter.engine.execution.InvocationInterceptorChain.proceed(InvocationInterceptorChain.java:64)
	at org.junit.jupiter.engine.execution.InvocationInterceptorChain.chainAndInvoke(InvocationInterceptorChain.java:45)
	at org.junit.jupiter.engine.execution.InvocationInterceptorChain.invoke(InvocationInterceptorChain.java:37)
	at org.junit.jupiter.engine.execution.InterceptingExecutableInvoker.invoke(InterceptingExecutableInvoker.java:92)
	at org.junit.jupiter.engine.execution.InterceptingExecutableInvoker.invoke(InterceptingExecutableInvoker.java:86)
	at org.junit.jupiter.engine.descriptor.TestMethodTestDescriptor.lambda$invokeTestMethod$7(TestMethodTestDescriptor.java:218)
	at org.junit.platform.engine.support.hierarchical.ThrowableCollector.execute(ThrowableCollector.java:73)
	at org.junit.jupiter.engine.descriptor.TestMethodTestDescriptor.invokeTestMethod(TestMethodTestDescriptor.java:214)
	at org.junit.jupiter.engine.descriptor.TestMethodTestDescriptor.execute(TestMethodTestDescriptor.java:139)
	at org.junit.jupiter.engine.descriptor.TestMethodTestDescriptor.execute(TestMethodTestDescriptor.java:69)
	at org.junit.platform.engine.support.hierarchical.NodeTestTask.lambda$executeRecursively$6(NodeTestTask.java:151)
	at org.junit.platform.engine.support.hierarchical.ThrowableCollector.execute(ThrowableCollector.java:73)
	at org.junit.platform.engine.support.hierarchical.NodeTestTask.lambda$executeRecursively$8(NodeTestTask.java:141)
	at org.junit.platform.engine.support.hierarchical.Node.around(Node.java:137)
	at org.junit.platform.engine.support.hierarchical.NodeTestTask.lambda$executeRecursively$9(NodeTestTask.java:139)
	at org.junit.platform.engine.support.hierarchical.ThrowableCollector.execute(ThrowableCollector.java:73)
	at org.junit.platform.engine.support.hierarchical.NodeTestTask.executeRecursively(NodeTestTask.java:138)
	at org.junit.platform.engine.support.hierarchical.NodeTestTask.execute(NodeTestTask.java:95)
	at java.base/java.util.ArrayList.forEach(ArrayList.java:1596)
	at org.junit.platform.engine.support.hierarchical.SameThreadHierarchicalTestExecutorService.invokeAll(SameThreadHierarchicalTestExecutorService.java:41)
	at org.junit.platform.engine.support.hierarchical.NodeTestTask.lambda$executeRecursively$6(NodeTestTask.java:155)
	at org.junit.platform.engine.support.hierarchical.ThrowableCollector.execute(ThrowableCollector.java:73)
	at org.junit.platform.engine.support.hierarchical.NodeTestTask.lambda$executeRecursively$8(NodeTestTask.java:141)
	at org.junit.platform.engine.support.hierarchical.Node.around(Node.java:137)
	at org.junit.platform.engine.support.hierarchical.NodeTestTask.lambda$executeRecursively$9(NodeTestTask.java:139)
	at org.junit.platform.engine.support.hierarchical.ThrowableCollector.execute(ThrowableCollector.java:73)
	at org.junit.platform.engine.support.hierarchical.NodeTestTask.executeRecursively(NodeTestTask.java:138)
	at org.junit.platform.engine.support.hierarchical.NodeTestTask.execute(NodeTestTask.java:95)
	at java.base/java.util.ArrayList.forEach(ArrayList.java:1596)
	at org.junit.platform.engine.support.hierarchical.SameThreadHierarchicalTestExecutorService.invokeAll(SameThreadHierarchicalTestExecutorService.java:41)
	at org.junit.platform.engine.support.hierarchical.NodeTestTask.lambda$executeRecursively$6(NodeTestTask.java:155)
	at org.junit.platform.engine.support.hierarchical.ThrowableCollector.execute(ThrowableCollector.java:73)
	at org.junit.platform.engine.support.hierarchical.NodeTestTask.lambda$executeRecursively$8(NodeTestTask.java:141)
	at org.junit.platform.engine.support.hierarchical.Node.around(Node.java:137)
	at org.junit.platform.engine.support.hierarchical.NodeTestTask.lambda$executeRecursively$9(NodeTestTask.java:139)
	at org.junit.platform.engine.support.hierarchical.ThrowableCollector.execute(ThrowableCollector.java:73)
	at org.junit.platform.engine.support.hierarchical.NodeTestTask.executeRecursively(NodeTestTask.java:138)
	at org.junit.platform.engine.support.hierarchical.NodeTestTask.execute(NodeTestTask.java:95)
	at org.junit.platform.engine.support.hierarchical.SameThreadHierarchicalTestExecutorService.submit(SameThreadHierarchicalTestExecutorService.java:35)
	at org.junit.platform.engine.support.hierarchical.HierarchicalTestExecutor.execute(HierarchicalTestExecutor.java:57)
	at org.junit.platform.engine.support.hierarchical.HierarchicalTestEngine.execute(HierarchicalTestEngine.java:54)
	at org.junit.platform.launcher.core.EngineExecutionOrchestrator.execute(EngineExecutionOrchestrator.java:198)
	at org.junit.platform.launcher.core.EngineExecutionOrchestrator.execute(EngineExecutionOrchestrator.java:169)
	at org.junit.platform.launcher.core.EngineExecutionOrchestrator.execute(EngineExecutionOrchestrator.java:93)
	at org.junit.platform.launcher.core.EngineExecutionOrchestrator.lambda$execute$0(EngineExecutionOrchestrator.java:58)
	at org.junit.platform.launcher.core.EngineExecutionOrchestrator.withInterceptedStreams(EngineExecutionOrchestrator.java:141)
	at org.junit.platform.launcher.core.EngineExecutionOrchestrator.execute(EngineExecutionOrchestrator.java:57)
	at org.junit.platform.launcher.core.DefaultLauncher.execute(DefaultLauncher.java:103)
	at org.junit.platform.launcher.core.DefaultLauncher.execute(DefaultLauncher.java:85)
	at org.junit.platform.launcher.core.DelegatingLauncher.execute(DelegatingLauncher.java:47)
	at org.apache.maven.surefire.junitplatform.LazyLauncher.execute(LazyLauncher.java:56)
	at org.apache.maven.surefire.junitplatform.JUnitPlatformProvider.execute(JUnitPlatformProvider.java:184)
	at org.apache.maven.surefire.junitplatform.JUnitPlatformProvider.invokeAllTests(JUnitPlatformProvider.java:148)
	at org.apache.maven.surefire.junitplatform.JUnitPlatformProvider.invoke(JUnitPlatformProvider.java:122)
	at org.apache.maven.surefire.booter.ForkedBooter.runSuitesInProcess(ForkedBooter.java:385)
	at org.apache.maven.surefire.booter.ForkedBooter.execute(ForkedBooter.java:162)
	at org.apache.maven.surefire.booter.ForkedBooter.run(ForkedBooter.java:507)
	at org.apache.maven.surefire.booter.ForkedBooter.main(ForkedBooter.java:495)
2026-03-18 23:05:38.668 [main] DEBUG [] [] c.messenger.security.PBKDF2Service - Key derived successfully using PBKDF2 (iterations: 100000)
2026-03-18 23:05:38.691 [main] DEBUG [] [] c.messenger.security.PBKDF2Service - Key derived successfully using PBKDF2 (iterations: 100000)
2026-03-18 23:05:38.715 [main] DEBUG [] [] c.messenger.security.PBKDF2Service - Key derived successfully using PBKDF2 (iterations: 100000)
2026-03-18 23:05:38.736 [main] DEBUG [] [] c.messenger.security.PBKDF2Service - Key derived successfully using PBKDF2 (iterations: 100000)
2026-03-18 23:05:38.885 [main] INFO  [] [] c.m.service.FileStorageService - getFileUrl called: minioPublicUrl=, bucketName=messenger-files, fileName=files/test/file.jpg
2026-03-18 23:05:38.887 [main] INFO  [] [] c.m.service.FileStorageService - Generated presigned URL: http://presigned-url.com/file.jpg
2026-03-18 23:05:38.939 [main] INFO  [] [] c.m.service.FileStorageService - Created bucket: messenger-files
2026-03-18 23:05:38.940 [main] INFO  [] [] c.m.service.FileStorageService - Set bucket 'messenger-files' policy to public read
2026-03-18 23:05:39.078 [main] WARN  [] [] c.m.service.FileStorageService - Failed to generate thumbnail for files/test-user/b738f939-f748-44a4-8176-e8ba9427a89c.jpg: No suitable ImageReader found for source data.
2026-03-18 23:05:39.079 [main] INFO  [] [] c.m.service.FileStorageService - File uploaded successfully: files/test-user/b738f939-f748-44a4-8176-e8ba9427a89c.jpg
2026-03-18 23:05:39.081 [main] INFO  [] [] c.m.service.FileStorageService - Set bucket 'messenger-files' policy to public read
2026-03-18 23:05:39.085 [main] WARN  [] [] c.m.service.FileStorageService - Failed to generate thumbnail for files/test-user/0c79543c-e819-437f-9a1b-de6d0c22023c.jpg: No suitable ImageReader found for source data.
2026-03-18 23:05:39.085 [main] INFO  [] [] c.m.service.FileStorageService - File uploaded successfully: files/test-user/0c79543c-e819-437f-9a1b-de6d0c22023c.jpg
2026-03-18 23:05:39.102 [main] INFO  [] [] c.m.service.FileStorageService - File deleted: files/test/file.jpg
2026-03-18 23:10:56.195 [background-preinit] INFO  [] [] o.h.validator.internal.util.Version - HV000001: Hibernate Validator 8.0.1.Final
2026-03-18 23:10:56.233 [main] INFO  [] [] c.m.config.SecurityConfigTest - Starting SecurityConfigTest using Java 21.0.2 with PID 78412 (started by koval in C:\Users\koval\messenger-app)
2026-03-18 23:10:56.235 [main] DEBUG [] [] c.m.config.SecurityConfigTest - Running with Spring Boot v3.2.0, Spring v6.1.1
2026-03-18 23:10:56.235 [main] INFO  [] [] c.m.config.SecurityConfigTest - The following 1 profile is active: "test"
2026-03-18 23:10:59.219 [main] INFO  [] [] com.zaxxer.hikari.HikariDataSource - HikariPool-1 - Starting...
2026-03-18 23:10:59.372 [main] INFO  [] [] com.zaxxer.hikari.pool.HikariPool - HikariPool-1 - Added connection conn0: url=jdbc:h2:mem:testdb user=SA
2026-03-18 23:10:59.374 [main] INFO  [] [] com.zaxxer.hikari.HikariDataSource - HikariPool-1 - Start completed.
2026-03-18 23:10:59.419 [main] INFO  [] [] liquibase.database - Set default schema name to PUBLIC
2026-03-18 23:11:00.003 [main] INFO  [] [] liquibase.changelog - Creating database history table with name: PUBLIC.DATABASECHANGELOG
2026-03-18 23:11:00.151 [main] INFO  [] [] liquibase.changelog - Reading from PUBLIC.DATABASECHANGELOG
2026-03-18 23:11:00.260 [main] INFO  [] [] liquibase.lockservice - Successfully acquired change log lock
2026-03-18 23:11:00.261 [main] INFO  [] [] liquibase.command - Using deploymentId: 3864660261
2026-03-18 23:11:00.265 [main] INFO  [] [] liquibase.changelog - Reading from PUBLIC.DATABASECHANGELOG
2026-03-18 23:11:00.336 [main] INFO  [] [] liquibase.changelog - Table users created
2026-03-18 23:11:00.338 [main] INFO  [] [] liquibase.changelog - ChangeSet db/changelog/db.changelog-master.xml::1::messenger ran successfully in 7ms
2026-03-18 23:11:00.353 [main] INFO  [] [] liquibase.changelog - Table chats created
2026-03-18 23:11:00.354 [main] INFO  [] [] liquibase.changelog - ChangeSet db/changelog/db.changelog-master.xml::2::messenger ran successfully in 9ms
2026-03-18 23:11:00.358 [main] INFO  [] [] liquibase.changelog - Table user_chats created
2026-03-18 23:11:00.360 [main] INFO  [] [] liquibase.changelog - Unique constraint added to user_chats(user_id, chat_id)
2026-03-18 23:11:00.361 [main] INFO  [] [] liquibase.changelog - ChangeSet db/changelog/db.changelog-master.xml::3::messenger ran successfully in 4ms
2026-03-18 23:11:00.367 [main] INFO  [] [] liquibase.changelog - Table messages created
2026-03-18 23:11:00.368 [main] INFO  [] [] liquibase.changelog - Index idx_messages_chat_created created
2026-03-18 23:11:00.368 [main] INFO  [] [] liquibase.changelog - Index idx_messages_sender created
2026-03-18 23:11:00.368 [main] INFO  [] [] liquibase.changelog - ChangeSet db/changelog/db.changelog-master.xml::4::messenger ran successfully in 4ms
2026-03-18 23:11:00.372 [main] INFO  [] [] liquibase.changelog - Table file_attachments created
2026-03-18 23:11:00.373 [main] INFO  [] [] liquibase.changelog - Unique constraint added to file_attachments(message_id)
2026-03-18 23:11:00.373 [main] INFO  [] [] liquibase.changelog - ChangeSet db/changelog/db.changelog-master.xml::5::messenger ran successfully in 2ms
2026-03-18 23:11:00.377 [main] INFO  [] [] liquibase.changelog - Table voice_messages created
2026-03-18 23:11:00.378 [main] INFO  [] [] liquibase.changelog - Unique constraint added to voice_messages(message_id)
2026-03-18 23:11:00.378 [main] INFO  [] [] liquibase.changelog - ChangeSet db/changelog/db.changelog-master.xml::6::messenger ran successfully in 3ms
2026-03-18 23:11:00.383 [main] INFO  [] [] liquibase.changelog - Table message_status created
2026-03-18 23:11:00.384 [main] INFO  [] [] liquibase.changelog - Unique constraint added to message_status(message_id, user_id)
2026-03-18 23:11:00.385 [main] INFO  [] [] liquibase.changelog - Index idx_status_user created
2026-03-18 23:11:00.385 [main] INFO  [] [] liquibase.changelog - ChangeSet db/changelog/db.changelog-master.xml::7::messenger ran successfully in 6ms
2026-03-18 23:11:00.389 [main] INFO  [] [] liquibase.changelog - Table video_conferences created
2026-03-18 23:11:00.389 [main] INFO  [] [] liquibase.changelog - Index idx_conference_chat created
2026-03-18 23:11:00.390 [main] INFO  [] [] liquibase.changelog - ChangeSet db/changelog/db.changelog-master.xml::8::messenger ran successfully in 3ms
2026-03-18 23:11:00.394 [main] INFO  [] [] liquibase.changelog - Table conference_participants created
2026-03-18 23:11:00.394 [main] INFO  [] [] liquibase.changelog - Index idx_participant_conference created
2026-03-18 23:11:00.394 [main] INFO  [] [] liquibase.changelog - ChangeSet db/changelog/db.changelog-master.xml::9::messenger ran successfully in 2ms
2026-03-18 23:11:00.404 [main] INFO  [] [] liquibase.changelog - Table devices created
2026-03-18 23:11:00.404 [main] INFO  [] [] liquibase.changelog - Index idx_devices_user created
2026-03-18 23:11:00.405 [main] INFO  [] [] liquibase.changelog - Index idx_devices_online created
2026-03-18 23:11:00.405 [main] INFO  [] [] liquibase.changelog - Index idx_devices_heartbeat created
2026-03-18 23:11:00.405 [main] INFO  [] [] liquibase.changelog - ChangeSet db/changelog/db.changelog-master.xml::10::messenger ran successfully in 8ms
2026-03-18 23:11:00.409 [main] INFO  [] [] liquibase.changelog - Index idx_users_username created
2026-03-18 23:11:00.410 [main] INFO  [] [] liquibase.changelog - Index idx_users_email created
2026-03-18 23:11:00.411 [main] INFO  [] [] liquibase.changelog - Index idx_devices_user_id created
2026-03-18 23:11:00.412 [main] INFO  [] [] liquibase.changelog - Index idx_devices_device_id created
2026-03-18 23:11:00.413 [main] INFO  [] [] liquibase.changelog - ChangeSet db/changelog/db.changelog-master.xml::add-indexes::developer ran successfully in 5ms
2026-03-18 23:11:00.418 [main] INFO  [] [] liquibase.changelog - Table message_mentions created
2026-03-18 23:11:00.419 [main] INFO  [] [] liquibase.changelog - Index idx_mentions_user created
2026-03-18 23:11:00.420 [main] INFO  [] [] liquibase.changelog - ChangeSet db/changelog/db.changelog-master.xml::message-mentions::developer ran successfully in 6ms
2026-03-18 23:11:00.421 [main] INFO  [] [] liquibase.changelog - ChangeSet db/changelog/db.changelog-master.xml::fix-voice-message-id-type::developer ran successfully in 0ms
2026-03-18 23:11:00.425 [main] INFO  [] [] liquibase.util - UPDATE SUMMARY
2026-03-18 23:11:00.425 [main] INFO  [] [] liquibase.util - Run:                         13
2026-03-18 23:11:00.425 [main] INFO  [] [] liquibase.util - Previously run:               0
2026-03-18 23:11:00.425 [main] INFO  [] [] liquibase.util - Filtered out:                 0
2026-03-18 23:11:00.425 [main] INFO  [] [] liquibase.util - -------------------------------
2026-03-18 23:11:00.425 [main] INFO  [] [] liquibase.util - Total change sets:           13
2026-03-18 23:11:00.425 [main] INFO  [] [] liquibase.util - Update summary generated
2026-03-18 23:11:00.429 [main] INFO  [] [] liquibase.command - Update command completed successfully.
2026-03-18 23:11:00.431 [main] INFO  [] [] liquibase.lockservice - Successfully released change log lock
2026-03-18 23:11:00.431 [main] INFO  [] [] liquibase.command - Command execution complete
2026-03-18 23:11:00.645 [main] INFO  [] [] o.h.jpa.internal.util.LogHelper - HHH000204: Processing PersistenceUnitInfo [name: default]
2026-03-18 23:11:00.700 [main] INFO  [] [] org.hibernate.Version - HHH000412: Hibernate ORM core version 6.3.1.Final
2026-03-18 23:11:00.726 [main] INFO  [] [] o.h.c.i.RegionFactoryInitiator - HHH000026: Second-level cache disabled
2026-03-18 23:11:00.963 [main] WARN  [] [] org.hibernate.dialect.Dialect - HHH000511: The 2.2.0 version for [org.hibernate.dialect.PostgreSQLDialect] is no longer supported, hence certain features may not work properly. The minimum supported version is 11.0.0. Check the community dialects project for available legacy versions.
2026-03-18 23:11:00.967 [main] WARN  [] [] org.hibernate.orm.deprecation - HHH90000025: PostgreSQLDialect does not need to be specified explicitly using 'hibernate.dialect' (remove the property setting and it will be selected by default)
2026-03-18 23:11:01.884 [main] INFO  [] [] o.h.e.t.j.p.i.JtaPlatformInitiator - HHH000489: No JTA platform available (set 'hibernate.transaction.jta.platform' to enable JTA platform integration)
2026-03-18 23:11:01.939 [main] WARN  [] [] o.h.t.s.i.ExceptionHandlerLoggedImpl - GenerationTarget encountered exception accepting command : Error executing DDL "
    create index idx_mention_timestamp 
       on message_mentions (timestamp)" via JDBC [Столбец "TIMESTAMP" не найден
Column "TIMESTAMP" not found;]
org.hibernate.tool.schema.spi.CommandAcceptanceException: Error executing DDL "
    create index idx_mention_timestamp 
       on message_mentions (timestamp)" via JDBC [Столбец "TIMESTAMP" не найден
Column "TIMESTAMP" not found;]
	at org.hibernate.tool.schema.internal.exec.GenerationTargetToDatabase.accept(GenerationTargetToDatabase.java:94)
	at org.hibernate.tool.schema.internal.Helper.applySqlString(Helper.java:233)
	at org.hibernate.tool.schema.internal.Helper.applySqlStrings(Helper.java:217)
	at org.hibernate.tool.schema.internal.SchemaCreatorImpl.createTableConstraints(SchemaCreatorImpl.java:383)
	at org.hibernate.tool.schema.internal.SchemaCreatorImpl.createSequencesTablesConstraints(SchemaCreatorImpl.java:351)
	at org.hibernate.tool.schema.internal.SchemaCreatorImpl.createFromMetadata(SchemaCreatorImpl.java:239)
	at org.hibernate.tool.schema.internal.SchemaCreatorImpl.performCreation(SchemaCreatorImpl.java:172)
	at org.hibernate.tool.schema.internal.SchemaCreatorImpl.doCreation(SchemaCreatorImpl.java:142)
	at org.hibernate.tool.schema.internal.SchemaCreatorImpl.doCreation(SchemaCreatorImpl.java:118)
	at org.hibernate.tool.schema.spi.SchemaManagementToolCoordinator.performDatabaseAction(SchemaManagementToolCoordinator.java:256)
	at org.hibernate.tool.schema.spi.SchemaManagementToolCoordinator.lambda$process$5(SchemaManagementToolCoordinator.java:145)
	at java.base/java.util.HashMap.forEach(HashMap.java:1429)
	at org.hibernate.tool.schema.spi.SchemaManagementToolCoordinator.process(SchemaManagementToolCoordinator.java:142)
	at org.hibernate.boot.internal.SessionFactoryObserverForSchemaExport.sessionFactoryCreated(SessionFactoryObserverForSchemaExport.java:37)
	at org.hibernate.internal.SessionFactoryObserverChain.sessionFactoryCreated(SessionFactoryObserverChain.java:35)
	at org.hibernate.internal.SessionFactoryImpl.<init>(SessionFactoryImpl.java:295)
	at org.hibernate.boot.internal.SessionFactoryBuilderImpl.build(SessionFactoryBuilderImpl.java:450)
	at org.hibernate.jpa.boot.internal.EntityManagerFactoryBuilderImpl.build(EntityManagerFactoryBuilderImpl.java:1507)
	at org.springframework.orm.jpa.vendor.SpringHibernateJpaPersistenceProvider.createContainerEntityManagerFactory(SpringHibernateJpaPersistenceProvider.java:75)
	at org.springframework.orm.jpa.LocalContainerEntityManagerFactoryBean.createNativeEntityManagerFactory(LocalContainerEntityManagerFactoryBean.java:376)
	at org.springframework.orm.jpa.AbstractEntityManagerFactoryBean.buildNativeEntityManagerFactory(AbstractEntityManagerFactoryBean.java:409)
	at org.springframework.orm.jpa.AbstractEntityManagerFactoryBean.afterPropertiesSet(AbstractEntityManagerFactoryBean.java:396)
	at org.springframework.orm.jpa.LocalContainerEntityManagerFactoryBean.afterPropertiesSet(LocalContainerEntityManagerFactoryBean.java:352)
	at org.springframework.beans.factory.support.AbstractAutowireCapableBeanFactory.invokeInitMethods(AbstractAutowireCapableBeanFactory.java:1822)
	at org.springframework.beans.factory.support.AbstractAutowireCapableBeanFactory.initializeBean(AbstractAutowireCapableBeanFactory.java:1771)
	at org.springframework.beans.factory.support.AbstractAutowireCapableBeanFactory.doCreateBean(AbstractAutowireCapableBeanFactory.java:601)
	at org.springframework.beans.factory.support.AbstractAutowireCapableBeanFactory.createBean(AbstractAutowireCapableBeanFactory.java:523)
	at org.springframework.beans.factory.support.AbstractBeanFactory.lambda$doGetBean$0(AbstractBeanFactory.java:325)
	at org.springframework.beans.factory.support.DefaultSingletonBeanRegistry.getSingleton(DefaultSingletonBeanRegistry.java:234)
	at org.springframework.beans.factory.support.AbstractBeanFactory.doGetBean(AbstractBeanFactory.java:323)
	at org.springframework.beans.factory.support.AbstractBeanFactory.getBean(AbstractBeanFactory.java:199)
	at org.springframework.context.support.AbstractApplicationContext.getBean(AbstractApplicationContext.java:1173)
	at org.springframework.context.support.AbstractApplicationContext.finishBeanFactoryInitialization(AbstractApplicationContext.java:936)
	at org.springframework.context.support.AbstractApplicationContext.refresh(AbstractApplicationContext.java:616)
	at org.springframework.boot.SpringApplication.refresh(SpringApplication.java:753)
	at org.springframework.boot.SpringApplication.refreshContext(SpringApplication.java:455)
	at org.springframework.boot.SpringApplication.run(SpringApplication.java:323)
	at org.springframework.boot.test.context.SpringBootContextLoader.lambda$loadContext$3(SpringBootContextLoader.java:137)
	at org.springframework.util.function.ThrowingSupplier.get(ThrowingSupplier.java:58)
	at org.springframework.util.function.ThrowingSupplier.get(ThrowingSupplier.java:46)
	at org.springframework.boot.SpringApplication.withHook(SpringApplication.java:1442)
	at org.springframework.boot.test.context.SpringBootContextLoader$ContextLoaderHook.run(SpringBootContextLoader.java:552)
	at org.springframework.boot.test.context.SpringBootContextLoader.loadContext(SpringBootContextLoader.java:137)
	at org.springframework.boot.test.context.SpringBootContextLoader.loadContext(SpringBootContextLoader.java:108)
	at org.springframework.test.context.cache.DefaultCacheAwareContextLoaderDelegate.loadContextInternal(DefaultCacheAwareContextLoaderDelegate.java:225)
	at org.springframework.test.context.cache.DefaultCacheAwareContextLoaderDelegate.loadContext(DefaultCacheAwareContextLoaderDelegate.java:152)
	at org.springframework.test.context.support.DefaultTestContext.getApplicationContext(DefaultTestContext.java:130)
	at org.springframework.test.context.web.ServletTestExecutionListener.setUpRequestContextIfNecessary(ServletTestExecutionListener.java:191)
	at org.springframework.test.context.web.ServletTestExecutionListener.prepareTestInstance(ServletTestExecutionListener.java:130)
	at org.springframework.test.context.TestContextManager.prepareTestInstance(TestContextManager.java:247)
	at org.springframework.test.context.junit.jupiter.SpringExtension.postProcessTestInstance(SpringExtension.java:163)
	at org.junit.jupiter.engine.descriptor.ClassBasedTestDescriptor.lambda$invokeTestInstancePostProcessors$10(ClassBasedTestDescriptor.java:378)
	at org.junit.jupiter.engine.descriptor.ClassBasedTestDescriptor.executeAndMaskThrowable(ClassBasedTestDescriptor.java:383)
	at org.junit.jupiter.engine.descriptor.ClassBasedTestDescriptor.lambda$invokeTestInstancePostProcessors$11(ClassBasedTestDescriptor.java:378)
	at java.base/java.util.stream.ReferencePipeline$3$1.accept(ReferencePipeline.java:197)
	at java.base/java.util.stream.ReferencePipeline$2$1.accept(ReferencePipeline.java:179)
	at java.base/java.util.ArrayList$ArrayListSpliterator.forEachRemaining(ArrayList.java:1708)
	at java.base/java.util.stream.AbstractPipeline.copyInto(AbstractPipeline.java:509)
	at java.base/java.util.stream.AbstractPipeline.wrapAndCopyInto(AbstractPipeline.java:499)
	at java.base/java.util.stream.StreamSpliterators$WrappingSpliterator.forEachRemaining(StreamSpliterators.java:310)
	at java.base/java.util.stream.Streams$ConcatSpliterator.forEachRemaining(Streams.java:735)
	at java.base/java.util.stream.Streams$ConcatSpliterator.forEachRemaining(Streams.java:734)
	at java.base/java.util.stream.ReferencePipeline$Head.forEach(ReferencePipeline.java:762)
	at org.junit.jupiter.engine.descriptor.ClassBasedTestDescriptor.invokeTestInstancePostProcessors(ClassBasedTestDescriptor.java:377)
	at org.junit.jupiter.engine.descriptor.ClassBasedTestDescriptor.lambda$instantiateAndPostProcessTestInstance$6(ClassBasedTestDescriptor.java:290)
	at org.junit.platform.engine.support.hierarchical.ThrowableCollector.execute(ThrowableCollector.java:73)
	at org.junit.jupiter.engine.descriptor.ClassBasedTestDescriptor.instantiateAndPostProcessTestInstance(ClassBasedTestDescriptor.java:289)
	at org.junit.jupiter.engine.descriptor.ClassBasedTestDescriptor.lambda$testInstancesProvider$4(ClassBasedTestDescriptor.java:279)
	at java.base/java.util.Optional.orElseGet(Optional.java:364)
	at org.junit.jupiter.engine.descriptor.ClassBasedTestDescriptor.lambda$testInstancesProvider$5(ClassBasedTestDescriptor.java:278)
	at org.junit.jupiter.engine.execution.TestInstancesProvider.getTestInstances(TestInstancesProvider.java:31)
	at org.junit.jupiter.engine.descriptor.TestMethodTestDescriptor.lambda$prepare$0(TestMethodTestDescriptor.java:106)
	at org.junit.platform.engine.support.hierarchical.ThrowableCollector.execute(ThrowableCollector.java:73)
	at org.junit.jupiter.engine.descriptor.TestMethodTestDescriptor.prepare(TestMethodTestDescriptor.java:105)
	at org.junit.jupiter.engine.descriptor.TestMethodTestDescriptor.prepare(TestMethodTestDescriptor.java:69)
	at org.junit.platform.engine.support.hierarchical.NodeTestTask.lambda$prepare$2(NodeTestTask.java:123)
	at org.junit.platform.engine.support.hierarchical.ThrowableCollector.execute(ThrowableCollector.java:73)
	at org.junit.platform.engine.support.hierarchical.NodeTestTask.prepare(NodeTestTask.java:123)
	at org.junit.platform.engine.support.hierarchical.NodeTestTask.execute(NodeTestTask.java:90)
	at java.base/java.util.ArrayList.forEach(ArrayList.java:1596)
	at org.junit.platform.engine.support.hierarchical.SameThreadHierarchicalTestExecutorService.invokeAll(SameThreadHierarchicalTestExecutorService.java:41)
	at org.junit.platform.engine.support.hierarchical.NodeTestTask.lambda$executeRecursively$6(NodeTestTask.java:155)
	at org.junit.platform.engine.support.hierarchical.ThrowableCollector.execute(ThrowableCollector.java:73)
	at org.junit.platform.engine.support.hierarchical.NodeTestTask.lambda$executeRecursively$8(NodeTestTask.java:141)
	at org.junit.platform.engine.support.hierarchical.Node.around(Node.java:137)
	at org.junit.platform.engine.support.hierarchical.NodeTestTask.lambda$executeRecursively$9(NodeTestTask.java:139)
	at org.junit.platform.engine.support.hierarchical.ThrowableCollector.execute(ThrowableCollector.java:73)
	at org.junit.platform.engine.support.hierarchical.NodeTestTask.executeRecursively(NodeTestTask.java:138)
	at org.junit.platform.engine.support.hierarchical.NodeTestTask.execute(NodeTestTask.java:95)
	at java.base/java.util.ArrayList.forEach(ArrayList.java:1596)
	at org.junit.platform.engine.support.hierarchical.SameThreadHierarchicalTestExecutorService.invokeAll(SameThreadHierarchicalTestExecutorService.java:41)
	at org.junit.platform.engine.support.hierarchical.NodeTestTask.lambda$executeRecursively$6(NodeTestTask.java:155)
	at org.junit.platform.engine.support.hierarchical.ThrowableCollector.execute(ThrowableCollector.java:73)
	at org.junit.platform.engine.support.hierarchical.NodeTestTask.lambda$executeRecursively$8(NodeTestTask.java:141)
	at org.junit.platform.engine.support.hierarchical.Node.around(Node.java:137)
	at org.junit.platform.engine.support.hierarchical.NodeTestTask.lambda$executeRecursively$9(NodeTestTask.java:139)
	at org.junit.platform.engine.support.hierarchical.ThrowableCollector.execute(ThrowableCollector.java:73)
	at org.junit.platform.engine.support.hierarchical.NodeTestTask.executeRecursively(NodeTestTask.java:138)
	at org.junit.platform.engine.support.hierarchical.NodeTestTask.execute(NodeTestTask.java:95)
	at org.junit.platform.engine.support.hierarchical.SameThreadHierarchicalTestExecutorService.submit(SameThreadHierarchicalTestExecutorService.java:35)
	at org.junit.platform.engine.support.hierarchical.HierarchicalTestExecutor.execute(HierarchicalTestExecutor.java:57)
	at org.junit.platform.engine.support.hierarchical.HierarchicalTestEngine.execute(HierarchicalTestEngine.java:54)
	at org.junit.platform.launcher.core.EngineExecutionOrchestrator.execute(EngineExecutionOrchestrator.java:198)
	at org.junit.platform.launcher.core.EngineExecutionOrchestrator.execute(EngineExecutionOrchestrator.java:169)
	at org.junit.platform.launcher.core.EngineExecutionOrchestrator.execute(EngineExecutionOrchestrator.java:93)
	at org.junit.platform.launcher.core.EngineExecutionOrchestrator.lambda$execute$0(EngineExecutionOrchestrator.java:58)
	at org.junit.platform.launcher.core.EngineExecutionOrchestrator.withInterceptedStreams(EngineExecutionOrchestrator.java:141)
	at org.junit.platform.launcher.core.EngineExecutionOrchestrator.execute(EngineExecutionOrchestrator.java:57)
	at org.junit.platform.launcher.core.DefaultLauncher.execute(DefaultLauncher.java:103)
	at org.junit.platform.launcher.core.DefaultLauncher.execute(DefaultLauncher.java:85)
	at org.junit.platform.launcher.core.DelegatingLauncher.execute(DelegatingLauncher.java:47)
	at org.apache.maven.surefire.junitplatform.LazyLauncher.execute(LazyLauncher.java:56)
	at org.apache.maven.surefire.junitplatform.JUnitPlatformProvider.execute(JUnitPlatformProvider.java:184)
	at org.apache.maven.surefire.junitplatform.JUnitPlatformProvider.invokeAllTests(JUnitPlatformProvider.java:148)
	at org.apache.maven.surefire.junitplatform.JUnitPlatformProvider.invoke(JUnitPlatformProvider.java:122)
	at org.apache.maven.surefire.booter.ForkedBooter.runSuitesInProcess(ForkedBooter.java:385)
	at org.apache.maven.surefire.booter.ForkedBooter.execute(ForkedBooter.java:162)
	at org.apache.maven.surefire.booter.ForkedBooter.run(ForkedBooter.java:507)
	at org.apache.maven.surefire.booter.ForkedBooter.main(ForkedBooter.java:495)
Caused by: org.h2.jdbc.JdbcSQLSyntaxErrorException: Столбец "TIMESTAMP" не найден
Column "TIMESTAMP" not found; SQL statement:

    create index idx_mention_timestamp 
       on message_mentions (time [42122-224]
	at org.h2.message.DbException.getJdbcSQLException(DbException.java:514)
	at org.h2.message.DbException.getJdbcSQLException(DbException.java:489)
	at org.h2.message.DbException.get(DbException.java:223)
	at org.h2.message.DbException.get(DbException.java:199)
	at org.h2.table.Table.getColumn(Table.java:759)
	at org.h2.table.IndexColumn.mapColumns(IndexColumn.java:184)
	at org.h2.command.ddl.CreateIndex.update(CreateIndex.java:104)
	at org.h2.command.CommandContainer.update(CommandContainer.java:169)
	at org.h2.command.Command.executeUpdate(Command.java:256)
	at org.h2.jdbc.JdbcStatement.executeInternal(JdbcStatement.java:262)
	at org.h2.jdbc.JdbcStatement.execute(JdbcStatement.java:231)
	at com.zaxxer.hikari.pool.ProxyStatement.execute(ProxyStatement.java:94)
	at com.zaxxer.hikari.pool.HikariProxyStatement.execute(HikariProxyStatement.java)
	at org.hibernate.tool.schema.internal.exec.GenerationTargetToDatabase.accept(GenerationTargetToDatabase.java:80)
	... 118 common frames omitted
2026-03-18 23:11:02.019 [main] INFO  [] [] c.m.config.NetworkAutoConfiguration - 🌐 Starting network auto-configuration...
2026-03-18 23:11:02.026 [main] INFO  [] [] c.m.config.NetworkAutoConfiguration - 📍 Local IP detected: 192.168.88.183
2026-03-18 23:11:02.030 [main] INFO  [] [] c.m.config.NetworkAutoConfiguration - 🌍 Using configured external IP: 127.0.0.1
2026-03-18 23:11:02.031 [main] INFO  [] [] c.m.config.NetworkAutoConfiguration - 🏷️  Hostname: ZVEZDOLET
2026-03-18 23:11:02.031 [main] INFO  [] [] c.m.config.NetworkAutoConfiguration - ✅ Network auto-configuration completed
2026-03-18 23:11:02.031 [main] INFO  [] [] c.m.config.NetworkAutoConfiguration -    Local:  192.168.88.183
2026-03-18 23:11:02.031 [main] INFO  [] [] c.m.config.NetworkAutoConfiguration -    VPN:    Not detected
2026-03-18 23:11:02.031 [main] INFO  [] [] c.m.config.NetworkAutoConfiguration -    Public: 127.0.0.1
2026-03-18 23:11:04.910 [main] INFO  [] [] com.messenger.config.MinioConfig - Initializing MinIO client with endpoint: http://localhost:9000
2026-03-18 23:11:05.069 [main] INFO  [] [] c.m.service.AudioProcessingService - 🎵 Audio Processing Service initialized
2026-03-18 23:11:05.070 [main] INFO  [] [] c.m.service.AudioProcessingService -    Sample Rate: 48000 Hz
2026-03-18 23:11:05.070 [main] INFO  [] [] c.m.service.AudioProcessingService -    Channels: 2
2026-03-18 23:11:05.070 [main] INFO  [] [] c.m.service.AudioProcessingService -    Frame Size: 480 samples (10 ms)
2026-03-18 23:11:05.070 [main] INFO  [] [] c.m.service.AudioProcessingService -    Features: Noise Suppression, Echo Cancellation, Limiter
2026-03-18 23:11:05.085 [main] INFO  [] [] c.m.service.FileStorageService - Initializing MinIO bucket 'messenger-files' with public read policy
2026-03-18 23:11:05.262 [main] ERROR [] [] c.m.service.FileStorageService - Failed to initialize MinIO bucket
java.net.ConnectException: Failed to connect to localhost/[0:0:0:0:0:0:0:1]:9000
	at okhttp3.internal.connection.RealConnection.connectSocket(RealConnection.kt:297)
	at okhttp3.internal.connection.RealConnection.connect(RealConnection.kt:207)
	at okhttp3.internal.connection.ExchangeFinder.findConnection(ExchangeFinder.kt:226)
	at okhttp3.internal.connection.ExchangeFinder.findHealthyConnection(ExchangeFinder.kt:106)
	at okhttp3.internal.connection.ExchangeFinder.find(ExchangeFinder.kt:74)
	at okhttp3.internal.connection.RealCall.initExchange$okhttp(RealCall.kt:255)
	at okhttp3.internal.connection.ConnectInterceptor.intercept(ConnectInterceptor.kt:32)
	at okhttp3.internal.http.RealInterceptorChain.proceed(RealInterceptorChain.kt:109)
	at okhttp3.internal.cache.CacheInterceptor.intercept(CacheInterceptor.kt:95)
	at okhttp3.internal.http.RealInterceptorChain.proceed(RealInterceptorChain.kt:109)
	at okhttp3.internal.http.BridgeInterceptor.intercept(BridgeInterceptor.kt:83)
	at okhttp3.internal.http.RealInterceptorChain.proceed(RealInterceptorChain.kt:109)
	at okhttp3.internal.http.RetryAndFollowUpInterceptor.intercept(RetryAndFollowUpInterceptor.kt:76)
	at okhttp3.internal.http.RealInterceptorChain.proceed(RealInterceptorChain.kt:109)
	at okhttp3.internal.connection.RealCall.getResponseWithInterceptorChain$okhttp(RealCall.kt:201)
	at okhttp3.internal.connection.RealCall$AsyncCall.run(RealCall.kt:517)
	at java.base/java.util.concurrent.ThreadPoolExecutor.runWorker(ThreadPoolExecutor.java:1144)
	at java.base/java.util.concurrent.ThreadPoolExecutor$Worker.run(ThreadPoolExecutor.java:642)
	at java.base/java.lang.Thread.run(Thread.java:1583)
	Suppressed: java.net.ConnectException: Failed to connect to localhost/127.0.0.1:9000
		... 19 common frames omitted
	Caused by: java.net.ConnectException: Connection refused: getsockopt
		at java.base/sun.nio.ch.Net.pollConnect(Native Method)
		at java.base/sun.nio.ch.Net.pollConnectNow(Net.java:682)
		at java.base/sun.nio.ch.NioSocketImpl.timedFinishConnect(NioSocketImpl.java:542)
		at java.base/sun.nio.ch.NioSocketImpl.connect(NioSocketImpl.java:592)
		at java.base/java.net.SocksSocketImpl.connect(SocksSocketImpl.java:327)
		at java.base/java.net.Socket.connect(Socket.java:751)
		at okhttp3.internal.platform.Platform.connectSocket(Platform.kt:128)
		at okhttp3.internal.connection.RealConnection.connectSocket(RealConnection.kt:295)
		... 18 common frames omitted
Caused by: java.net.ConnectException: Connection refused: getsockopt
	at java.base/sun.nio.ch.Net.pollConnect(Native Method)
	at java.base/sun.nio.ch.Net.pollConnectNow(Net.java:682)
	at java.base/sun.nio.ch.NioSocketImpl.timedFinishConnect(NioSocketImpl.java:542)
	at java.base/sun.nio.ch.NioSocketImpl.connect(NioSocketImpl.java:592)
	at java.base/java.net.SocksSocketImpl.connect(SocksSocketImpl.java:327)
	at java.base/java.net.Socket.connect(Socket.java:751)
	at okhttp3.internal.platform.Platform.connectSocket(Platform.kt:128)
	at okhttp3.internal.connection.RealConnection.connectSocket(RealConnection.kt:295)
	... 18 common frames omitted
2026-03-18 23:11:05.357 [main] INFO  [] [] c.m.s.WebRtcConfigurationService - 🎥 WebRTC Configuration Service initialized
2026-03-18 23:11:05.357 [main] INFO  [] [] c.m.s.WebRtcConfigurationService -    Best IP for TURN: 127.0.0.1
2026-03-18 23:11:05.357 [main] INFO  [] [] c.m.s.WebRtcConfigurationService -    Best IP for clients: 127.0.0.1
2026-03-18 23:11:05.719 [main] INFO  [] [] c.m.service.NotificationService - Push notification service initialized with VAPID
2026-03-18 23:11:06.274 [main] WARN  [] [] o.s.b.a.o.j.JpaBaseConfiguration$JpaWebConfiguration - spring.jpa.open-in-view is enabled by default. Therefore, database queries may be performed during view rendering. Explicitly configure spring.jpa.open-in-view to disable this warning
2026-03-18 23:11:06.888 [main] INFO  [] [] com.messenger.config.SecurityConfig - CORS configured for origins: [https://localhost:5173, https://localhost:8443, https://localhost, http://localhost:5173, http://localhost]
2026-03-18 23:11:06.946 [main] INFO  [] [] o.s.s.web.DefaultSecurityFilterChain - Will secure Or [Mvc [pattern='/api/auth/**']] with [org.springframework.security.web.session.DisableEncodeUrlFilter@35e9f652, org.springframework.security.web.context.request.async.WebAsyncManagerIntegrationFilter@7f91a938, org.springframework.security.web.context.SecurityContextHolderFilter@48ea2286, org.springframework.security.web.header.HeaderWriterFilter@5bdd1d43, org.springframework.web.filter.CorsFilter@3800880, org.springframework.security.web.csrf.CsrfFilter@7adce361, org.springframework.security.web.authentication.logout.LogoutFilter@1da91ef9, com.messenger.security.JwtAuthenticationFilter@3111291c, com.messenger.filter.AuthRateLimitFilter@797c3840, org.springframework.security.web.savedrequest.RequestCacheAwareFilter@637c6caa, org.springframework.security.web.servletapi.SecurityContextHolderAwareRequestFilter@39933f34, org.springframework.security.web.authentication.AnonymousAuthenticationFilter@58ef604b, org.springframework.security.web.session.SessionManagementFilter@11c12362, org.springframework.security.web.access.ExceptionTranslationFilter@7501d83, org.springframework.security.web.access.intercept.AuthorizationFilter@140566dc]
2026-03-18 23:11:06.961 [main] INFO  [] [] o.s.s.web.DefaultSecurityFilterChain - Will secure Or [Mvc [pattern='/api/**']] with [org.springframework.security.web.session.DisableEncodeUrlFilter@305410be, org.springframework.security.web.context.request.async.WebAsyncManagerIntegrationFilter@5aa7b3c5, org.springframework.security.web.context.SecurityContextHolderFilter@77c55cc6, org.springframework.security.web.header.HeaderWriterFilter@155d354, org.springframework.web.filter.CorsFilter@38fdd33c, org.springframework.security.web.csrf.CsrfFilter@3e7b836e, org.springframework.security.web.authentication.logout.LogoutFilter@43ed7956, com.messenger.security.JwtAuthenticationFilter@3111291c, org.springframework.security.web.savedrequest.RequestCacheAwareFilter@55acdd62, org.springframework.security.web.servletapi.SecurityContextHolderAwareRequestFilter@3d483fc7, org.springframework.security.web.authentication.AnonymousAuthenticationFilter@625bc31e, org.springframework.security.web.session.SessionManagementFilter@3a1d7336, org.springframework.security.web.access.ExceptionTranslationFilter@1e60d345, org.springframework.security.web.access.intercept.AuthorizationFilter@6ca6db56]
2026-03-18 23:11:06.966 [main] INFO  [] [] o.s.s.web.DefaultSecurityFilterChain - Will secure Or [Mvc [pattern='/ws/**']] with [org.springframework.security.web.session.DisableEncodeUrlFilter@1a9afa77, org.springframework.security.web.context.request.async.WebAsyncManagerIntegrationFilter@47462948, org.springframework.security.web.context.SecurityContextHolderFilter@4bcdfd9b, org.springframework.security.web.header.HeaderWriterFilter@390f4bd3, org.springframework.web.filter.CorsFilter@3b3ef205, org.springframework.security.web.authentication.logout.LogoutFilter@1cc8292d, org.springframework.security.web.savedrequest.RequestCacheAwareFilter@4feea4e2, org.springframework.security.web.servletapi.SecurityContextHolderAwareRequestFilter@cfc2f1f, org.springframework.security.web.authentication.AnonymousAuthenticationFilter@6030c8e7, org.springframework.security.web.session.SessionManagementFilter@5ecd590b, org.springframework.security.web.access.ExceptionTranslationFilter@625ccf77, org.springframework.security.web.access.intercept.AuthorizationFilter@4b5200ed]
2026-03-18 23:11:08.224 [main] INFO  [] [] c.m.config.Utf8EncodingFilter - UTF-8 Encoding Filter initialized
2026-03-18 23:11:08.226 [main] DEBUG [] [] c.messenger.logging.MDCLoggingFilter - Filter 'MDCLoggingFilter' configured for use
2026-03-18 23:11:08.226 [main] DEBUG [] [] c.m.security.RateLimitingFilter - Filter 'rateLimitingFilter' configured for use
2026-03-18 23:11:08.226 [main] DEBUG [] [] c.m.filter.AuthRateLimitFilter - Filter 'authRateLimitFilter' configured for use
2026-03-18 23:11:08.226 [main] DEBUG [] [] c.m.security.JwtAuthenticationFilter - Filter 'jwtAuthenticationFilter' configured for use
2026-03-18 23:11:08.416 [org.springframework.amqp.rabbit.RabbitListenerEndpointContainer#0-1] ERROR [] [] o.s.a.r.l.SimpleMessageListenerContainer - Failed to check/redeclare auto-delete queue(s).
org.springframework.amqp.AmqpConnectException: java.net.ConnectException: Connection refused: getsockopt
	at org.springframework.amqp.rabbit.support.RabbitExceptionTranslator.convertRabbitAccessException(RabbitExceptionTranslator.java:61)
	at org.springframework.amqp.rabbit.connection.AbstractConnectionFactory.createBareConnection(AbstractConnectionFactory.java:594)
	at org.springframework.amqp.rabbit.connection.CachingConnectionFactory.createConnection(CachingConnectionFactory.java:711)
	at org.springframework.amqp.rabbit.connection.ConnectionFactoryUtils.createConnection(ConnectionFactoryUtils.java:257)
	at org.springframework.amqp.rabbit.core.RabbitTemplate.doExecute(RabbitTemplate.java:2225)
	at org.springframework.amqp.rabbit.core.RabbitTemplate.execute(RabbitTemplate.java:2198)
	at org.springframework.amqp.rabbit.core.RabbitTemplate.execute(RabbitTemplate.java:2178)
	at org.springframework.amqp.rabbit.core.RabbitAdmin.getQueueInfo(RabbitAdmin.java:465)
	at org.springframework.amqp.rabbit.core.RabbitAdmin.getQueueProperties(RabbitAdmin.java:449)
	at org.springframework.amqp.rabbit.listener.AbstractMessageListenerContainer.attemptDeclarations(AbstractMessageListenerContainer.java:1936)
	at org.springframework.amqp.rabbit.listener.AbstractMessageListenerContainer.redeclareElementsIfNecessary(AbstractMessageListenerContainer.java:1904)
	at org.springframework.amqp.rabbit.listener.SimpleMessageListenerContainer$AsyncMessageProcessingConsumer.initialize(SimpleMessageListenerContainer.java:1383)
	at org.springframework.amqp.rabbit.listener.SimpleMessageListenerContainer$AsyncMessageProcessingConsumer.run(SimpleMessageListenerContainer.java:1225)
	at java.base/java.lang.Thread.run(Thread.java:1583)
Caused by: java.net.ConnectException: Connection refused: getsockopt
	at java.base/sun.nio.ch.Net.pollConnect(Native Method)
	at java.base/sun.nio.ch.Net.pollConnectNow(Net.java:682)
	at java.base/sun.nio.ch.NioSocketImpl.timedFinishConnect(NioSocketImpl.java:542)
	at java.base/sun.nio.ch.NioSocketImpl.connect(NioSocketImpl.java:592)
	at java.base/java.net.SocksSocketImpl.connect(SocksSocketImpl.java:327)
	at java.base/java.net.Socket.connect(Socket.java:751)
	at com.rabbitmq.client.impl.SocketFrameHandlerFactory.create(SocketFrameHandlerFactory.java:61)
	at com.rabbitmq.client.ConnectionFactory.newConnection(ConnectionFactory.java:1249)
	at com.rabbitmq.client.ConnectionFactory.newConnection(ConnectionFactory.java:1198)
	at org.springframework.amqp.rabbit.connection.AbstractConnectionFactory.connectAddresses(AbstractConnectionFactory.java:632)
	at org.springframework.amqp.rabbit.connection.AbstractConnectionFactory.connect(AbstractConnectionFactory.java:607)
	at org.springframework.amqp.rabbit.connection.AbstractConnectionFactory.createBareConnection(AbstractConnectionFactory.java:557)
	... 12 common frames omitted
2026-03-18 23:11:08.418 [org.springframework.amqp.rabbit.RabbitListenerEndpointContainer#0-5] ERROR [] [] o.s.a.r.l.SimpleMessageListenerContainer - Failed to check/redeclare auto-delete queue(s).
2026-03-18 23:11:08.422 [org.springframework.amqp.rabbit.RabbitListenerEndpointContainer#0-4] ERROR [] [] o.s.a.r.l.SimpleMessageListenerContainer - Failed to check/redeclare auto-delete queue(s).
2026-03-18 23:11:08.444 [org.springframework.amqp.rabbit.RabbitListenerEndpointContainer#0-3] ERROR [] [] o.s.a.r.l.SimpleMessageListenerContainer - Failed to check/redeclare auto-delete queue(s).
2026-03-18 23:11:08.474 [org.springframework.amqp.rabbit.RabbitListenerEndpointContainer#0-2] ERROR [] [] o.s.a.r.l.SimpleMessageListenerContainer - Failed to check/redeclare auto-delete queue(s).
2026-03-18 23:11:08.488 [main] INFO  [] [] c.m.config.SecurityConfigTest - Started SecurityConfigTest in 12.858 seconds (process running for 14.008)
2026-03-18 23:11:08.503 [MessageBroker-1] DEBUG [] [] c.m.service.DeviceHeartbeatScheduler - Running scheduled stale device cleanup
2026-03-18 23:11:08.504 [MessageBroker-6] DEBUG [] [] c.m.service.PresenceScheduler - Refreshing presence cache
2026-03-18 23:11:08.512 [MessageBroker-4] DEBUG [] [] c.m.service.PresenceScheduler - Running scheduled heartbeat check
2026-03-18 23:11:08.514 [MessageBroker-2] INFO  [] [] c.m.service.PinnedMessageService - Running cleanup for expired pinned messages
2026-03-18 23:11:08.708 [MessageBroker-6] DEBUG [] [] c.messenger.service.PresenceService - Refreshed presence cache with 0 entries
2026-03-18 23:11:08.708 [MessageBroker-1] INFO  [] [] com.messenger.service.DeviceService - Cleaned up 0 stale devices
2026-03-18 23:11:08.708 [MessageBroker-2] DEBUG [] [] c.m.service.PinnedMessageService - Deleting old inactive pins before 2026-02-16T20:11:08.708358400Z
2026-03-18 23:11:08.708 [MessageBroker-6] DEBUG [] [] com.messenger.logging.LoggingAspect - [SERVICE] PresenceService.refreshCache() executed in 195ms
2026-03-18 23:11:08.708 [MessageBroker-1] DEBUG [] [] com.messenger.logging.LoggingAspect - [SERVICE] DeviceService.cleanupStaleDevices() executed in 195ms
2026-03-18 23:11:08.713 [MessageBroker-3] INFO  [] [] c.m.service.PresenceScheduler - Presence stats - ONLINE: 0, AWAY: 0, BUSY: 0, OFFLINE: 0
2026-03-18 23:11:08.728 [MessageBroker-2] DEBUG [] [] com.messenger.logging.LoggingAspect - [SERVICE] PinnedMessageService.cleanupExpiredPins() executed in 215ms
2026-03-18 23:11:09.172 [main] WARN  [51696294-fea2-4ba8-bebd-a57abee98bb2] [anonymous] o.s.w.s.h.HandlerMappingIntrospector - Cache miss for REQUEST dispatch to '/api/auth/register' (previous null). Performing MatchableHandlerMapping lookup. This is logged once only at WARN level, and every time at TRACE.
2026-03-18 23:11:09.176 [main] DEBUG [51696294-fea2-4ba8-bebd-a57abee98bb2] [anonymous] o.s.security.web.FilterChainProxy - Securing POST /api/auth/register
2026-03-18 23:11:09.413 [main] WARN  [51696294-fea2-4ba8-bebd-a57abee98bb2] [anonymous] c.m.filter.AuthRateLimitFilter - Redis rate limiting failed, falling back to memory: Unable to connect to Redis
2026-03-18 23:11:09.415 [main] DEBUG [51696294-fea2-4ba8-bebd-a57abee98bb2] [anonymous] o.s.s.w.a.AnonymousAuthenticationFilter - Set SecurityContextHolder to anonymous SecurityContext
2026-03-18 23:11:09.418 [main] DEBUG [51696294-fea2-4ba8-bebd-a57abee98bb2] [anonymous] o.s.security.web.FilterChainProxy - Secured POST /api/auth/register
2026-03-18 23:11:09.519 [main] DEBUG [51696294-fea2-4ba8-bebd-a57abee98bb2] [anonymous] com.messenger.logging.LoggingAspect - [API] User: anonymousUser | AuthController.register() called
2026-03-18 23:11:09.519 [main] INFO  [51696294-fea2-4ba8-bebd-a57abee98bb2] [anonymous] c.m.controller.AuthController - Registration attempt for user: testuser
2026-03-18 23:11:09.522 [main] DEBUG [51696294-fea2-4ba8-bebd-a57abee98bb2] [anonymous] com.messenger.service.AuthService - Starting user registration for: testuser
2026-03-18 23:11:09.950 [main] DEBUG [51696294-fea2-4ba8-bebd-a57abee98bb2] [anonymous] c.messenger.security.PBKDF2Service - Key derived successfully using PBKDF2 (iterations: 100000)
2026-03-18 23:11:09.953 [main] INFO  [51696294-fea2-4ba8-bebd-a57abee98bb2] [anonymous] com.messenger.service.AuthService - Private key encrypted with PBKDF2-derived AES key for user: testuser
2026-03-18 23:11:10.200 [main] INFO  [51696294-fea2-4ba8-bebd-a57abee98bb2] [anonymous] com.messenger.service.AuthService - User registered successfully: testuser
2026-03-18 23:11:10.682 [main] DEBUG [51696294-fea2-4ba8-bebd-a57abee98bb2] [anonymous] o.s.s.a.d.DaoAuthenticationProvider - Authenticated user
2026-03-18 23:11:10.733 [main] INFO  [51696294-fea2-4ba8-bebd-a57abee98bb2] [anonymous] com.messenger.service.AuthService - User testuser logged in successfully (device: null)
2026-03-18 23:11:10.736 [main] DEBUG [51696294-fea2-4ba8-bebd-a57abee98bb2] [anonymous] com.messenger.logging.LoggingAspect - [SERVICE] AuthService.register() executed in 1216ms
2026-03-18 23:11:10.745 [main] DEBUG [51696294-fea2-4ba8-bebd-a57abee98bb2] [anonymous] c.m.controller.AuthController - Auth cookies set successfully
2026-03-18 23:11:10.747 [main] DEBUG [51696294-fea2-4ba8-bebd-a57abee98bb2] [anonymous] com.messenger.logging.LoggingAspect - [API] AuthController.register() completed successfully
2026-03-18 23:11:10.770 [main] DEBUG [d50e8020-066c-4ddb-be18-a3c9cdacdb47] [anonymous] o.s.security.web.FilterChainProxy - Securing GET /api/auth/health
2026-03-18 23:11:10.770 [main] DEBUG [d50e8020-066c-4ddb-be18-a3c9cdacdb47] [anonymous] o.s.s.w.a.AnonymousAuthenticationFilter - Set SecurityContextHolder to anonymous SecurityContext
2026-03-18 23:11:10.771 [main] DEBUG [d50e8020-066c-4ddb-be18-a3c9cdacdb47] [anonymous] o.s.security.web.FilterChainProxy - Secured GET /api/auth/health
2026-03-18 23:11:10.771 [main] DEBUG [d50e8020-066c-4ddb-be18-a3c9cdacdb47] [anonymous] com.messenger.logging.LoggingAspect - [API] User: anonymousUser | AuthController.health() called
2026-03-18 23:11:10.771 [main] DEBUG [d50e8020-066c-4ddb-be18-a3c9cdacdb47] [anonymous] com.messenger.logging.LoggingAspect - [API] AuthController.health() completed successfully
2026-03-18 23:11:10.787 [main] DEBUG [433c8d36-6579-4dd5-9d04-097fc5c19813] [anonymous] o.s.security.web.FilterChainProxy - Securing POST /api/auth/register
2026-03-18 23:11:10.792 [main] WARN  [433c8d36-6579-4dd5-9d04-097fc5c19813] [anonymous] c.m.filter.AuthRateLimitFilter - Redis rate limiting failed, falling back to memory: Unable to connect to Redis
2026-03-18 23:11:10.792 [main] DEBUG [433c8d36-6579-4dd5-9d04-097fc5c19813] [anonymous] c.m.filter.AuthRateLimitFilter - Rate limit check for ratelimit:register:127.0.0.1: 2/3 attempts
2026-03-18 23:11:10.792 [main] DEBUG [433c8d36-6579-4dd5-9d04-097fc5c19813] [anonymous] o.s.s.w.a.AnonymousAuthenticationFilter - Set SecurityContextHolder to anonymous SecurityContext
2026-03-18 23:11:10.792 [main] DEBUG [433c8d36-6579-4dd5-9d04-097fc5c19813] [anonymous] o.s.security.web.FilterChainProxy - Secured POST /api/auth/register
2026-03-18 23:11:10.793 [main] DEBUG [433c8d36-6579-4dd5-9d04-097fc5c19813] [anonymous] com.messenger.logging.LoggingAspect - [API] User: anonymousUser | AuthController.register() called
2026-03-18 23:11:10.793 [main] INFO  [433c8d36-6579-4dd5-9d04-097fc5c19813] [anonymous] c.m.controller.AuthController - Registration attempt for user: testuser
2026-03-18 23:11:10.793 [main] DEBUG [433c8d36-6579-4dd5-9d04-097fc5c19813] [anonymous] com.messenger.service.AuthService - Starting user registration for: testuser
2026-03-18 23:11:10.960 [main] DEBUG [433c8d36-6579-4dd5-9d04-097fc5c19813] [anonymous] c.messenger.security.PBKDF2Service - Key derived successfully using PBKDF2 (iterations: 100000)
2026-03-18 23:11:10.961 [main] INFO  [433c8d36-6579-4dd5-9d04-097fc5c19813] [anonymous] com.messenger.service.AuthService - Private key encrypted with PBKDF2-derived AES key for user: testuser
2026-03-18 23:11:11.192 [main] INFO  [433c8d36-6579-4dd5-9d04-097fc5c19813] [anonymous] com.messenger.service.AuthService - User registered successfully: testuser
2026-03-18 23:11:11.410 [main] DEBUG [433c8d36-6579-4dd5-9d04-097fc5c19813] [anonymous] o.s.s.a.d.DaoAuthenticationProvider - Authenticated user
2026-03-18 23:11:11.413 [main] INFO  [433c8d36-6579-4dd5-9d04-097fc5c19813] [anonymous] com.messenger.service.AuthService - User testuser logged in successfully (device: null)
2026-03-18 23:11:11.413 [main] DEBUG [433c8d36-6579-4dd5-9d04-097fc5c19813] [anonymous] com.messenger.logging.LoggingAspect - [SERVICE] AuthService.register() executed in 620ms
2026-03-18 23:11:11.414 [main] DEBUG [433c8d36-6579-4dd5-9d04-097fc5c19813] [anonymous] c.m.controller.AuthController - Auth cookies set successfully
2026-03-18 23:11:11.414 [main] DEBUG [433c8d36-6579-4dd5-9d04-097fc5c19813] [anonymous] com.messenger.logging.LoggingAspect - [API] AuthController.register() completed successfully
2026-03-18 23:11:11.416 [main] DEBUG [7d16c722-c057-450f-b31b-b41346afcfe1] [anonymous] o.s.security.web.FilterChainProxy - Securing OPTIONS /api/chats
2026-03-18 23:11:11.422 [main] DEBUG [d838f9ae-4fb9-47b2-a0f4-5b136ac23076] [anonymous] o.s.security.web.FilterChainProxy - Securing POST /api/auth/register
2026-03-18 23:11:11.428 [main] WARN  [d838f9ae-4fb9-47b2-a0f4-5b136ac23076] [anonymous] c.m.filter.AuthRateLimitFilter - Redis rate limiting failed, falling back to memory: Unable to connect to Redis
2026-03-18 23:11:11.428 [main] DEBUG [d838f9ae-4fb9-47b2-a0f4-5b136ac23076] [anonymous] c.m.filter.AuthRateLimitFilter - Rate limit check for ratelimit:register:127.0.0.1: 3/3 attempts
2026-03-18 23:11:11.428 [main] DEBUG [d838f9ae-4fb9-47b2-a0f4-5b136ac23076] [anonymous] o.s.s.w.a.AnonymousAuthenticationFilter - Set SecurityContextHolder to anonymous SecurityContext
2026-03-18 23:11:11.429 [main] DEBUG [d838f9ae-4fb9-47b2-a0f4-5b136ac23076] [anonymous] o.s.security.web.FilterChainProxy - Secured POST /api/auth/register
2026-03-18 23:11:11.430 [main] DEBUG [d838f9ae-4fb9-47b2-a0f4-5b136ac23076] [anonymous] com.messenger.logging.LoggingAspect - [API] User: anonymousUser | AuthController.register() called
2026-03-18 23:11:11.430 [main] INFO  [d838f9ae-4fb9-47b2-a0f4-5b136ac23076] [anonymous] c.m.controller.AuthController - Registration attempt for user: testuser
2026-03-18 23:11:11.431 [main] DEBUG [d838f9ae-4fb9-47b2-a0f4-5b136ac23076] [anonymous] com.messenger.service.AuthService - Starting user registration for: testuser
2026-03-18 23:11:11.725 [main] DEBUG [d838f9ae-4fb9-47b2-a0f4-5b136ac23076] [anonymous] c.messenger.security.PBKDF2Service - Key derived successfully using PBKDF2 (iterations: 100000)
2026-03-18 23:11:11.725 [main] INFO  [d838f9ae-4fb9-47b2-a0f4-5b136ac23076] [anonymous] com.messenger.service.AuthService - Private key encrypted with PBKDF2-derived AES key for user: testuser
2026-03-18 23:11:11.967 [main] INFO  [d838f9ae-4fb9-47b2-a0f4-5b136ac23076] [anonymous] com.messenger.service.AuthService - User registered successfully: testuser
2026-03-18 23:11:12.221 [main] DEBUG [d838f9ae-4fb9-47b2-a0f4-5b136ac23076] [anonymous] o.s.s.a.d.DaoAuthenticationProvider - Authenticated user
2026-03-18 23:11:12.226 [main] INFO  [d838f9ae-4fb9-47b2-a0f4-5b136ac23076] [anonymous] com.messenger.service.AuthService - User testuser logged in successfully (device: null)
2026-03-18 23:11:12.226 [main] DEBUG [d838f9ae-4fb9-47b2-a0f4-5b136ac23076] [anonymous] com.messenger.logging.LoggingAspect - [SERVICE] AuthService.register() executed in 795ms
2026-03-18 23:11:12.226 [main] DEBUG [d838f9ae-4fb9-47b2-a0f4-5b136ac23076] [anonymous] c.m.controller.AuthController - Auth cookies set successfully
2026-03-18 23:11:12.226 [main] DEBUG [d838f9ae-4fb9-47b2-a0f4-5b136ac23076] [anonymous] com.messenger.logging.LoggingAspect - [API] AuthController.register() completed successfully
2026-03-18 23:11:12.228 [main] DEBUG [d7cdbf2e-4624-4a28-93b3-4a87b69c3a4b] [anonymous] o.s.security.web.FilterChainProxy - Securing POST /api/auth/login
2026-03-18 23:11:12.233 [main] WARN  [d7cdbf2e-4624-4a28-93b3-4a87b69c3a4b] [anonymous] c.m.filter.AuthRateLimitFilter - Redis rate limiting failed, falling back to memory: Unable to connect to Redis
2026-03-18 23:11:12.233 [main] DEBUG [d7cdbf2e-4624-4a28-93b3-4a87b69c3a4b] [anonymous] o.s.s.w.a.AnonymousAuthenticationFilter - Set SecurityContextHolder to anonymous SecurityContext
2026-03-18 23:11:12.233 [main] DEBUG [d7cdbf2e-4624-4a28-93b3-4a87b69c3a4b] [anonymous] o.s.security.web.FilterChainProxy - Secured POST /api/auth/login
2026-03-18 23:11:12.238 [main] DEBUG [d7cdbf2e-4624-4a28-93b3-4a87b69c3a4b] [anonymous] com.messenger.logging.LoggingAspect - [API] User: anonymousUser | AuthController.login() called
2026-03-18 23:11:12.238 [main] INFO  [d7cdbf2e-4624-4a28-93b3-4a87b69c3a4b] [anonymous] c.m.controller.AuthController - Login attempt for user: testuser
2026-03-18 23:11:12.238 [main] INFO  [d7cdbf2e-4624-4a28-93b3-4a87b69c3a4b] [anonymous] c.m.controller.AuthController - Login request - username: testuser, deviceId: null, deviceName: null
2026-03-18 23:11:12.479 [main] DEBUG [d7cdbf2e-4624-4a28-93b3-4a87b69c3a4b] [anonymous] o.s.s.a.d.DaoAuthenticationProvider - Authenticated user
2026-03-18 23:11:12.485 [main] INFO  [d7cdbf2e-4624-4a28-93b3-4a87b69c3a4b] [anonymous] com.messenger.service.AuthService - User testuser logged in successfully (device: null)
2026-03-18 23:11:12.486 [main] DEBUG [d7cdbf2e-4624-4a28-93b3-4a87b69c3a4b] [anonymous] com.messenger.logging.LoggingAspect - [SERVICE] AuthService.login() executed in 248ms
2026-03-18 23:11:12.486 [main] DEBUG [d7cdbf2e-4624-4a28-93b3-4a87b69c3a4b] [anonymous] c.m.controller.AuthController - Auth cookies set successfully
2026-03-18 23:11:12.486 [main] INFO  [d7cdbf2e-4624-4a28-93b3-4a87b69c3a4b] [anonymous] c.m.controller.AuthController - Login successful for user: testuser
2026-03-18 23:11:12.486 [main] DEBUG [d7cdbf2e-4624-4a28-93b3-4a87b69c3a4b] [anonymous] com.messenger.logging.LoggingAspect - [API] AuthController.login() completed successfully
2026-03-18 23:11:12.532 [main] DEBUG [9801b2f1-a04a-43e5-891e-616613eee0d4] [anonymous] o.s.security.web.FilterChainProxy - Securing POST /api/auth/register
2026-03-18 23:11:12.535 [main] WARN  [9801b2f1-a04a-43e5-891e-616613eee0d4] [anonymous] c.m.filter.AuthRateLimitFilter - Redis rate limiting failed, falling back to memory: Unable to connect to Redis
2026-03-18 23:11:12.535 [main] WARN  [9801b2f1-a04a-43e5-891e-616613eee0d4] [anonymous] c.m.filter.AuthRateLimitFilter - Rate limit exceeded for ratelimit:register:127.0.0.1: 4 attempts
2026-03-18 23:11:12.536 [main] WARN  [9801b2f1-a04a-43e5-891e-616613eee0d4] [anonymous] c.m.filter.AuthRateLimitFilter - Rate limit response sent: retry after 60 seconds
2026-03-18 23:11:12.546 [main] DEBUG [1f1a3a6b-c44d-472f-8941-ab125409df15] [anonymous] o.s.security.web.FilterChainProxy - Securing POST /api/auth/register
2026-03-18 23:11:12.552 [main] WARN  [1f1a3a6b-c44d-472f-8941-ab125409df15] [anonymous] c.m.filter.AuthRateLimitFilter - Redis rate limiting failed, falling back to memory: Unable to connect to Redis
2026-03-18 23:11:12.552 [main] WARN  [1f1a3a6b-c44d-472f-8941-ab125409df15] [anonymous] c.m.filter.AuthRateLimitFilter - Rate limit exceeded for ratelimit:register:127.0.0.1: 5 attempts
2026-03-18 23:11:12.553 [main] WARN  [1f1a3a6b-c44d-472f-8941-ab125409df15] [anonymous] c.m.filter.AuthRateLimitFilter - Rate limit response sent: retry after 60 seconds
2026-03-18 23:11:12.565 [main] DEBUG [4e4c0821-b47a-4f7b-b4d3-bb6365558c21] [testuser] o.s.security.web.FilterChainProxy - Securing POST /api/auth/register
2026-03-18 23:11:12.572 [main] WARN  [4e4c0821-b47a-4f7b-b4d3-bb6365558c21] [testuser] c.m.filter.AuthRateLimitFilter - Redis rate limiting failed, falling back to memory: Unable to connect to Redis
2026-03-18 23:11:12.573 [main] WARN  [4e4c0821-b47a-4f7b-b4d3-bb6365558c21] [testuser] c.m.filter.AuthRateLimitFilter - Rate limit exceeded for ratelimit:register:127.0.0.1: 6 attempts
2026-03-18 23:11:12.573 [main] WARN  [4e4c0821-b47a-4f7b-b4d3-bb6365558c21] [testuser] c.m.filter.AuthRateLimitFilter - Rate limit response sent: retry after 60 seconds
2026-03-18 23:11:12.577 [main] DEBUG [a3357a44-fc62-49fb-8fe3-9bfff0738b55] [anonymous] o.s.security.web.FilterChainProxy - Securing POST /api/auth/register
2026-03-18 23:11:12.584 [main] WARN  [a3357a44-fc62-49fb-8fe3-9bfff0738b55] [anonymous] c.m.filter.AuthRateLimitFilter - Redis rate limiting failed, falling back to memory: Unable to connect to Redis
2026-03-18 23:11:12.584 [main] WARN  [a3357a44-fc62-49fb-8fe3-9bfff0738b55] [anonymous] c.m.filter.AuthRateLimitFilter - Rate limit exceeded for ratelimit:register:127.0.0.1: 7 attempts
2026-03-18 23:11:12.584 [main] WARN  [a3357a44-fc62-49fb-8fe3-9bfff0738b55] [anonymous] c.m.filter.AuthRateLimitFilter - Rate limit response sent: retry after 60 seconds
2026-03-18 23:11:12.588 [main] DEBUG [d29fedc5-0d88-4ca2-a87f-f1bc31aa8772] [anonymous] o.s.security.web.FilterChainProxy - Securing POST /api/auth/register
2026-03-18 23:11:12.593 [main] WARN  [d29fedc5-0d88-4ca2-a87f-f1bc31aa8772] [anonymous] c.m.filter.AuthRateLimitFilter - Redis rate limiting failed, falling back to memory: Unable to connect to Redis
2026-03-18 23:11:12.593 [main] WARN  [d29fedc5-0d88-4ca2-a87f-f1bc31aa8772] [anonymous] c.m.filter.AuthRateLimitFilter - Rate limit exceeded for ratelimit:register:127.0.0.1: 8 attempts
2026-03-18 23:11:12.593 [main] WARN  [d29fedc5-0d88-4ca2-a87f-f1bc31aa8772] [anonymous] c.m.filter.AuthRateLimitFilter - Rate limit response sent: retry after 60 seconds
2026-03-18 23:11:12.604 [main] DEBUG [bf863d7e-1f19-4720-a2f2-dea069874330] [anonymous] o.s.security.web.FilterChainProxy - Securing POST /api/auth/register
2026-03-18 23:11:12.608 [main] WARN  [bf863d7e-1f19-4720-a2f2-dea069874330] [anonymous] c.m.filter.AuthRateLimitFilter - Redis rate limiting failed, falling back to memory: Unable to connect to Redis
2026-03-18 23:11:12.608 [main] WARN  [bf863d7e-1f19-4720-a2f2-dea069874330] [anonymous] c.m.filter.AuthRateLimitFilter - Rate limit exceeded for ratelimit:register:127.0.0.1: 9 attempts
2026-03-18 23:11:12.608 [main] WARN  [bf863d7e-1f19-4720-a2f2-dea069874330] [anonymous] c.m.filter.AuthRateLimitFilter - Rate limit response sent: retry after 60 seconds
2026-03-18 23:11:13.158 [main] DEBUG [] [] c.m.filter.AuthRateLimitFilter - Rate limit check for ratelimit:login:203.0.113.5: 2/5 attempts
2026-03-18 23:11:13.158 [main] DEBUG [] [] c.m.filter.AuthRateLimitFilter - Rate limit check for ratelimit:login:203.0.113.5: 3/5 attempts
2026-03-18 23:11:13.158 [main] DEBUG [] [] c.m.filter.AuthRateLimitFilter - Rate limit check for ratelimit:login:203.0.113.5: 4/5 attempts
2026-03-18 23:11:13.159 [main] DEBUG [] [] c.m.filter.AuthRateLimitFilter - Rate limit check for ratelimit:login:203.0.113.5: 5/5 attempts
2026-03-18 23:11:13.159 [main] WARN  [] [] c.m.filter.AuthRateLimitFilter - Rate limit exceeded for ratelimit:login:203.0.113.5: 6 attempts
2026-03-18 23:11:13.160 [main] WARN  [] [] c.m.filter.AuthRateLimitFilter - Rate limit response sent: retry after 60 seconds
2026-03-18 23:11:13.192 [main] DEBUG [] [] c.m.filter.AuthRateLimitFilter - Rate limit check for ratelimit:login:192.168.1.1: 2/5 attempts
2026-03-18 23:11:13.193 [main] DEBUG [] [] c.m.filter.AuthRateLimitFilter - Rate limit check for ratelimit:login:192.168.1.1: 3/5 attempts
2026-03-18 23:11:13.193 [main] DEBUG [] [] c.m.filter.AuthRateLimitFilter - Rate limit check for ratelimit:login:192.168.1.1: 4/5 attempts
2026-03-18 23:11:13.194 [main] DEBUG [] [] c.m.filter.AuthRateLimitFilter - Rate limit check for ratelimit:login:192.168.1.1: 5/5 attempts
2026-03-18 23:11:13.194 [main] WARN  [] [] c.m.filter.AuthRateLimitFilter - Rate limit exceeded for ratelimit:login:192.168.1.1: 6 attempts
2026-03-18 23:11:13.195 [main] WARN  [] [] c.m.filter.AuthRateLimitFilter - Rate limit response sent: retry after 60 seconds
2026-03-18 23:11:13.196 [main] DEBUG [] [] c.m.filter.AuthRateLimitFilter - Rate limit check for ratelimit:register:192.168.1.1: 2/3 attempts
2026-03-18 23:11:13.196 [main] DEBUG [] [] c.m.filter.AuthRateLimitFilter - Rate limit check for ratelimit:register:192.168.1.1: 3/3 attempts
2026-03-18 23:11:13.196 [main] WARN  [] [] c.m.filter.AuthRateLimitFilter - Rate limit exceeded for ratelimit:register:192.168.1.1: 4 attempts
2026-03-18 23:11:13.197 [main] WARN  [] [] c.m.filter.AuthRateLimitFilter - Rate limit response sent: retry after 60 seconds
2026-03-18 23:11:13.201 [main] DEBUG [] [] c.m.filter.AuthRateLimitFilter - Rate limit check for ratelimit:login:192.168.1.1: 2/5 attempts
2026-03-18 23:11:13.202 [main] DEBUG [] [] c.m.filter.AuthRateLimitFilter - Rate limit check for ratelimit:login:192.168.1.1: 3/5 attempts
2026-03-18 23:11:13.202 [main] DEBUG [] [] c.m.filter.AuthRateLimitFilter - Rate limit check for ratelimit:login:192.168.1.1: 4/5 attempts
2026-03-18 23:11:13.202 [main] DEBUG [] [] c.m.filter.AuthRateLimitFilter - Rate limit check for ratelimit:login:192.168.1.1: 5/5 attempts
2026-03-18 23:11:13.251 [main] DEBUG [] [] c.m.filter.AuthRateLimitFilter - Rate limit check for ratelimit:login:192.168.1.1: 2/5 attempts
2026-03-18 23:11:13.252 [main] DEBUG [] [] c.m.filter.AuthRateLimitFilter - Rate limit check for ratelimit:login:192.168.1.1: 3/5 attempts
2026-03-18 23:11:13.252 [main] DEBUG [] [] c.m.filter.AuthRateLimitFilter - Rate limit check for ratelimit:login:192.168.1.1: 4/5 attempts
2026-03-18 23:11:13.253 [main] DEBUG [] [] c.m.filter.AuthRateLimitFilter - Rate limit check for ratelimit:login:192.168.1.1: 5/5 attempts
2026-03-18 23:11:13.253 [main] WARN  [] [] c.m.filter.AuthRateLimitFilter - Rate limit exceeded for ratelimit:login:192.168.1.1: 6 attempts
2026-03-18 23:11:13.256 [main] WARN  [] [] c.m.filter.AuthRateLimitFilter - Rate limit response sent: retry after 60 seconds
2026-03-18 23:11:13.263 [main] DEBUG [] [] c.m.filter.AuthRateLimitFilter - Rate limit check for ratelimit:login:192.168.1.1: 2/5 attempts
2026-03-18 23:11:13.263 [main] DEBUG [] [] c.m.filter.AuthRateLimitFilter - Rate limit check for ratelimit:login:192.168.1.1: 3/5 attempts
2026-03-18 23:11:13.263 [main] DEBUG [] [] c.m.filter.AuthRateLimitFilter - Rate limit check for ratelimit:login:192.168.1.1: 4/5 attempts
2026-03-18 23:11:13.263 [main] DEBUG [] [] c.m.filter.AuthRateLimitFilter - Rate limit check for ratelimit:login:192.168.1.1: 5/5 attempts
2026-03-18 23:11:13.264 [main] WARN  [] [] c.m.filter.AuthRateLimitFilter - Rate limit exceeded for ratelimit:login:192.168.1.1: 6 attempts
2026-03-18 23:11:13.264 [main] WARN  [] [] c.m.filter.AuthRateLimitFilter - Rate limit response sent: retry after 60 seconds
2026-03-18 23:11:13.276 [main] DEBUG [] [] c.m.filter.AuthRateLimitFilter - Rate limit check for ratelimit:login:192.168.1.1: 2/5 attempts
2026-03-18 23:11:13.276 [main] DEBUG [] [] c.m.filter.AuthRateLimitFilter - Rate limit check for ratelimit:login:192.168.1.1: 3/5 attempts
2026-03-18 23:11:13.277 [main] DEBUG [] [] c.m.filter.AuthRateLimitFilter - Rate limit check for ratelimit:login:192.168.1.1: 4/5 attempts
2026-03-18 23:11:13.277 [main] DEBUG [] [] c.m.filter.AuthRateLimitFilter - Rate limit check for ratelimit:login:192.168.1.1: 5/5 attempts
2026-03-18 23:11:13.278 [main] DEBUG [] [] c.m.filter.AuthRateLimitFilter - Rate limit check for ratelimit:login:192.168.1.2: 2/5 attempts
2026-03-18 23:11:13.278 [main] DEBUG [] [] c.m.filter.AuthRateLimitFilter - Rate limit check for ratelimit:login:192.168.1.2: 3/5 attempts
2026-03-18 23:11:13.278 [main] DEBUG [] [] c.m.filter.AuthRateLimitFilter - Rate limit check for ratelimit:login:192.168.1.2: 4/5 attempts
2026-03-18 23:11:13.278 [main] DEBUG [] [] c.m.filter.AuthRateLimitFilter - Rate limit check for ratelimit:login:192.168.1.2: 5/5 attempts
2026-03-18 23:11:13.360 [main] ERROR [] [] c.m.security.JwtTokenProvider - Invalid JWT token
2026-03-18 23:11:13.462 [main] DEBUG [] [] c.messenger.security.PBKDF2Service - Key derived successfully using PBKDF2 (iterations: 100000)
2026-03-18 23:11:13.492 [main] DEBUG [] [] c.messenger.security.PBKDF2Service - Key derived successfully using PBKDF2 (iterations: 100000)
2026-03-18 23:11:13.496 [org.springframework.amqp.rabbit.RabbitListenerEndpointContainer#0-4] WARN  [] [] o.s.a.r.l.SimpleMessageListenerContainer - Consumer raised exception, processing can restart if the connection factory supports it. Exception summary: org.springframework.amqp.AmqpConnectException: java.net.ConnectException: Connection refused: getsockopt
2026-03-18 23:11:13.496 [org.springframework.amqp.rabbit.RabbitListenerEndpointContainer#0-1] WARN  [] [] o.s.a.r.l.SimpleMessageListenerContainer - Consumer raised exception, processing can restart if the connection factory supports it. Exception summary: org.springframework.amqp.AmqpConnectException: java.net.ConnectException: Connection refused: getsockopt
2026-03-18 23:11:13.510 [org.springframework.amqp.rabbit.RabbitListenerEndpointContainer#0-5] WARN  [] [] o.s.a.r.l.SimpleMessageListenerContainer - Consumer raised exception, processing can restart if the connection factory supports it. Exception summary: org.springframework.amqp.AmqpConnectException: java.net.ConnectException: Connection refused: getsockopt
2026-03-18 23:11:13.511 [org.springframework.amqp.rabbit.RabbitListenerEndpointContainer#0-6] ERROR [] [] o.s.a.r.l.SimpleMessageListenerContainer - Failed to check/redeclare auto-delete queue(s).
2026-03-18 23:11:13.513 [main] DEBUG [] [] c.messenger.security.PBKDF2Service - Key derived successfully using PBKDF2 (iterations: 100000)
2026-03-18 23:11:13.514 [org.springframework.amqp.rabbit.RabbitListenerEndpointContainer#0-7] ERROR [] [] o.s.a.r.l.SimpleMessageListenerContainer - Failed to check/redeclare auto-delete queue(s).
2026-03-18 23:11:13.529 [org.springframework.amqp.rabbit.RabbitListenerEndpointContainer#0-8] ERROR [] [] o.s.a.r.l.SimpleMessageListenerContainer - Failed to check/redeclare auto-delete queue(s).
2026-03-18 23:11:13.536 [main] DEBUG [] [] c.messenger.security.PBKDF2Service - Key derived successfully using PBKDF2 (iterations: 100000)
2026-03-18 23:11:13.560 [main] DEBUG [] [] c.messenger.security.PBKDF2Service - Key derived successfully using PBKDF2 (iterations: 100000)
2026-03-18 23:11:13.583 [main] DEBUG [] [] c.messenger.security.PBKDF2Service - Key derived successfully using PBKDF2 (iterations: 100000)
2026-03-18 23:11:13.605 [main] DEBUG [] [] c.messenger.security.PBKDF2Service - Key derived successfully using PBKDF2 (iterations: 100000)
2026-03-18 23:11:13.636 [main] DEBUG [] [] c.messenger.security.PBKDF2Service - Key derived successfully using PBKDF2 (iterations: 100000)
2026-03-18 23:11:13.637 [org.springframework.amqp.rabbit.RabbitListenerEndpointContainer#0-2] WARN  [] [] o.s.a.r.l.SimpleMessageListenerContainer - Consumer raised exception, processing can restart if the connection factory supports it. Exception summary: org.springframework.amqp.AmqpConnectException: java.net.ConnectException: Connection refused: getsockopt
2026-03-18 23:11:13.640 [main] ERROR [] [] c.messenger.security.PBKDF2Service - Invalid salt encoding
java.lang.IllegalArgumentException: Illegal base64 character 2d
	at java.base/java.util.Base64$Decoder.decode0(Base64.java:852)
	at java.base/java.util.Base64$Decoder.decode(Base64.java:570)
	at java.base/java.util.Base64$Decoder.decode(Base64.java:593)
	at com.messenger.security.PBKDF2Service.deriveKeyFromPassword(PBKDF2Service.java:50)
	at com.messenger.security.PBKDF2ServiceTest.lambda$testDeriveKeyWithInvalidSalt$0(PBKDF2ServiceTest.java:178)
	at org.junit.jupiter.api.AssertThrows.assertThrows(AssertThrows.java:53)
	at org.junit.jupiter.api.AssertThrows.assertThrows(AssertThrows.java:35)
	at org.junit.jupiter.api.Assertions.assertThrows(Assertions.java:3115)
	at com.messenger.security.PBKDF2ServiceTest.testDeriveKeyWithInvalidSalt(PBKDF2ServiceTest.java:177)
	at java.base/jdk.internal.reflect.DirectMethodHandleAccessor.invoke(DirectMethodHandleAccessor.java:103)
	at java.base/java.lang.reflect.Method.invoke(Method.java:580)
	at org.junit.platform.commons.util.ReflectionUtils.invokeMethod(ReflectionUtils.java:728)
	at org.junit.jupiter.engine.execution.MethodInvocation.proceed(MethodInvocation.java:60)
	at org.junit.jupiter.engine.execution.InvocationInterceptorChain$ValidatingInvocation.proceed(InvocationInterceptorChain.java:131)
	at org.junit.jupiter.engine.extension.TimeoutExtension.intercept(TimeoutExtension.java:156)
	at org.junit.jupiter.engine.extension.TimeoutExtension.interceptTestableMethod(TimeoutExtension.java:147)
	at org.junit.jupiter.engine.extension.TimeoutExtension.interceptTestMethod(TimeoutExtension.java:86)
	at org.junit.jupiter.engine.execution.InterceptingExecutableInvoker$ReflectiveInterceptorCall.lambda$ofVoidMethod$0(InterceptingExecutableInvoker.java:103)
	at org.junit.jupiter.engine.execution.InterceptingExecutableInvoker.lambda$invoke$0(InterceptingExecutableInvoker.java:93)
	at org.junit.jupiter.engine.execution.InvocationInterceptorChain$InterceptedInvocation.proceed(InvocationInterceptorChain.java:106)
	at org.junit.jupiter.engine.execution.InvocationInterceptorChain.proceed(InvocationInterceptorChain.java:64)
	at org.junit.jupiter.engine.execution.InvocationInterceptorChain.chainAndInvoke(InvocationInterceptorChain.java:45)
	at org.junit.jupiter.engine.execution.InvocationInterceptorChain.invoke(InvocationInterceptorChain.java:37)
	at org.junit.jupiter.engine.execution.InterceptingExecutableInvoker.invoke(InterceptingExecutableInvoker.java:92)
	at org.junit.jupiter.engine.execution.InterceptingExecutableInvoker.invoke(InterceptingExecutableInvoker.java:86)
	at org.junit.jupiter.engine.descriptor.TestMethodTestDescriptor.lambda$invokeTestMethod$7(TestMethodTestDescriptor.java:218)
	at org.junit.platform.engine.support.hierarchical.ThrowableCollector.execute(ThrowableCollector.java:73)
	at org.junit.jupiter.engine.descriptor.TestMethodTestDescriptor.invokeTestMethod(TestMethodTestDescriptor.java:214)
	at org.junit.jupiter.engine.descriptor.TestMethodTestDescriptor.execute(TestMethodTestDescriptor.java:139)
	at org.junit.jupiter.engine.descriptor.TestMethodTestDescriptor.execute(TestMethodTestDescriptor.java:69)
	at org.junit.platform.engine.support.hierarchical.NodeTestTask.lambda$executeRecursively$6(NodeTestTask.java:151)
	at org.junit.platform.engine.support.hierarchical.ThrowableCollector.execute(ThrowableCollector.java:73)
	at org.junit.platform.engine.support.hierarchical.NodeTestTask.lambda$executeRecursively$8(NodeTestTask.java:141)
	at org.junit.platform.engine.support.hierarchical.Node.around(Node.java:137)
	at org.junit.platform.engine.support.hierarchical.NodeTestTask.lambda$executeRecursively$9(NodeTestTask.java:139)
	at org.junit.platform.engine.support.hierarchical.ThrowableCollector.execute(ThrowableCollector.java:73)
	at org.junit.platform.engine.support.hierarchical.NodeTestTask.executeRecursively(NodeTestTask.java:138)
	at org.junit.platform.engine.support.hierarchical.NodeTestTask.execute(NodeTestTask.java:95)
	at java.base/java.util.ArrayList.forEach(ArrayList.java:1596)
	at org.junit.platform.engine.support.hierarchical.SameThreadHierarchicalTestExecutorService.invokeAll(SameThreadHierarchicalTestExecutorService.java:41)
	at org.junit.platform.engine.support.hierarchical.NodeTestTask.lambda$executeRecursively$6(NodeTestTask.java:155)
	at org.junit.platform.engine.support.hierarchical.ThrowableCollector.execute(ThrowableCollector.java:73)
	at org.junit.platform.engine.support.hierarchical.NodeTestTask.lambda$executeRecursively$8(NodeTestTask.java:141)
	at org.junit.platform.engine.support.hierarchical.Node.around(Node.java:137)
	at org.junit.platform.engine.support.hierarchical.NodeTestTask.lambda$executeRecursively$9(NodeTestTask.java:139)
	at org.junit.platform.engine.support.hierarchical.ThrowableCollector.execute(ThrowableCollector.java:73)
	at org.junit.platform.engine.support.hierarchical.NodeTestTask.executeRecursively(NodeTestTask.java:138)
	at org.junit.platform.engine.support.hierarchical.NodeTestTask.execute(NodeTestTask.java:95)
	at java.base/java.util.ArrayList.forEach(ArrayList.java:1596)
	at org.junit.platform.engine.support.hierarchical.SameThreadHierarchicalTestExecutorService.invokeAll(SameThreadHierarchicalTestExecutorService.java:41)
	at org.junit.platform.engine.support.hierarchical.NodeTestTask.lambda$executeRecursively$6(NodeTestTask.java:155)
	at org.junit.platform.engine.support.hierarchical.ThrowableCollector.execute(ThrowableCollector.java:73)
	at org.junit.platform.engine.support.hierarchical.NodeTestTask.lambda$executeRecursively$8(NodeTestTask.java:141)
	at org.junit.platform.engine.support.hierarchical.Node.around(Node.java:137)
	at org.junit.platform.engine.support.hierarchical.NodeTestTask.lambda$executeRecursively$9(NodeTestTask.java:139)
	at org.junit.platform.engine.support.hierarchical.ThrowableCollector.execute(ThrowableCollector.java:73)
	at org.junit.platform.engine.support.hierarchical.NodeTestTask.executeRecursively(NodeTestTask.java:138)
	at org.junit.platform.engine.support.hierarchical.NodeTestTask.execute(NodeTestTask.java:95)
	at org.junit.platform.engine.support.hierarchical.SameThreadHierarchicalTestExecutorService.submit(SameThreadHierarchicalTestExecutorService.java:35)
	at org.junit.platform.engine.support.hierarchical.HierarchicalTestExecutor.execute(HierarchicalTestExecutor.java:57)
	at org.junit.platform.engine.support.hierarchical.HierarchicalTestEngine.execute(HierarchicalTestEngine.java:54)
	at org.junit.platform.launcher.core.EngineExecutionOrchestrator.execute(EngineExecutionOrchestrator.java:198)
	at org.junit.platform.launcher.core.EngineExecutionOrchestrator.execute(EngineExecutionOrchestrator.java:169)
	at org.junit.platform.launcher.core.EngineExecutionOrchestrator.execute(EngineExecutionOrchestrator.java:93)
	at org.junit.platform.launcher.core.EngineExecutionOrchestrator.lambda$execute$0(EngineExecutionOrchestrator.java:58)
	at org.junit.platform.launcher.core.EngineExecutionOrchestrator.withInterceptedStreams(EngineExecutionOrchestrator.java:141)
	at org.junit.platform.launcher.core.EngineExecutionOrchestrator.execute(EngineExecutionOrchestrator.java:57)
	at org.junit.platform.launcher.core.DefaultLauncher.execute(DefaultLauncher.java:103)
	at org.junit.platform.launcher.core.DefaultLauncher.execute(DefaultLauncher.java:85)
	at org.junit.platform.launcher.core.DelegatingLauncher.execute(DelegatingLauncher.java:47)
	at org.apache.maven.surefire.junitplatform.LazyLauncher.execute(LazyLauncher.java:56)
	at org.apache.maven.surefire.junitplatform.JUnitPlatformProvider.execute(JUnitPlatformProvider.java:184)
	at org.apache.maven.surefire.junitplatform.JUnitPlatformProvider.invokeAllTests(JUnitPlatformProvider.java:148)
	at org.apache.maven.surefire.junitplatform.JUnitPlatformProvider.invoke(JUnitPlatformProvider.java:122)
	at org.apache.maven.surefire.booter.ForkedBooter.runSuitesInProcess(ForkedBooter.java:385)
	at org.apache.maven.surefire.booter.ForkedBooter.execute(ForkedBooter.java:162)
	at org.apache.maven.surefire.booter.ForkedBooter.run(ForkedBooter.java:507)
	at org.apache.maven.surefire.booter.ForkedBooter.main(ForkedBooter.java:495)
2026-03-18 23:11:13.652 [org.springframework.amqp.rabbit.RabbitListenerEndpointContainer#0-3] WARN  [] [] o.s.a.r.l.SimpleMessageListenerContainer - Consumer raised exception, processing can restart if the connection factory supports it. Exception summary: org.springframework.amqp.AmqpConnectException: java.net.ConnectException: Connection refused: getsockopt
2026-03-18 23:11:13.658 [main] DEBUG [] [] c.messenger.security.PBKDF2Service - Key derived successfully using PBKDF2 (iterations: 100000)
2026-03-18 23:11:13.680 [org.springframework.amqp.rabbit.RabbitListenerEndpointContainer#0-9] ERROR [] [] o.s.a.r.l.SimpleMessageListenerContainer - Failed to check/redeclare auto-delete queue(s).
2026-03-18 23:11:13.691 [main] DEBUG [] [] c.messenger.security.PBKDF2Service - Key derived successfully using PBKDF2 (iterations: 100000)
2026-03-18 23:11:13.702 [org.springframework.amqp.rabbit.RabbitListenerEndpointContainer#0-10] ERROR [] [] o.s.a.r.l.SimpleMessageListenerContainer - Failed to check/redeclare auto-delete queue(s).
2026-03-18 23:11:13.710 [main] DEBUG [] [] c.messenger.security.PBKDF2Service - Key derived successfully using PBKDF2 (iterations: 100000)
2026-03-18 23:11:13.744 [main] DEBUG [] [] c.messenger.security.PBKDF2Service - Key derived successfully using PBKDF2 (iterations: 100000)
2026-03-18 23:11:13.886 [main] INFO  [] [] c.m.service.FileStorageService - getFileUrl called: minioPublicUrl=, bucketName=messenger-files, fileName=files/test/file.jpg
2026-03-18 23:11:13.890 [main] INFO  [] [] c.m.service.FileStorageService - Generated presigned URL: http://presigned-url.com/file.jpg
2026-03-18 23:11:13.938 [main] INFO  [] [] c.m.service.FileStorageService - Created bucket: messenger-files
2026-03-18 23:11:13.942 [main] INFO  [] [] c.m.service.FileStorageService - Set bucket 'messenger-files' policy to public read
2026-03-18 23:11:14.045 [main] WARN  [] [] c.m.service.FileStorageService - Failed to generate thumbnail for files/test-user/5abb4ac6-36d8-47ac-ba41-e67cc872ffdc.jpg: No suitable ImageReader found for source data.
2026-03-18 23:11:14.045 [main] INFO  [] [] c.m.service.FileStorageService - File uploaded successfully: files/test-user/5abb4ac6-36d8-47ac-ba41-e67cc872ffdc.jpg
2026-03-18 23:11:14.048 [main] INFO  [] [] c.m.service.FileStorageService - Set bucket 'messenger-files' policy to public read
2026-03-18 23:11:14.049 [main] WARN  [] [] c.m.service.FileStorageService - Failed to generate thumbnail for files/test-user/72683e1a-8297-4c57-9cab-33e5176591b4.jpg: No suitable ImageReader found for source data.
2026-03-18 23:11:14.049 [main] INFO  [] [] c.m.service.FileStorageService - File uploaded successfully: files/test-user/72683e1a-8297-4c57-9cab-33e5176591b4.jpg
2026-03-18 23:11:14.066 [main] INFO  [] [] c.m.service.FileStorageService - File deleted: files/test/file.jpg
2026-03-18 23:11:14.867 [SpringApplicationShutdownHook] INFO  [] [] com.zaxxer.hikari.HikariDataSource - HikariPool-1 - Shutdown initiated...
2026-03-18 23:11:14.877 [SpringApplicationShutdownHook] INFO  [] [] com.zaxxer.hikari.HikariDataSource - HikariPool-1 - Shutdown completed.
2026-03-18 23:11:51.569 [background-preinit] INFO  [] [] o.h.validator.internal.util.Version - HV000001: Hibernate Validator 8.0.1.Final
2026-03-18 23:11:51.598 [main] INFO  [] [] c.m.config.SecurityConfigTest - Starting SecurityConfigTest using Java 21.0.2 with PID 48396 (started by koval in C:\Users\koval\messenger-app)
2026-03-18 23:11:51.601 [main] DEBUG [] [] c.m.config.SecurityConfigTest - Running with Spring Boot v3.2.0, Spring v6.1.1
2026-03-18 23:11:51.601 [main] INFO  [] [] c.m.config.SecurityConfigTest - The following 1 profile is active: "test"
2026-03-18 23:11:54.508 [main] INFO  [] [] com.zaxxer.hikari.HikariDataSource - HikariPool-1 - Starting...
2026-03-18 23:11:54.657 [main] INFO  [] [] com.zaxxer.hikari.pool.HikariPool - HikariPool-1 - Added connection conn0: url=jdbc:h2:mem:testdb user=SA
2026-03-18 23:11:54.658 [main] INFO  [] [] com.zaxxer.hikari.HikariDataSource - HikariPool-1 - Start completed.
2026-03-18 23:11:54.704 [main] INFO  [] [] liquibase.database - Set default schema name to PUBLIC
2026-03-18 23:11:55.230 [main] INFO  [] [] liquibase.changelog - Creating database history table with name: PUBLIC.DATABASECHANGELOG
2026-03-18 23:11:55.399 [main] INFO  [] [] liquibase.changelog - Reading from PUBLIC.DATABASECHANGELOG
2026-03-18 23:11:55.496 [main] INFO  [] [] liquibase.lockservice - Successfully acquired change log lock
2026-03-18 23:11:55.497 [main] INFO  [] [] liquibase.command - Using deploymentId: 3864715497
2026-03-18 23:11:55.498 [main] INFO  [] [] liquibase.changelog - Reading from PUBLIC.DATABASECHANGELOG
2026-03-18 23:11:55.567 [main] INFO  [] [] liquibase.changelog - Table users created
2026-03-18 23:11:55.568 [main] INFO  [] [] liquibase.changelog - ChangeSet db/changelog/db.changelog-master.xml::1::messenger ran successfully in 10ms
2026-03-18 23:11:55.583 [main] INFO  [] [] liquibase.changelog - Table chats created
2026-03-18 23:11:55.583 [main] INFO  [] [] liquibase.changelog - ChangeSet db/changelog/db.changelog-master.xml::2::messenger ran successfully in 7ms
2026-03-18 23:11:55.588 [main] INFO  [] [] liquibase.changelog - Table user_chats created
2026-03-18 23:11:55.594 [main] INFO  [] [] liquibase.changelog - Unique constraint added to user_chats(user_id, chat_id)
2026-03-18 23:11:55.594 [main] INFO  [] [] liquibase.changelog - ChangeSet db/changelog/db.changelog-master.xml::3::messenger ran successfully in 9ms
2026-03-18 23:11:55.603 [main] INFO  [] [] liquibase.changelog - Table messages created
2026-03-18 23:11:55.604 [main] INFO  [] [] liquibase.changelog - Index idx_messages_chat_created created
2026-03-18 23:11:55.604 [main] INFO  [] [] liquibase.changelog - Index idx_messages_sender created
2026-03-18 23:11:55.604 [main] INFO  [] [] liquibase.changelog - ChangeSet db/changelog/db.changelog-master.xml::4::messenger ran successfully in 7ms
2026-03-18 23:11:55.610 [main] INFO  [] [] liquibase.changelog - Table file_attachments created
2026-03-18 23:11:55.611 [main] INFO  [] [] liquibase.changelog - Unique constraint added to file_attachments(message_id)
2026-03-18 23:11:55.611 [main] INFO  [] [] liquibase.changelog - ChangeSet db/changelog/db.changelog-master.xml::5::messenger ran successfully in 4ms
2026-03-18 23:11:55.617 [main] INFO  [] [] liquibase.changelog - Table voice_messages created
2026-03-18 23:11:55.618 [main] INFO  [] [] liquibase.changelog - Unique constraint added to voice_messages(message_id)
2026-03-18 23:11:55.618 [main] INFO  [] [] liquibase.changelog - ChangeSet db/changelog/db.changelog-master.xml::6::messenger ran successfully in 4ms
2026-03-18 23:11:55.624 [main] INFO  [] [] liquibase.changelog - Table message_status created
2026-03-18 23:11:55.624 [main] INFO  [] [] liquibase.changelog - Unique constraint added to message_status(message_id, user_id)
2026-03-18 23:11:55.625 [main] INFO  [] [] liquibase.changelog - Index idx_status_user created
2026-03-18 23:11:55.625 [main] INFO  [] [] liquibase.changelog - ChangeSet db/changelog/db.changelog-master.xml::7::messenger ran successfully in 5ms
2026-03-18 23:11:55.633 [main] INFO  [] [] liquibase.changelog - Table video_conferences created
2026-03-18 23:11:55.633 [main] INFO  [] [] liquibase.changelog - Index idx_conference_chat created
2026-03-18 23:11:55.633 [main] INFO  [] [] liquibase.changelog - ChangeSet db/changelog/db.changelog-master.xml::8::messenger ran successfully in 5ms
2026-03-18 23:11:55.637 [main] INFO  [] [] liquibase.changelog - Table conference_participants created
2026-03-18 23:11:55.638 [main] INFO  [] [] liquibase.changelog - Index idx_participant_conference created
2026-03-18 23:11:55.638 [main] INFO  [] [] liquibase.changelog - ChangeSet db/changelog/db.changelog-master.xml::9::messenger ran successfully in 2ms
2026-03-18 23:11:55.650 [main] INFO  [] [] liquibase.changelog - Table devices created
2026-03-18 23:11:55.655 [main] INFO  [] [] liquibase.changelog - Index idx_devices_user created
2026-03-18 23:11:55.656 [main] INFO  [] [] liquibase.changelog - Index idx_devices_online created
2026-03-18 23:11:55.657 [main] INFO  [] [] liquibase.changelog - Index idx_devices_heartbeat created
2026-03-18 23:11:55.657 [main] INFO  [] [] liquibase.changelog - ChangeSet db/changelog/db.changelog-master.xml::10::messenger ran successfully in 12ms
2026-03-18 23:11:55.660 [main] INFO  [] [] liquibase.changelog - Index idx_users_username created
2026-03-18 23:11:55.660 [main] INFO  [] [] liquibase.changelog - Index idx_users_email created
2026-03-18 23:11:55.661 [main] INFO  [] [] liquibase.changelog - Index idx_devices_user_id created
2026-03-18 23:11:55.661 [main] INFO  [] [] liquibase.changelog - Index idx_devices_device_id created
2026-03-18 23:11:55.661 [main] INFO  [] [] liquibase.changelog - ChangeSet db/changelog/db.changelog-master.xml::add-indexes::developer ran successfully in 1ms
2026-03-18 23:11:55.667 [main] INFO  [] [] liquibase.changelog - Table message_mentions created
2026-03-18 23:11:55.667 [main] INFO  [] [] liquibase.changelog - Index idx_mentions_user created
2026-03-18 23:11:55.667 [main] INFO  [] [] liquibase.changelog - ChangeSet db/changelog/db.changelog-master.xml::message-mentions::developer ran successfully in 3ms
2026-03-18 23:11:55.668 [main] INFO  [] [] liquibase.changelog - ChangeSet db/changelog/db.changelog-master.xml::fix-voice-message-id-type::developer ran successfully in 0ms
2026-03-18 23:11:55.674 [main] INFO  [] [] liquibase.util - UPDATE SUMMARY
2026-03-18 23:11:55.674 [main] INFO  [] [] liquibase.util - Run:                         13
2026-03-18 23:11:55.674 [main] INFO  [] [] liquibase.util - Previously run:               0
2026-03-18 23:11:55.674 [main] INFO  [] [] liquibase.util - Filtered out:                 0
2026-03-18 23:11:55.674 [main] INFO  [] [] liquibase.util - -------------------------------
2026-03-18 23:11:55.674 [main] INFO  [] [] liquibase.util - Total change sets:           13
2026-03-18 23:11:55.674 [main] INFO  [] [] liquibase.util - Update summary generated
2026-03-18 23:11:55.676 [main] INFO  [] [] liquibase.command - Update command completed successfully.
2026-03-18 23:11:55.679 [main] INFO  [] [] liquibase.lockservice - Successfully released change log lock
2026-03-18 23:11:55.679 [main] INFO  [] [] liquibase.command - Command execution complete
2026-03-18 23:11:55.869 [main] INFO  [] [] o.h.jpa.internal.util.LogHelper - HHH000204: Processing PersistenceUnitInfo [name: default]
2026-03-18 23:11:55.947 [main] INFO  [] [] org.hibernate.Version - HHH000412: Hibernate ORM core version 6.3.1.Final
2026-03-18 23:11:55.972 [main] INFO  [] [] o.h.c.i.RegionFactoryInitiator - HHH000026: Second-level cache disabled
2026-03-18 23:11:56.201 [main] WARN  [] [] org.hibernate.dialect.Dialect - HHH000511: The 2.2.0 version for [org.hibernate.dialect.PostgreSQLDialect] is no longer supported, hence certain features may not work properly. The minimum supported version is 11.0.0. Check the community dialects project for available legacy versions.
2026-03-18 23:11:56.205 [main] WARN  [] [] org.hibernate.orm.deprecation - HHH90000025: PostgreSQLDialect does not need to be specified explicitly using 'hibernate.dialect' (remove the property setting and it will be selected by default)
2026-03-18 23:11:57.129 [main] INFO  [] [] o.h.e.t.j.p.i.JtaPlatformInitiator - HHH000489: No JTA platform available (set 'hibernate.transaction.jta.platform' to enable JTA platform integration)
2026-03-18 23:11:57.181 [main] WARN  [] [] o.h.t.s.i.ExceptionHandlerLoggedImpl - GenerationTarget encountered exception accepting command : Error executing DDL "
    create index idx_mention_timestamp 
       on message_mentions (timestamp)" via JDBC [Столбец "TIMESTAMP" не найден
Column "TIMESTAMP" not found;]
org.hibernate.tool.schema.spi.CommandAcceptanceException: Error executing DDL "
    create index idx_mention_timestamp 
       on message_mentions (timestamp)" via JDBC [Столбец "TIMESTAMP" не найден
Column "TIMESTAMP" not found;]
	at org.hibernate.tool.schema.internal.exec.GenerationTargetToDatabase.accept(GenerationTargetToDatabase.java:94)
	at org.hibernate.tool.schema.internal.Helper.applySqlString(Helper.java:233)
	at org.hibernate.tool.schema.internal.Helper.applySqlStrings(Helper.java:217)
	at org.hibernate.tool.schema.internal.SchemaCreatorImpl.createTableConstraints(SchemaCreatorImpl.java:383)
	at org.hibernate.tool.schema.internal.SchemaCreatorImpl.createSequencesTablesConstraints(SchemaCreatorImpl.java:351)
	at org.hibernate.tool.schema.internal.SchemaCreatorImpl.createFromMetadata(SchemaCreatorImpl.java:239)
	at org.hibernate.tool.schema.internal.SchemaCreatorImpl.performCreation(SchemaCreatorImpl.java:172)
	at org.hibernate.tool.schema.internal.SchemaCreatorImpl.doCreation(SchemaCreatorImpl.java:142)
	at org.hibernate.tool.schema.internal.SchemaCreatorImpl.doCreation(SchemaCreatorImpl.java:118)
	at org.hibernate.tool.schema.spi.SchemaManagementToolCoordinator.performDatabaseAction(SchemaManagementToolCoordinator.java:256)
	at org.hibernate.tool.schema.spi.SchemaManagementToolCoordinator.lambda$process$5(SchemaManagementToolCoordinator.java:145)
	at java.base/java.util.HashMap.forEach(HashMap.java:1429)
	at org.hibernate.tool.schema.spi.SchemaManagementToolCoordinator.process(SchemaManagementToolCoordinator.java:142)
	at org.hibernate.boot.internal.SessionFactoryObserverForSchemaExport.sessionFactoryCreated(SessionFactoryObserverForSchemaExport.java:37)
	at org.hibernate.internal.SessionFactoryObserverChain.sessionFactoryCreated(SessionFactoryObserverChain.java:35)
	at org.hibernate.internal.SessionFactoryImpl.<init>(SessionFactoryImpl.java:295)
	at org.hibernate.boot.internal.SessionFactoryBuilderImpl.build(SessionFactoryBuilderImpl.java:450)
	at org.hibernate.jpa.boot.internal.EntityManagerFactoryBuilderImpl.build(EntityManagerFactoryBuilderImpl.java:1507)
	at org.springframework.orm.jpa.vendor.SpringHibernateJpaPersistenceProvider.createContainerEntityManagerFactory(SpringHibernateJpaPersistenceProvider.java:75)
	at org.springframework.orm.jpa.LocalContainerEntityManagerFactoryBean.createNativeEntityManagerFactory(LocalContainerEntityManagerFactoryBean.java:376)
	at org.springframework.orm.jpa.AbstractEntityManagerFactoryBean.buildNativeEntityManagerFactory(AbstractEntityManagerFactoryBean.java:409)
	at org.springframework.orm.jpa.AbstractEntityManagerFactoryBean.afterPropertiesSet(AbstractEntityManagerFactoryBean.java:396)
	at org.springframework.orm.jpa.LocalContainerEntityManagerFactoryBean.afterPropertiesSet(LocalContainerEntityManagerFactoryBean.java:352)
	at org.springframework.beans.factory.support.AbstractAutowireCapableBeanFactory.invokeInitMethods(AbstractAutowireCapableBeanFactory.java:1822)
	at org.springframework.beans.factory.support.AbstractAutowireCapableBeanFactory.initializeBean(AbstractAutowireCapableBeanFactory.java:1771)
	at org.springframework.beans.factory.support.AbstractAutowireCapableBeanFactory.doCreateBean(AbstractAutowireCapableBeanFactory.java:601)
	at org.springframework.beans.factory.support.AbstractAutowireCapableBeanFactory.createBean(AbstractAutowireCapableBeanFactory.java:523)
	at org.springframework.beans.factory.support.AbstractBeanFactory.lambda$doGetBean$0(AbstractBeanFactory.java:325)
	at org.springframework.beans.factory.support.DefaultSingletonBeanRegistry.getSingleton(DefaultSingletonBeanRegistry.java:234)
	at org.springframework.beans.factory.support.AbstractBeanFactory.doGetBean(AbstractBeanFactory.java:323)
	at org.springframework.beans.factory.support.AbstractBeanFactory.getBean(AbstractBeanFactory.java:199)
	at org.springframework.context.support.AbstractApplicationContext.getBean(AbstractApplicationContext.java:1173)
	at org.springframework.context.support.AbstractApplicationContext.finishBeanFactoryInitialization(AbstractApplicationContext.java:936)
	at org.springframework.context.support.AbstractApplicationContext.refresh(AbstractApplicationContext.java:616)
	at org.springframework.boot.SpringApplication.refresh(SpringApplication.java:753)
	at org.springframework.boot.SpringApplication.refreshContext(SpringApplication.java:455)
	at org.springframework.boot.SpringApplication.run(SpringApplication.java:323)
	at org.springframework.boot.test.context.SpringBootContextLoader.lambda$loadContext$3(SpringBootContextLoader.java:137)
	at org.springframework.util.function.ThrowingSupplier.get(ThrowingSupplier.java:58)
	at org.springframework.util.function.ThrowingSupplier.get(ThrowingSupplier.java:46)
	at org.springframework.boot.SpringApplication.withHook(SpringApplication.java:1442)
	at org.springframework.boot.test.context.SpringBootContextLoader$ContextLoaderHook.run(SpringBootContextLoader.java:552)
	at org.springframework.boot.test.context.SpringBootContextLoader.loadContext(SpringBootContextLoader.java:137)
	at org.springframework.boot.test.context.SpringBootContextLoader.loadContext(SpringBootContextLoader.java:108)
	at org.springframework.test.context.cache.DefaultCacheAwareContextLoaderDelegate.loadContextInternal(DefaultCacheAwareContextLoaderDelegate.java:225)
	at org.springframework.test.context.cache.DefaultCacheAwareContextLoaderDelegate.loadContext(DefaultCacheAwareContextLoaderDelegate.java:152)
	at org.springframework.test.context.support.DefaultTestContext.getApplicationContext(DefaultTestContext.java:130)
	at org.springframework.test.context.web.ServletTestExecutionListener.setUpRequestContextIfNecessary(ServletTestExecutionListener.java:191)
	at org.springframework.test.context.web.ServletTestExecutionListener.prepareTestInstance(ServletTestExecutionListener.java:130)
	at org.springframework.test.context.TestContextManager.prepareTestInstance(TestContextManager.java:247)
	at org.springframework.test.context.junit.jupiter.SpringExtension.postProcessTestInstance(SpringExtension.java:163)
	at org.junit.jupiter.engine.descriptor.ClassBasedTestDescriptor.lambda$invokeTestInstancePostProcessors$10(ClassBasedTestDescriptor.java:378)
	at org.junit.jupiter.engine.descriptor.ClassBasedTestDescriptor.executeAndMaskThrowable(ClassBasedTestDescriptor.java:383)
	at org.junit.jupiter.engine.descriptor.ClassBasedTestDescriptor.lambda$invokeTestInstancePostProcessors$11(ClassBasedTestDescriptor.java:378)
	at java.base/java.util.stream.ReferencePipeline$3$1.accept(ReferencePipeline.java:197)
	at java.base/java.util.stream.ReferencePipeline$2$1.accept(ReferencePipeline.java:179)
	at java.base/java.util.ArrayList$ArrayListSpliterator.forEachRemaining(ArrayList.java:1708)
	at java.base/java.util.stream.AbstractPipeline.copyInto(AbstractPipeline.java:509)
	at java.base/java.util.stream.AbstractPipeline.wrapAndCopyInto(AbstractPipeline.java:499)
	at java.base/java.util.stream.StreamSpliterators$WrappingSpliterator.forEachRemaining(StreamSpliterators.java:310)
	at java.base/java.util.stream.Streams$ConcatSpliterator.forEachRemaining(Streams.java:735)
	at java.base/java.util.stream.Streams$ConcatSpliterator.forEachRemaining(Streams.java:734)
	at java.base/java.util.stream.ReferencePipeline$Head.forEach(ReferencePipeline.java:762)
	at org.junit.jupiter.engine.descriptor.ClassBasedTestDescriptor.invokeTestInstancePostProcessors(ClassBasedTestDescriptor.java:377)
	at org.junit.jupiter.engine.descriptor.ClassBasedTestDescriptor.lambda$instantiateAndPostProcessTestInstance$6(ClassBasedTestDescriptor.java:290)
	at org.junit.platform.engine.support.hierarchical.ThrowableCollector.execute(ThrowableCollector.java:73)
	at org.junit.jupiter.engine.descriptor.ClassBasedTestDescriptor.instantiateAndPostProcessTestInstance(ClassBasedTestDescriptor.java:289)
	at org.junit.jupiter.engine.descriptor.ClassBasedTestDescriptor.lambda$testInstancesProvider$4(ClassBasedTestDescriptor.java:279)
	at java.base/java.util.Optional.orElseGet(Optional.java:364)
	at org.junit.jupiter.engine.descriptor.ClassBasedTestDescriptor.lambda$testInstancesProvider$5(ClassBasedTestDescriptor.java:278)
	at org.junit.jupiter.engine.execution.TestInstancesProvider.getTestInstances(TestInstancesProvider.java:31)
	at org.junit.jupiter.engine.descriptor.TestMethodTestDescriptor.lambda$prepare$0(TestMethodTestDescriptor.java:106)
	at org.junit.platform.engine.support.hierarchical.ThrowableCollector.execute(ThrowableCollector.java:73)
	at org.junit.jupiter.engine.descriptor.TestMethodTestDescriptor.prepare(TestMethodTestDescriptor.java:105)
	at org.junit.jupiter.engine.descriptor.TestMethodTestDescriptor.prepare(TestMethodTestDescriptor.java:69)
	at org.junit.platform.engine.support.hierarchical.NodeTestTask.lambda$prepare$2(NodeTestTask.java:123)
	at org.junit.platform.engine.support.hierarchical.ThrowableCollector.execute(ThrowableCollector.java:73)
	at org.junit.platform.engine.support.hierarchical.NodeTestTask.prepare(NodeTestTask.java:123)
	at org.junit.platform.engine.support.hierarchical.NodeTestTask.execute(NodeTestTask.java:90)
	at java.base/java.util.ArrayList.forEach(ArrayList.java:1596)
	at org.junit.platform.engine.support.hierarchical.SameThreadHierarchicalTestExecutorService.invokeAll(SameThreadHierarchicalTestExecutorService.java:41)
	at org.junit.platform.engine.support.hierarchical.NodeTestTask.lambda$executeRecursively$6(NodeTestTask.java:155)
	at org.junit.platform.engine.support.hierarchical.ThrowableCollector.execute(ThrowableCollector.java:73)
	at org.junit.platform.engine.support.hierarchical.NodeTestTask.lambda$executeRecursively$8(NodeTestTask.java:141)
	at org.junit.platform.engine.support.hierarchical.Node.around(Node.java:137)
	at org.junit.platform.engine.support.hierarchical.NodeTestTask.lambda$executeRecursively$9(NodeTestTask.java:139)
	at org.junit.platform.engine.support.hierarchical.ThrowableCollector.execute(ThrowableCollector.java:73)
	at org.junit.platform.engine.support.hierarchical.NodeTestTask.executeRecursively(NodeTestTask.java:138)
	at org.junit.platform.engine.support.hierarchical.NodeTestTask.execute(NodeTestTask.java:95)
	at java.base/java.util.ArrayList.forEach(ArrayList.java:1596)
	at org.junit.platform.engine.support.hierarchical.SameThreadHierarchicalTestExecutorService.invokeAll(SameThreadHierarchicalTestExecutorService.java:41)
	at org.junit.platform.engine.support.hierarchical.NodeTestTask.lambda$executeRecursively$6(NodeTestTask.java:155)
	at org.junit.platform.engine.support.hierarchical.ThrowableCollector.execute(ThrowableCollector.java:73)
	at org.junit.platform.engine.support.hierarchical.NodeTestTask.lambda$executeRecursively$8(NodeTestTask.java:141)
	at org.junit.platform.engine.support.hierarchical.Node.around(Node.java:137)
	at org.junit.platform.engine.support.hierarchical.NodeTestTask.lambda$executeRecursively$9(NodeTestTask.java:139)
	at org.junit.platform.engine.support.hierarchical.ThrowableCollector.execute(ThrowableCollector.java:73)
	at org.junit.platform.engine.support.hierarchical.NodeTestTask.executeRecursively(NodeTestTask.java:138)
	at org.junit.platform.engine.support.hierarchical.NodeTestTask.execute(NodeTestTask.java:95)
	at org.junit.platform.engine.support.hierarchical.SameThreadHierarchicalTestExecutorService.submit(SameThreadHierarchicalTestExecutorService.java:35)
	at org.junit.platform.engine.support.hierarchical.HierarchicalTestExecutor.execute(HierarchicalTestExecutor.java:57)
	at org.junit.platform.engine.support.hierarchical.HierarchicalTestEngine.execute(HierarchicalTestEngine.java:54)
	at org.junit.platform.launcher.core.EngineExecutionOrchestrator.execute(EngineExecutionOrchestrator.java:198)
	at org.junit.platform.launcher.core.EngineExecutionOrchestrator.execute(EngineExecutionOrchestrator.java:169)
	at org.junit.platform.launcher.core.EngineExecutionOrchestrator.execute(EngineExecutionOrchestrator.java:93)
	at org.junit.platform.launcher.core.EngineExecutionOrchestrator.lambda$execute$0(EngineExecutionOrchestrator.java:58)
	at org.junit.platform.launcher.core.EngineExecutionOrchestrator.withInterceptedStreams(EngineExecutionOrchestrator.java:141)
	at org.junit.platform.launcher.core.EngineExecutionOrchestrator.execute(EngineExecutionOrchestrator.java:57)
	at org.junit.platform.launcher.core.DefaultLauncher.execute(DefaultLauncher.java:103)
	at org.junit.platform.launcher.core.DefaultLauncher.execute(DefaultLauncher.java:85)
	at org.junit.platform.launcher.core.DelegatingLauncher.execute(DelegatingLauncher.java:47)
	at org.apache.maven.surefire.junitplatform.LazyLauncher.execute(LazyLauncher.java:56)
	at org.apache.maven.surefire.junitplatform.JUnitPlatformProvider.execute(JUnitPlatformProvider.java:184)
	at org.apache.maven.surefire.junitplatform.JUnitPlatformProvider.invokeAllTests(JUnitPlatformProvider.java:148)
	at org.apache.maven.surefire.junitplatform.JUnitPlatformProvider.invoke(JUnitPlatformProvider.java:122)
	at org.apache.maven.surefire.booter.ForkedBooter.runSuitesInProcess(ForkedBooter.java:385)
	at org.apache.maven.surefire.booter.ForkedBooter.execute(ForkedBooter.java:162)
	at org.apache.maven.surefire.booter.ForkedBooter.run(ForkedBooter.java:507)
	at org.apache.maven.surefire.booter.ForkedBooter.main(ForkedBooter.java:495)
Caused by: org.h2.jdbc.JdbcSQLSyntaxErrorException: Столбец "TIMESTAMP" не найден
Column "TIMESTAMP" not found; SQL statement:

    create index idx_mention_timestamp 
       on message_mentions (time [42122-224]
	at org.h2.message.DbException.getJdbcSQLException(DbException.java:514)
	at org.h2.message.DbException.getJdbcSQLException(DbException.java:489)
	at org.h2.message.DbException.get(DbException.java:223)
	at org.h2.message.DbException.get(DbException.java:199)
	at org.h2.table.Table.getColumn(Table.java:759)
	at org.h2.table.IndexColumn.mapColumns(IndexColumn.java:184)
	at org.h2.command.ddl.CreateIndex.update(CreateIndex.java:104)
	at org.h2.command.CommandContainer.update(CommandContainer.java:169)
	at org.h2.command.Command.executeUpdate(Command.java:256)
	at org.h2.jdbc.JdbcStatement.executeInternal(JdbcStatement.java:262)
	at org.h2.jdbc.JdbcStatement.execute(JdbcStatement.java:231)
	at com.zaxxer.hikari.pool.ProxyStatement.execute(ProxyStatement.java:94)
	at com.zaxxer.hikari.pool.HikariProxyStatement.execute(HikariProxyStatement.java)
	at org.hibernate.tool.schema.internal.exec.GenerationTargetToDatabase.accept(GenerationTargetToDatabase.java:80)
	... 118 common frames omitted
2026-03-18 23:11:57.269 [main] INFO  [] [] c.m.config.NetworkAutoConfiguration - 🌐 Starting network auto-configuration...
2026-03-18 23:11:57.277 [main] INFO  [] [] c.m.config.NetworkAutoConfiguration - 📍 Local IP detected: 192.168.88.183
2026-03-18 23:11:57.281 [main] INFO  [] [] c.m.config.NetworkAutoConfiguration - 🌍 Using configured external IP: 127.0.0.1
2026-03-18 23:11:57.282 [main] INFO  [] [] c.m.config.NetworkAutoConfiguration - 🏷️  Hostname: ZVEZDOLET
2026-03-18 23:11:57.282 [main] INFO  [] [] c.m.config.NetworkAutoConfiguration - ✅ Network auto-configuration completed
2026-03-18 23:11:57.282 [main] INFO  [] [] c.m.config.NetworkAutoConfiguration -    Local:  192.168.88.183
2026-03-18 23:11:57.283 [main] INFO  [] [] c.m.config.NetworkAutoConfiguration -    VPN:    Not detected
2026-03-18 23:11:57.283 [main] INFO  [] [] c.m.config.NetworkAutoConfiguration -    Public: 127.0.0.1
2026-03-18 23:12:00.197 [main] INFO  [] [] com.messenger.config.MinioConfig - Initializing MinIO client with endpoint: http://localhost:9000
2026-03-18 23:12:00.525 [main] INFO  [] [] c.m.service.AudioProcessingService - 🎵 Audio Processing Service initialized
2026-03-18 23:12:00.526 [main] INFO  [] [] c.m.service.AudioProcessingService -    Sample Rate: 48000 Hz
2026-03-18 23:12:00.526 [main] INFO  [] [] c.m.service.AudioProcessingService -    Channels: 2
2026-03-18 23:12:00.526 [main] INFO  [] [] c.m.service.AudioProcessingService -    Frame Size: 480 samples (10 ms)
2026-03-18 23:12:00.527 [main] INFO  [] [] c.m.service.AudioProcessingService -    Features: Noise Suppression, Echo Cancellation, Limiter
2026-03-18 23:12:00.543 [main] INFO  [] [] c.m.service.FileStorageService - Initializing MinIO bucket 'messenger-files' with public read policy
2026-03-18 23:12:00.686 [main] ERROR [] [] c.m.service.FileStorageService - Failed to initialize MinIO bucket
java.net.ConnectException: Failed to connect to localhost/[0:0:0:0:0:0:0:1]:9000
	at okhttp3.internal.connection.RealConnection.connectSocket(RealConnection.kt:297)
	at okhttp3.internal.connection.RealConnection.connect(RealConnection.kt:207)
	at okhttp3.internal.connection.ExchangeFinder.findConnection(ExchangeFinder.kt:226)
	at okhttp3.internal.connection.ExchangeFinder.findHealthyConnection(ExchangeFinder.kt:106)
	at okhttp3.internal.connection.ExchangeFinder.find(ExchangeFinder.kt:74)
	at okhttp3.internal.connection.RealCall.initExchange$okhttp(RealCall.kt:255)
	at okhttp3.internal.connection.ConnectInterceptor.intercept(ConnectInterceptor.kt:32)
	at okhttp3.internal.http.RealInterceptorChain.proceed(RealInterceptorChain.kt:109)
	at okhttp3.internal.cache.CacheInterceptor.intercept(CacheInterceptor.kt:95)
	at okhttp3.internal.http.RealInterceptorChain.proceed(RealInterceptorChain.kt:109)
	at okhttp3.internal.http.BridgeInterceptor.intercept(BridgeInterceptor.kt:83)
	at okhttp3.internal.http.RealInterceptorChain.proceed(RealInterceptorChain.kt:109)
	at okhttp3.internal.http.RetryAndFollowUpInterceptor.intercept(RetryAndFollowUpInterceptor.kt:76)
	at okhttp3.internal.http.RealInterceptorChain.proceed(RealInterceptorChain.kt:109)
	at okhttp3.internal.connection.RealCall.getResponseWithInterceptorChain$okhttp(RealCall.kt:201)
	at okhttp3.internal.connection.RealCall$AsyncCall.run(RealCall.kt:517)
	at java.base/java.util.concurrent.ThreadPoolExecutor.runWorker(ThreadPoolExecutor.java:1144)
	at java.base/java.util.concurrent.ThreadPoolExecutor$Worker.run(ThreadPoolExecutor.java:642)
	at java.base/java.lang.Thread.run(Thread.java:1583)
	Suppressed: java.net.ConnectException: Failed to connect to localhost/127.0.0.1:9000
		... 19 common frames omitted
	Caused by: java.net.ConnectException: Connection refused: getsockopt
		at java.base/sun.nio.ch.Net.pollConnect(Native Method)
		at java.base/sun.nio.ch.Net.pollConnectNow(Net.java:682)
		at java.base/sun.nio.ch.NioSocketImpl.timedFinishConnect(NioSocketImpl.java:542)
		at java.base/sun.nio.ch.NioSocketImpl.connect(NioSocketImpl.java:592)
		at java.base/java.net.SocksSocketImpl.connect(SocksSocketImpl.java:327)
		at java.base/java.net.Socket.connect(Socket.java:751)
		at okhttp3.internal.platform.Platform.connectSocket(Platform.kt:128)
		at okhttp3.internal.connection.RealConnection.connectSocket(RealConnection.kt:295)
		... 18 common frames omitted
Caused by: java.net.ConnectException: Connection refused: getsockopt
	at java.base/sun.nio.ch.Net.pollConnect(Native Method)
	at java.base/sun.nio.ch.Net.pollConnectNow(Net.java:682)
	at java.base/sun.nio.ch.NioSocketImpl.timedFinishConnect(NioSocketImpl.java:542)
	at java.base/sun.nio.ch.NioSocketImpl.connect(NioSocketImpl.java:592)
	at java.base/java.net.SocksSocketImpl.connect(SocksSocketImpl.java:327)
	at java.base/java.net.Socket.connect(Socket.java:751)
	at okhttp3.internal.platform.Platform.connectSocket(Platform.kt:128)
	at okhttp3.internal.connection.RealConnection.connectSocket(RealConnection.kt:295)
	... 18 common frames omitted
2026-03-18 23:12:00.782 [main] INFO  [] [] c.m.s.WebRtcConfigurationService - 🎥 WebRTC Configuration Service initialized
2026-03-18 23:12:00.783 [main] INFO  [] [] c.m.s.WebRtcConfigurationService -    Best IP for TURN: 127.0.0.1
2026-03-18 23:12:00.783 [main] INFO  [] [] c.m.s.WebRtcConfigurationService -    Best IP for clients: 127.0.0.1
2026-03-18 23:12:01.204 [main] INFO  [] [] c.m.service.NotificationService - Push notification service initialized with VAPID
2026-03-18 23:12:01.847 [main] WARN  [] [] o.s.b.a.o.j.JpaBaseConfiguration$JpaWebConfiguration - spring.jpa.open-in-view is enabled by default. Therefore, database queries may be performed during view rendering. Explicitly configure spring.jpa.open-in-view to disable this warning
2026-03-18 23:12:02.522 [main] INFO  [] [] com.messenger.config.SecurityConfig - CORS configured for origins: [https://localhost:5173, https://localhost:8443, https://localhost, http://localhost:5173, http://localhost]
2026-03-18 23:12:02.597 [main] INFO  [] [] o.s.s.web.DefaultSecurityFilterChain - Will secure Or [Mvc [pattern='/api/auth/**']] with [org.springframework.security.web.session.DisableEncodeUrlFilter@22e1969a, org.springframework.security.web.context.request.async.WebAsyncManagerIntegrationFilter@160c4b01, org.springframework.security.web.context.SecurityContextHolderFilter@1fbd28b, org.springframework.security.web.header.HeaderWriterFilter@72949c13, org.springframework.web.filter.CorsFilter@686df31b, org.springframework.security.web.csrf.CsrfFilter@d63c707, org.springframework.security.web.authentication.logout.LogoutFilter@7e216277, com.messenger.security.JwtAuthenticationFilter@2fd44168, com.messenger.filter.AuthRateLimitFilter@5eb9c938, org.springframework.security.web.savedrequest.RequestCacheAwareFilter@43bc1abd, org.springframework.security.web.servletapi.SecurityContextHolderAwareRequestFilter@17f48e49, org.springframework.security.web.authentication.AnonymousAuthenticationFilter@22f21d5f, org.springframework.security.web.session.SessionManagementFilter@107f9c5f, org.springframework.security.web.access.ExceptionTranslationFilter@74280080, org.springframework.security.web.access.intercept.AuthorizationFilter@7d5689a5]
2026-03-18 23:12:02.606 [main] INFO  [] [] o.s.s.web.DefaultSecurityFilterChain - Will secure Or [Mvc [pattern='/api/**']] with [org.springframework.security.web.session.DisableEncodeUrlFilter@3c90340c, org.springframework.security.web.context.request.async.WebAsyncManagerIntegrationFilter@56ce8f7d, org.springframework.security.web.context.SecurityContextHolderFilter@31092e1f, org.springframework.security.web.header.HeaderWriterFilter@7b5cb9e0, org.springframework.web.filter.CorsFilter@1e614026, org.springframework.security.web.csrf.CsrfFilter@14782800, org.springframework.security.web.authentication.logout.LogoutFilter@54b7d06b, com.messenger.security.JwtAuthenticationFilter@2fd44168, org.springframework.security.web.savedrequest.RequestCacheAwareFilter@770f48fd, org.springframework.security.web.servletapi.SecurityContextHolderAwareRequestFilter@69026c45, org.springframework.security.web.authentication.AnonymousAuthenticationFilter@7d862290, org.springframework.security.web.session.SessionManagementFilter@646432bb, org.springframework.security.web.access.ExceptionTranslationFilter@7f8738e3, org.springframework.security.web.access.intercept.AuthorizationFilter@23681d9f]
2026-03-18 23:12:02.613 [main] INFO  [] [] o.s.s.web.DefaultSecurityFilterChain - Will secure Or [Mvc [pattern='/ws/**']] with [org.springframework.security.web.session.DisableEncodeUrlFilter@64c00579, org.springframework.security.web.context.request.async.WebAsyncManagerIntegrationFilter@509d26b8, org.springframework.security.web.context.SecurityContextHolderFilter@42a7d9ef, org.springframework.security.web.header.HeaderWriterFilter@24970845, org.springframework.web.filter.CorsFilter@74d10cc3, org.springframework.security.web.authentication.logout.LogoutFilter@599dae8f, org.springframework.security.web.savedrequest.RequestCacheAwareFilter@1074fef2, org.springframework.security.web.servletapi.SecurityContextHolderAwareRequestFilter@c3d1999, org.springframework.security.web.authentication.AnonymousAuthenticationFilter@1da91ef9, org.springframework.security.web.session.SessionManagementFilter@64a9a688, org.springframework.security.web.access.ExceptionTranslationFilter@42b21667, org.springframework.security.web.access.intercept.AuthorizationFilter@a3c65ad]
2026-03-18 23:12:03.878 [main] INFO  [] [] c.m.config.Utf8EncodingFilter - UTF-8 Encoding Filter initialized
2026-03-18 23:12:03.880 [main] DEBUG [] [] c.messenger.logging.MDCLoggingFilter - Filter 'MDCLoggingFilter' configured for use
2026-03-18 23:12:03.880 [main] DEBUG [] [] c.m.security.RateLimitingFilter - Filter 'rateLimitingFilter' configured for use
2026-03-18 23:12:03.880 [main] DEBUG [] [] c.m.filter.AuthRateLimitFilter - Filter 'authRateLimitFilter' configured for use
2026-03-18 23:12:03.880 [main] DEBUG [] [] c.m.security.JwtAuthenticationFilter - Filter 'jwtAuthenticationFilter' configured for use
2026-03-18 23:12:04.024 [org.springframework.amqp.rabbit.RabbitListenerEndpointContainer#0-1] ERROR [] [] o.s.a.r.l.SimpleMessageListenerContainer - Failed to check/redeclare auto-delete queue(s).
org.springframework.amqp.AmqpConnectException: java.net.ConnectException: Connection refused: getsockopt
	at org.springframework.amqp.rabbit.support.RabbitExceptionTranslator.convertRabbitAccessException(RabbitExceptionTranslator.java:61)
	at org.springframework.amqp.rabbit.connection.AbstractConnectionFactory.createBareConnection(AbstractConnectionFactory.java:594)
	at org.springframework.amqp.rabbit.connection.CachingConnectionFactory.createConnection(CachingConnectionFactory.java:711)
	at org.springframework.amqp.rabbit.connection.ConnectionFactoryUtils.createConnection(ConnectionFactoryUtils.java:257)
	at org.springframework.amqp.rabbit.core.RabbitTemplate.doExecute(RabbitTemplate.java:2225)
	at org.springframework.amqp.rabbit.core.RabbitTemplate.execute(RabbitTemplate.java:2198)
	at org.springframework.amqp.rabbit.core.RabbitTemplate.execute(RabbitTemplate.java:2178)
	at org.springframework.amqp.rabbit.core.RabbitAdmin.getQueueInfo(RabbitAdmin.java:465)
	at org.springframework.amqp.rabbit.core.RabbitAdmin.getQueueProperties(RabbitAdmin.java:449)
	at org.springframework.amqp.rabbit.listener.AbstractMessageListenerContainer.attemptDeclarations(AbstractMessageListenerContainer.java:1936)
	at org.springframework.amqp.rabbit.listener.AbstractMessageListenerContainer.redeclareElementsIfNecessary(AbstractMessageListenerContainer.java:1904)
	at org.springframework.amqp.rabbit.listener.SimpleMessageListenerContainer$AsyncMessageProcessingConsumer.initialize(SimpleMessageListenerContainer.java:1383)
	at org.springframework.amqp.rabbit.listener.SimpleMessageListenerContainer$AsyncMessageProcessingConsumer.run(SimpleMessageListenerContainer.java:1225)
	at java.base/java.lang.Thread.run(Thread.java:1583)
Caused by: java.net.ConnectException: Connection refused: getsockopt
	at java.base/sun.nio.ch.Net.pollConnect(Native Method)
	at java.base/sun.nio.ch.Net.pollConnectNow(Net.java:682)
	at java.base/sun.nio.ch.NioSocketImpl.timedFinishConnect(NioSocketImpl.java:542)
	at java.base/sun.nio.ch.NioSocketImpl.connect(NioSocketImpl.java:592)
	at java.base/java.net.SocksSocketImpl.connect(SocksSocketImpl.java:327)
	at java.base/java.net.Socket.connect(Socket.java:751)
	at com.rabbitmq.client.impl.SocketFrameHandlerFactory.create(SocketFrameHandlerFactory.java:61)
	at com.rabbitmq.client.ConnectionFactory.newConnection(ConnectionFactory.java:1249)
	at com.rabbitmq.client.ConnectionFactory.newConnection(ConnectionFactory.java:1198)
	at org.springframework.amqp.rabbit.connection.AbstractConnectionFactory.connectAddresses(AbstractConnectionFactory.java:632)
	at org.springframework.amqp.rabbit.connection.AbstractConnectionFactory.connect(AbstractConnectionFactory.java:607)
	at org.springframework.amqp.rabbit.connection.AbstractConnectionFactory.createBareConnection(AbstractConnectionFactory.java:557)
	... 12 common frames omitted
2026-03-18 23:12:04.047 [org.springframework.amqp.rabbit.RabbitListenerEndpointContainer#0-2] ERROR [] [] o.s.a.r.l.SimpleMessageListenerContainer - Failed to check/redeclare auto-delete queue(s).
2026-03-18 23:12:04.060 [org.springframework.amqp.rabbit.RabbitListenerEndpointContainer#0-3] ERROR [] [] o.s.a.r.l.SimpleMessageListenerContainer - Failed to check/redeclare auto-delete queue(s).
2026-03-18 23:12:04.072 [org.springframework.amqp.rabbit.RabbitListenerEndpointContainer#0-5] ERROR [] [] o.s.a.r.l.SimpleMessageListenerContainer - Failed to check/redeclare auto-delete queue(s).
2026-03-18 23:12:04.108 [org.springframework.amqp.rabbit.RabbitListenerEndpointContainer#0-4] ERROR [] [] o.s.a.r.l.SimpleMessageListenerContainer - Failed to check/redeclare auto-delete queue(s).
2026-03-18 23:12:04.136 [main] INFO  [] [] c.m.config.SecurityConfigTest - Started SecurityConfigTest in 13.124 seconds (process running for 14.241)
2026-03-18 23:12:04.155 [MessageBroker-5] DEBUG [] [] c.m.service.PresenceScheduler - Refreshing presence cache
2026-03-18 23:12:04.155 [MessageBroker-1] DEBUG [] [] c.m.service.DeviceHeartbeatScheduler - Running scheduled stale device cleanup
2026-03-18 23:12:04.168 [MessageBroker-3] DEBUG [] [] c.m.service.PresenceScheduler - Running scheduled heartbeat check
2026-03-18 23:12:04.173 [MessageBroker-2] INFO  [] [] c.m.service.PinnedMessageService - Running cleanup for expired pinned messages
2026-03-18 23:12:04.371 [MessageBroker-2] DEBUG [] [] c.m.service.PinnedMessageService - Deleting old inactive pins before 2026-02-16T20:12:04.371908500Z
2026-03-18 23:12:04.371 [MessageBroker-5] DEBUG [] [] c.messenger.service.PresenceService - Refreshed presence cache with 0 entries
2026-03-18 23:12:04.371 [MessageBroker-1] INFO  [] [] com.messenger.service.DeviceService - Cleaned up 0 stale devices
2026-03-18 23:12:04.371 [MessageBroker-5] DEBUG [] [] com.messenger.logging.LoggingAspect - [SERVICE] PresenceService.refreshCache() executed in 201ms
2026-03-18 23:12:04.372 [MessageBroker-1] DEBUG [] [] com.messenger.logging.LoggingAspect - [SERVICE] DeviceService.cleanupStaleDevices() executed in 202ms
2026-03-18 23:12:04.374 [MessageBroker-4] INFO  [] [] c.m.service.PresenceScheduler - Presence stats - ONLINE: 0, AWAY: 0, BUSY: 0, OFFLINE: 0
2026-03-18 23:12:04.392 [MessageBroker-2] DEBUG [] [] com.messenger.logging.LoggingAspect - [SERVICE] PinnedMessageService.cleanupExpiredPins() executed in 222ms
2026-03-18 23:12:04.835 [main] WARN  [4342e83f-28b5-41fb-846a-3c4d0dbc8386] [anonymous] o.s.w.s.h.HandlerMappingIntrospector - Cache miss for REQUEST dispatch to '/api/auth/register' (previous null). Performing MatchableHandlerMapping lookup. This is logged once only at WARN level, and every time at TRACE.
2026-03-18 23:12:04.839 [main] DEBUG [4342e83f-28b5-41fb-846a-3c4d0dbc8386] [anonymous] o.s.security.web.FilterChainProxy - Securing POST /api/auth/register
2026-03-18 23:12:05.060 [main] WARN  [4342e83f-28b5-41fb-846a-3c4d0dbc8386] [anonymous] c.m.filter.AuthRateLimitFilter - Redis rate limiting failed, falling back to memory: Unable to connect to Redis
2026-03-18 23:12:05.065 [main] DEBUG [4342e83f-28b5-41fb-846a-3c4d0dbc8386] [anonymous] o.s.s.w.a.AnonymousAuthenticationFilter - Set SecurityContextHolder to anonymous SecurityContext
2026-03-18 23:12:05.067 [main] DEBUG [4342e83f-28b5-41fb-846a-3c4d0dbc8386] [anonymous] o.s.security.web.FilterChainProxy - Secured POST /api/auth/register
2026-03-18 23:12:05.177 [main] DEBUG [4342e83f-28b5-41fb-846a-3c4d0dbc8386] [anonymous] com.messenger.logging.LoggingAspect - [API] User: anonymousUser | AuthController.register() called
2026-03-18 23:12:05.177 [main] INFO  [4342e83f-28b5-41fb-846a-3c4d0dbc8386] [anonymous] c.m.controller.AuthController - Registration attempt for user: testuser
2026-03-18 23:12:05.182 [main] DEBUG [4342e83f-28b5-41fb-846a-3c4d0dbc8386] [anonymous] com.messenger.service.AuthService - Starting user registration for: testuser
2026-03-18 23:12:05.721 [main] DEBUG [4342e83f-28b5-41fb-846a-3c4d0dbc8386] [anonymous] c.messenger.security.PBKDF2Service - Key derived successfully using PBKDF2 (iterations: 100000)
2026-03-18 23:12:05.726 [main] INFO  [4342e83f-28b5-41fb-846a-3c4d0dbc8386] [anonymous] com.messenger.service.AuthService - Private key encrypted with PBKDF2-derived AES key for user: testuser
2026-03-18 23:12:05.968 [main] INFO  [4342e83f-28b5-41fb-846a-3c4d0dbc8386] [anonymous] com.messenger.service.AuthService - User registered successfully: testuser
2026-03-18 23:12:06.426 [main] DEBUG [4342e83f-28b5-41fb-846a-3c4d0dbc8386] [anonymous] o.s.s.a.d.DaoAuthenticationProvider - Authenticated user
2026-03-18 23:12:06.477 [main] INFO  [4342e83f-28b5-41fb-846a-3c4d0dbc8386] [anonymous] com.messenger.service.AuthService - User testuser logged in successfully (device: null)
2026-03-18 23:12:06.496 [main] DEBUG [4342e83f-28b5-41fb-846a-3c4d0dbc8386] [anonymous] com.messenger.logging.LoggingAspect - [SERVICE] AuthService.register() executed in 1302ms
2026-03-18 23:12:06.504 [main] DEBUG [4342e83f-28b5-41fb-846a-3c4d0dbc8386] [anonymous] c.m.controller.AuthController - Auth cookies set successfully
2026-03-18 23:12:06.505 [main] DEBUG [4342e83f-28b5-41fb-846a-3c4d0dbc8386] [anonymous] com.messenger.logging.LoggingAspect - [API] AuthController.register() completed successfully
2026-03-18 23:12:06.525 [main] DEBUG [cc8be49f-23d0-47e9-a040-70a6978f8f98] [anonymous] o.s.security.web.FilterChainProxy - Securing GET /api/auth/health
2026-03-18 23:12:06.526 [main] DEBUG [cc8be49f-23d0-47e9-a040-70a6978f8f98] [anonymous] o.s.s.w.a.AnonymousAuthenticationFilter - Set SecurityContextHolder to anonymous SecurityContext
2026-03-18 23:12:06.526 [main] DEBUG [cc8be49f-23d0-47e9-a040-70a6978f8f98] [anonymous] o.s.security.web.FilterChainProxy - Secured GET /api/auth/health
2026-03-18 23:12:06.527 [main] DEBUG [cc8be49f-23d0-47e9-a040-70a6978f8f98] [anonymous] com.messenger.logging.LoggingAspect - [API] User: anonymousUser | AuthController.health() called
2026-03-18 23:12:06.527 [main] DEBUG [cc8be49f-23d0-47e9-a040-70a6978f8f98] [anonymous] com.messenger.logging.LoggingAspect - [API] AuthController.health() completed successfully
2026-03-18 23:12:06.546 [main] DEBUG [80fa2e1b-480c-4997-b9ec-a2be585a806d] [anonymous] o.s.security.web.FilterChainProxy - Securing POST /api/auth/register
2026-03-18 23:12:06.552 [main] WARN  [80fa2e1b-480c-4997-b9ec-a2be585a806d] [anonymous] c.m.filter.AuthRateLimitFilter - Redis rate limiting failed, falling back to memory: Unable to connect to Redis
2026-03-18 23:12:06.552 [main] DEBUG [80fa2e1b-480c-4997-b9ec-a2be585a806d] [anonymous] o.s.s.w.a.AnonymousAuthenticationFilter - Set SecurityContextHolder to anonymous SecurityContext
2026-03-18 23:12:06.552 [main] DEBUG [80fa2e1b-480c-4997-b9ec-a2be585a806d] [anonymous] o.s.security.web.FilterChainProxy - Secured POST /api/auth/register
2026-03-18 23:12:06.553 [main] DEBUG [80fa2e1b-480c-4997-b9ec-a2be585a806d] [anonymous] com.messenger.logging.LoggingAspect - [API] User: anonymousUser | AuthController.register() called
2026-03-18 23:12:06.553 [main] INFO  [80fa2e1b-480c-4997-b9ec-a2be585a806d] [anonymous] c.m.controller.AuthController - Registration attempt for user: testuser
2026-03-18 23:12:06.553 [main] DEBUG [80fa2e1b-480c-4997-b9ec-a2be585a806d] [anonymous] com.messenger.service.AuthService - Starting user registration for: testuser
2026-03-18 23:12:06.872 [main] DEBUG [80fa2e1b-480c-4997-b9ec-a2be585a806d] [anonymous] c.messenger.security.PBKDF2Service - Key derived successfully using PBKDF2 (iterations: 100000)
2026-03-18 23:12:06.873 [main] INFO  [80fa2e1b-480c-4997-b9ec-a2be585a806d] [anonymous] com.messenger.service.AuthService - Private key encrypted with PBKDF2-derived AES key for user: testuser
2026-03-18 23:12:07.093 [main] INFO  [80fa2e1b-480c-4997-b9ec-a2be585a806d] [anonymous] com.messenger.service.AuthService - User registered successfully: testuser
2026-03-18 23:12:07.321 [main] DEBUG [80fa2e1b-480c-4997-b9ec-a2be585a806d] [anonymous] o.s.s.a.d.DaoAuthenticationProvider - Authenticated user
2026-03-18 23:12:07.325 [main] INFO  [80fa2e1b-480c-4997-b9ec-a2be585a806d] [anonymous] com.messenger.service.AuthService - User testuser logged in successfully (device: null)
2026-03-18 23:12:07.325 [main] DEBUG [80fa2e1b-480c-4997-b9ec-a2be585a806d] [anonymous] com.messenger.logging.LoggingAspect - [SERVICE] AuthService.register() executed in 772ms
2026-03-18 23:12:07.326 [main] DEBUG [80fa2e1b-480c-4997-b9ec-a2be585a806d] [anonymous] c.m.controller.AuthController - Auth cookies set successfully
2026-03-18 23:12:07.326 [main] DEBUG [80fa2e1b-480c-4997-b9ec-a2be585a806d] [anonymous] com.messenger.logging.LoggingAspect - [API] AuthController.register() completed successfully
2026-03-18 23:12:07.330 [main] DEBUG [fc695360-7467-441c-b8ca-6309e2a6d215] [anonymous] o.s.security.web.FilterChainProxy - Securing OPTIONS /api/chats
2026-03-18 23:12:07.337 [main] DEBUG [f4f6f2f1-8b63-41d2-b4b3-5307a49b85b3] [anonymous] o.s.security.web.FilterChainProxy - Securing POST /api/auth/register
2026-03-18 23:12:07.340 [main] WARN  [f4f6f2f1-8b63-41d2-b4b3-5307a49b85b3] [anonymous] c.m.filter.AuthRateLimitFilter - Redis rate limiting failed, falling back to memory: Unable to connect to Redis
2026-03-18 23:12:07.340 [main] DEBUG [f4f6f2f1-8b63-41d2-b4b3-5307a49b85b3] [anonymous] o.s.s.w.a.AnonymousAuthenticationFilter - Set SecurityContextHolder to anonymous SecurityContext
2026-03-18 23:12:07.340 [main] DEBUG [f4f6f2f1-8b63-41d2-b4b3-5307a49b85b3] [anonymous] o.s.security.web.FilterChainProxy - Secured POST /api/auth/register
2026-03-18 23:12:07.342 [main] DEBUG [f4f6f2f1-8b63-41d2-b4b3-5307a49b85b3] [anonymous] com.messenger.logging.LoggingAspect - [API] User: anonymousUser | AuthController.register() called
2026-03-18 23:12:07.342 [main] INFO  [f4f6f2f1-8b63-41d2-b4b3-5307a49b85b3] [anonymous] c.m.controller.AuthController - Registration attempt for user: testuser
2026-03-18 23:12:07.342 [main] DEBUG [f4f6f2f1-8b63-41d2-b4b3-5307a49b85b3] [anonymous] com.messenger.service.AuthService - Starting user registration for: testuser
2026-03-18 23:12:07.609 [main] DEBUG [f4f6f2f1-8b63-41d2-b4b3-5307a49b85b3] [anonymous] c.messenger.security.PBKDF2Service - Key derived successfully using PBKDF2 (iterations: 100000)
2026-03-18 23:12:07.609 [main] INFO  [f4f6f2f1-8b63-41d2-b4b3-5307a49b85b3] [anonymous] com.messenger.service.AuthService - Private key encrypted with PBKDF2-derived AES key for user: testuser
2026-03-18 23:12:07.833 [main] INFO  [f4f6f2f1-8b63-41d2-b4b3-5307a49b85b3] [anonymous] com.messenger.service.AuthService - User registered successfully: testuser
2026-03-18 23:12:08.065 [main] DEBUG [f4f6f2f1-8b63-41d2-b4b3-5307a49b85b3] [anonymous] o.s.s.a.d.DaoAuthenticationProvider - Authenticated user
2026-03-18 23:12:08.067 [main] INFO  [f4f6f2f1-8b63-41d2-b4b3-5307a49b85b3] [anonymous] com.messenger.service.AuthService - User testuser logged in successfully (device: null)
2026-03-18 23:12:08.067 [main] DEBUG [f4f6f2f1-8b63-41d2-b4b3-5307a49b85b3] [anonymous] com.messenger.logging.LoggingAspect - [SERVICE] AuthService.register() executed in 725ms
2026-03-18 23:12:08.067 [main] DEBUG [f4f6f2f1-8b63-41d2-b4b3-5307a49b85b3] [anonymous] c.m.controller.AuthController - Auth cookies set successfully
2026-03-18 23:12:08.067 [main] DEBUG [f4f6f2f1-8b63-41d2-b4b3-5307a49b85b3] [anonymous] com.messenger.logging.LoggingAspect - [API] AuthController.register() completed successfully
2026-03-18 23:12:08.070 [main] DEBUG [16f4a7c8-b191-41f9-abdc-648269154d21] [anonymous] o.s.security.web.FilterChainProxy - Securing POST /api/auth/login
2026-03-18 23:12:08.075 [main] WARN  [16f4a7c8-b191-41f9-abdc-648269154d21] [anonymous] c.m.filter.AuthRateLimitFilter - Redis rate limiting failed, falling back to memory: Unable to connect to Redis
2026-03-18 23:12:08.076 [main] DEBUG [16f4a7c8-b191-41f9-abdc-648269154d21] [anonymous] o.s.s.w.a.AnonymousAuthenticationFilter - Set SecurityContextHolder to anonymous SecurityContext
2026-03-18 23:12:08.076 [main] DEBUG [16f4a7c8-b191-41f9-abdc-648269154d21] [anonymous] o.s.security.web.FilterChainProxy - Secured POST /api/auth/login
2026-03-18 23:12:08.081 [main] DEBUG [16f4a7c8-b191-41f9-abdc-648269154d21] [anonymous] com.messenger.logging.LoggingAspect - [API] User: anonymousUser | AuthController.login() called
2026-03-18 23:12:08.081 [main] INFO  [16f4a7c8-b191-41f9-abdc-648269154d21] [anonymous] c.m.controller.AuthController - Login attempt for user: testuser
2026-03-18 23:12:08.081 [main] INFO  [16f4a7c8-b191-41f9-abdc-648269154d21] [anonymous] c.m.controller.AuthController - Login request - username: testuser, deviceId: null, deviceName: null
2026-03-18 23:12:08.309 [main] DEBUG [16f4a7c8-b191-41f9-abdc-648269154d21] [anonymous] o.s.s.a.d.DaoAuthenticationProvider - Authenticated user
2026-03-18 23:12:08.312 [main] INFO  [16f4a7c8-b191-41f9-abdc-648269154d21] [anonymous] com.messenger.service.AuthService - User testuser logged in successfully (device: null)
2026-03-18 23:12:08.312 [main] DEBUG [16f4a7c8-b191-41f9-abdc-648269154d21] [anonymous] com.messenger.logging.LoggingAspect - [SERVICE] AuthService.login() executed in 231ms
2026-03-18 23:12:08.313 [main] DEBUG [16f4a7c8-b191-41f9-abdc-648269154d21] [anonymous] c.m.controller.AuthController - Auth cookies set successfully
2026-03-18 23:12:08.313 [main] INFO  [16f4a7c8-b191-41f9-abdc-648269154d21] [anonymous] c.m.controller.AuthController - Login successful for user: testuser
2026-03-18 23:12:08.313 [main] DEBUG [16f4a7c8-b191-41f9-abdc-648269154d21] [anonymous] com.messenger.logging.LoggingAspect - [API] AuthController.login() completed successfully
2026-03-18 23:12:08.347 [main] DEBUG [ecdd6f07-463a-4b6e-b6fa-bceeef32d8ad] [anonymous] o.s.security.web.FilterChainProxy - Securing POST /api/auth/register
2026-03-18 23:12:08.351 [main] WARN  [ecdd6f07-463a-4b6e-b6fa-bceeef32d8ad] [anonymous] c.m.filter.AuthRateLimitFilter - Redis rate limiting failed, falling back to memory: Unable to connect to Redis
2026-03-18 23:12:08.351 [main] DEBUG [ecdd6f07-463a-4b6e-b6fa-bceeef32d8ad] [anonymous] o.s.s.w.a.AnonymousAuthenticationFilter - Set SecurityContextHolder to anonymous SecurityContext
2026-03-18 23:12:08.351 [main] DEBUG [ecdd6f07-463a-4b6e-b6fa-bceeef32d8ad] [anonymous] o.s.security.web.FilterChainProxy - Secured POST /api/auth/register
2026-03-18 23:12:08.352 [main] DEBUG [ecdd6f07-463a-4b6e-b6fa-bceeef32d8ad] [anonymous] com.messenger.logging.LoggingAspect - [API] User: anonymousUser | AuthController.register() called
2026-03-18 23:12:08.353 [main] INFO  [ecdd6f07-463a-4b6e-b6fa-bceeef32d8ad] [anonymous] c.m.controller.AuthController - Registration attempt for user: testuser
2026-03-18 23:12:08.353 [main] DEBUG [ecdd6f07-463a-4b6e-b6fa-bceeef32d8ad] [anonymous] com.messenger.service.AuthService - Starting user registration for: testuser
2026-03-18 23:12:08.599 [main] DEBUG [ecdd6f07-463a-4b6e-b6fa-bceeef32d8ad] [anonymous] c.messenger.security.PBKDF2Service - Key derived successfully using PBKDF2 (iterations: 100000)
2026-03-18 23:12:08.600 [main] INFO  [ecdd6f07-463a-4b6e-b6fa-bceeef32d8ad] [anonymous] com.messenger.service.AuthService - Private key encrypted with PBKDF2-derived AES key for user: testuser
2026-03-18 23:12:08.822 [main] INFO  [ecdd6f07-463a-4b6e-b6fa-bceeef32d8ad] [anonymous] com.messenger.service.AuthService - User registered successfully: testuser
2026-03-18 23:12:09.053 [main] DEBUG [ecdd6f07-463a-4b6e-b6fa-bceeef32d8ad] [anonymous] o.s.s.a.d.DaoAuthenticationProvider - Authenticated user
2026-03-18 23:12:09.058 [main] INFO  [ecdd6f07-463a-4b6e-b6fa-bceeef32d8ad] [anonymous] com.messenger.service.AuthService - User testuser logged in successfully (device: null)
2026-03-18 23:12:09.059 [main] DEBUG [ecdd6f07-463a-4b6e-b6fa-bceeef32d8ad] [anonymous] com.messenger.logging.LoggingAspect - [SERVICE] AuthService.register() executed in 706ms
2026-03-18 23:12:09.059 [main] DEBUG [ecdd6f07-463a-4b6e-b6fa-bceeef32d8ad] [anonymous] c.m.controller.AuthController - Auth cookies set successfully
2026-03-18 23:12:09.059 [main] DEBUG [ecdd6f07-463a-4b6e-b6fa-bceeef32d8ad] [anonymous] com.messenger.logging.LoggingAspect - [API] AuthController.register() completed successfully
2026-03-18 23:12:09.060 [main] DEBUG [4519f445-8c05-4b64-9384-ad18d20e1e59] [anonymous] o.s.security.web.FilterChainProxy - Securing GET /api/auth/health
2026-03-18 23:12:09.060 [main] DEBUG [4519f445-8c05-4b64-9384-ad18d20e1e59] [anonymous] o.s.s.w.a.AnonymousAuthenticationFilter - Set SecurityContextHolder to anonymous SecurityContext
2026-03-18 23:12:09.060 [main] DEBUG [4519f445-8c05-4b64-9384-ad18d20e1e59] [anonymous] o.s.security.web.FilterChainProxy - Secured GET /api/auth/health
2026-03-18 23:12:09.061 [main] DEBUG [4519f445-8c05-4b64-9384-ad18d20e1e59] [anonymous] com.messenger.logging.LoggingAspect - [API] User: anonymousUser | AuthController.health() called
2026-03-18 23:12:09.061 [main] DEBUG [4519f445-8c05-4b64-9384-ad18d20e1e59] [anonymous] com.messenger.logging.LoggingAspect - [API] AuthController.health() completed successfully
2026-03-18 23:12:09.065 [main] DEBUG [2a56cb90-efd7-4bff-97b8-18330d6e4aa1] [anonymous] o.s.security.web.FilterChainProxy - Securing POST /api/auth/register
2026-03-18 23:12:09.068 [main] WARN  [2a56cb90-efd7-4bff-97b8-18330d6e4aa1] [anonymous] c.m.filter.AuthRateLimitFilter - Redis rate limiting failed, falling back to memory: Unable to connect to Redis
2026-03-18 23:12:09.068 [main] DEBUG [2a56cb90-efd7-4bff-97b8-18330d6e4aa1] [anonymous] o.s.s.w.a.AnonymousAuthenticationFilter - Set SecurityContextHolder to anonymous SecurityContext
2026-03-18 23:12:09.068 [main] DEBUG [2a56cb90-efd7-4bff-97b8-18330d6e4aa1] [anonymous] o.s.security.web.FilterChainProxy - Secured POST /api/auth/register
2026-03-18 23:12:09.069 [main] DEBUG [2a56cb90-efd7-4bff-97b8-18330d6e4aa1] [anonymous] com.messenger.logging.LoggingAspect - [API] User: anonymousUser | AuthController.register() called
2026-03-18 23:12:09.069 [main] INFO  [2a56cb90-efd7-4bff-97b8-18330d6e4aa1] [anonymous] c.m.controller.AuthController - Registration attempt for user: testuser
2026-03-18 23:12:09.069 [main] DEBUG [2a56cb90-efd7-4bff-97b8-18330d6e4aa1] [anonymous] com.messenger.service.AuthService - Starting user registration for: testuser
2026-03-18 23:12:09.118 [org.springframework.amqp.rabbit.RabbitListenerEndpointContainer#0-1] WARN  [] [] o.s.a.r.l.SimpleMessageListenerContainer - Consumer raised exception, processing can restart if the connection factory supports it. Exception summary: org.springframework.amqp.AmqpConnectException: java.net.ConnectException: Connection refused: getsockopt
2026-03-18 23:12:09.125 [org.springframework.amqp.rabbit.RabbitListenerEndpointContainer#0-6] ERROR [] [] o.s.a.r.l.SimpleMessageListenerContainer - Failed to check/redeclare auto-delete queue(s).
2026-03-18 23:12:09.149 [org.springframework.amqp.rabbit.RabbitListenerEndpointContainer#0-2] WARN  [] [] o.s.a.r.l.SimpleMessageListenerContainer - Consumer raised exception, processing can restart if the connection factory supports it. Exception summary: org.springframework.amqp.AmqpConnectException: java.net.ConnectException: Connection refused: getsockopt
2026-03-18 23:12:09.149 [org.springframework.amqp.rabbit.RabbitListenerEndpointContainer#0-3] WARN  [] [] o.s.a.r.l.SimpleMessageListenerContainer - Consumer raised exception, processing can restart if the connection factory supports it. Exception summary: org.springframework.amqp.AmqpConnectException: java.net.ConnectException: Connection refused: getsockopt
2026-03-18 23:12:09.164 [org.springframework.amqp.rabbit.RabbitListenerEndpointContainer#0-5] WARN  [] [] o.s.a.r.l.SimpleMessageListenerContainer - Consumer raised exception, processing can restart if the connection factory supports it. Exception summary: org.springframework.amqp.AmqpConnectException: java.net.ConnectException: Connection refused: getsockopt
2026-03-18 23:12:09.186 [org.springframework.amqp.rabbit.RabbitListenerEndpointContainer#0-7] ERROR [] [] o.s.a.r.l.SimpleMessageListenerContainer - Failed to check/redeclare auto-delete queue(s).
2026-03-18 23:12:09.197 [org.springframework.amqp.rabbit.RabbitListenerEndpointContainer#0-9] ERROR [] [] o.s.a.r.l.SimpleMessageListenerContainer - Failed to check/redeclare auto-delete queue(s).
2026-03-18 23:12:09.197 [org.springframework.amqp.rabbit.RabbitListenerEndpointContainer#0-4] WARN  [] [] o.s.a.r.l.SimpleMessageListenerContainer - Consumer raised exception, processing can restart if the connection factory supports it. Exception summary: org.springframework.amqp.AmqpConnectException: java.net.ConnectException: Connection refused: getsockopt
2026-03-18 23:12:09.222 [org.springframework.amqp.rabbit.RabbitListenerEndpointContainer#0-8] ERROR [] [] o.s.a.r.l.SimpleMessageListenerContainer - Failed to check/redeclare auto-delete queue(s).
2026-03-18 23:12:09.224 [org.springframework.amqp.rabbit.RabbitListenerEndpointContainer#0-10] ERROR [] [] o.s.a.r.l.SimpleMessageListenerContainer - Failed to check/redeclare auto-delete queue(s).
2026-03-18 23:12:09.331 [main] DEBUG [2a56cb90-efd7-4bff-97b8-18330d6e4aa1] [anonymous] c.messenger.security.PBKDF2Service - Key derived successfully using PBKDF2 (iterations: 100000)
2026-03-18 23:12:09.332 [main] INFO  [2a56cb90-efd7-4bff-97b8-18330d6e4aa1] [anonymous] com.messenger.service.AuthService - Private key encrypted with PBKDF2-derived AES key for user: testuser
2026-03-18 23:12:09.558 [main] INFO  [2a56cb90-efd7-4bff-97b8-18330d6e4aa1] [anonymous] com.messenger.service.AuthService - User registered successfully: testuser
2026-03-18 23:12:09.793 [main] DEBUG [2a56cb90-efd7-4bff-97b8-18330d6e4aa1] [anonymous] o.s.s.a.d.DaoAuthenticationProvider - Authenticated user
2026-03-18 23:12:09.795 [main] INFO  [2a56cb90-efd7-4bff-97b8-18330d6e4aa1] [anonymous] com.messenger.service.AuthService - User testuser logged in successfully (device: null)
2026-03-18 23:12:09.796 [main] DEBUG [2a56cb90-efd7-4bff-97b8-18330d6e4aa1] [anonymous] com.messenger.logging.LoggingAspect - [SERVICE] AuthService.register() executed in 727ms
2026-03-18 23:12:09.796 [main] DEBUG [2a56cb90-efd7-4bff-97b8-18330d6e4aa1] [anonymous] c.m.controller.AuthController - Auth cookies set successfully
2026-03-18 23:12:09.796 [main] DEBUG [2a56cb90-efd7-4bff-97b8-18330d6e4aa1] [anonymous] com.messenger.logging.LoggingAspect - [API] AuthController.register() completed successfully
2026-03-18 23:12:09.798 [main] DEBUG [0dd5a8dc-14e7-403c-9cc0-5767bfdfc862] [anonymous] o.s.security.web.FilterChainProxy - Securing POST /api/auth/register
2026-03-18 23:12:09.801 [main] WARN  [0dd5a8dc-14e7-403c-9cc0-5767bfdfc862] [anonymous] c.m.filter.AuthRateLimitFilter - Redis rate limiting failed, falling back to memory: Unable to connect to Redis
2026-03-18 23:12:09.801 [main] DEBUG [0dd5a8dc-14e7-403c-9cc0-5767bfdfc862] [anonymous] o.s.s.w.a.AnonymousAuthenticationFilter - Set SecurityContextHolder to anonymous SecurityContext
2026-03-18 23:12:09.802 [main] DEBUG [0dd5a8dc-14e7-403c-9cc0-5767bfdfc862] [anonymous] o.s.security.web.FilterChainProxy - Secured POST /api/auth/register
2026-03-18 23:12:09.806 [main] WARN  [0dd5a8dc-14e7-403c-9cc0-5767bfdfc862] [anonymous] c.m.exception.GlobalExceptionHandler - Validation failed: {password=Password is required, email=Email is required}
2026-03-18 23:12:09.822 [main] DEBUG [876b0b14-b4ea-4984-9b6f-87ecc8d21739] [testuser] o.s.security.web.FilterChainProxy - Securing POST /api/auth/register
2026-03-18 23:12:09.830 [main] WARN  [876b0b14-b4ea-4984-9b6f-87ecc8d21739] [testuser] c.m.filter.AuthRateLimitFilter - Redis rate limiting failed, falling back to memory: Unable to connect to Redis
2026-03-18 23:12:09.830 [main] DEBUG [876b0b14-b4ea-4984-9b6f-87ecc8d21739] [testuser] o.s.security.web.FilterChainProxy - Secured POST /api/auth/register
2026-03-18 23:12:09.831 [main] DEBUG [876b0b14-b4ea-4984-9b6f-87ecc8d21739] [testuser] com.messenger.logging.LoggingAspect - [API] User: testuser | AuthController.register() called
2026-03-18 23:12:09.831 [main] INFO  [876b0b14-b4ea-4984-9b6f-87ecc8d21739] [testuser] c.m.controller.AuthController - Registration attempt for user: testuser
2026-03-18 23:12:09.832 [main] DEBUG [876b0b14-b4ea-4984-9b6f-87ecc8d21739] [testuser] com.messenger.service.AuthService - Starting user registration for: testuser
2026-03-18 23:12:10.124 [main] DEBUG [876b0b14-b4ea-4984-9b6f-87ecc8d21739] [testuser] c.messenger.security.PBKDF2Service - Key derived successfully using PBKDF2 (iterations: 100000)
2026-03-18 23:12:10.125 [main] INFO  [876b0b14-b4ea-4984-9b6f-87ecc8d21739] [testuser] com.messenger.service.AuthService - Private key encrypted with PBKDF2-derived AES key for user: testuser
2026-03-18 23:12:10.360 [main] INFO  [876b0b14-b4ea-4984-9b6f-87ecc8d21739] [testuser] com.messenger.service.AuthService - User registered successfully: testuser
2026-03-18 23:12:10.592 [main] DEBUG [876b0b14-b4ea-4984-9b6f-87ecc8d21739] [testuser] o.s.s.a.d.DaoAuthenticationProvider - Authenticated user
2026-03-18 23:12:10.596 [main] INFO  [876b0b14-b4ea-4984-9b6f-87ecc8d21739] [testuser] com.messenger.service.AuthService - User testuser logged in successfully (device: null)
2026-03-18 23:12:10.596 [main] DEBUG [876b0b14-b4ea-4984-9b6f-87ecc8d21739] [testuser] com.messenger.logging.LoggingAspect - [SERVICE] AuthService.register() executed in 765ms
2026-03-18 23:12:10.596 [main] DEBUG [876b0b14-b4ea-4984-9b6f-87ecc8d21739] [testuser] c.m.controller.AuthController - Auth cookies set successfully
2026-03-18 23:12:10.596 [main] DEBUG [876b0b14-b4ea-4984-9b6f-87ecc8d21739] [testuser] com.messenger.logging.LoggingAspect - [API] AuthController.register() completed successfully
2026-03-18 23:12:10.600 [main] DEBUG [fb171a19-4d9c-465a-a310-2b056dc92c54] [anonymous] o.s.security.web.FilterChainProxy - Securing GET /api/chats
2026-03-18 23:12:10.622 [main] DEBUG [fb171a19-4d9c-465a-a310-2b056dc92c54] [anonymous] c.m.security.JwtAuthenticationFilter - Set authentication for user: testuser (device: null)
2026-03-18 23:12:10.623 [main] DEBUG [fb171a19-4d9c-465a-a310-2b056dc92c54] [anonymous] o.s.security.web.FilterChainProxy - Secured GET /api/chats
2026-03-18 23:12:10.624 [main] DEBUG [fb171a19-4d9c-465a-a310-2b056dc92c54] [anonymous] com.messenger.logging.LoggingAspect - [API] User: testuser | ChatController.getMyChats() called
2026-03-18 23:12:10.640 [main] WARN  [fb171a19-4d9c-465a-a310-2b056dc92c54] [anonymous] o.s.c.i.LoggingCacheErrorHandler - Cache 'userChats' failed to get entry with key 'testuser'
2026-03-18 23:12:10.641 [main] DEBUG [fb171a19-4d9c-465a-a310-2b056dc92c54] [anonymous] com.messenger.service.ChatService - Fetching chats for user: testuser (not cached)
2026-03-18 23:12:10.648 [main] DEBUG [fb171a19-4d9c-465a-a310-2b056dc92c54] [anonymous] com.messenger.logging.LoggingAspect - [SERVICE] ChatService.getUserChats() executed in 7ms
2026-03-18 23:12:10.652 [main] WARN  [fb171a19-4d9c-465a-a310-2b056dc92c54] [anonymous] o.s.c.i.LoggingCacheErrorHandler - Cache 'userChats' failed to put entry with key 'testuser'
2026-03-18 23:12:10.652 [main] DEBUG [fb171a19-4d9c-465a-a310-2b056dc92c54] [anonymous] com.messenger.logging.LoggingAspect - [API] ChatController.getMyChats() completed successfully
2026-03-18 23:12:10.657 [main] DEBUG [6dcd0d87-e759-4253-abce-d00f58add39a] [anonymous] o.s.security.web.FilterChainProxy - Securing POST /api/auth/register
2026-03-18 23:12:10.659 [main] WARN  [6dcd0d87-e759-4253-abce-d00f58add39a] [anonymous] c.m.filter.AuthRateLimitFilter - Redis rate limiting failed, falling back to memory: Unable to connect to Redis
2026-03-18 23:12:10.659 [main] DEBUG [6dcd0d87-e759-4253-abce-d00f58add39a] [anonymous] o.s.s.w.a.AnonymousAuthenticationFilter - Set SecurityContextHolder to anonymous SecurityContext
2026-03-18 23:12:10.659 [main] DEBUG [6dcd0d87-e759-4253-abce-d00f58add39a] [anonymous] o.s.security.web.FilterChainProxy - Secured POST /api/auth/register
2026-03-18 23:12:10.660 [main] DEBUG [6dcd0d87-e759-4253-abce-d00f58add39a] [anonymous] com.messenger.logging.LoggingAspect - [API] User: anonymousUser | AuthController.register() called
2026-03-18 23:12:10.660 [main] INFO  [6dcd0d87-e759-4253-abce-d00f58add39a] [anonymous] c.m.controller.AuthController - Registration attempt for user: testuser
2026-03-18 23:12:10.660 [main] DEBUG [6dcd0d87-e759-4253-abce-d00f58add39a] [anonymous] com.messenger.service.AuthService - Starting user registration for: testuser
2026-03-18 23:12:10.885 [main] DEBUG [6dcd0d87-e759-4253-abce-d00f58add39a] [anonymous] c.messenger.security.PBKDF2Service - Key derived successfully using PBKDF2 (iterations: 100000)
2026-03-18 23:12:10.886 [main] INFO  [6dcd0d87-e759-4253-abce-d00f58add39a] [anonymous] com.messenger.service.AuthService - Private key encrypted with PBKDF2-derived AES key for user: testuser
2026-03-18 23:12:11.126 [main] INFO  [6dcd0d87-e759-4253-abce-d00f58add39a] [anonymous] com.messenger.service.AuthService - User registered successfully: testuser
2026-03-18 23:12:11.363 [main] DEBUG [6dcd0d87-e759-4253-abce-d00f58add39a] [anonymous] o.s.s.a.d.DaoAuthenticationProvider - Authenticated user
2026-03-18 23:12:11.367 [main] INFO  [6dcd0d87-e759-4253-abce-d00f58add39a] [anonymous] com.messenger.service.AuthService - User testuser logged in successfully (device: null)
2026-03-18 23:12:11.367 [main] DEBUG [6dcd0d87-e759-4253-abce-d00f58add39a] [anonymous] com.messenger.logging.LoggingAspect - [SERVICE] AuthService.register() executed in 707ms
2026-03-18 23:12:11.367 [main] DEBUG [6dcd0d87-e759-4253-abce-d00f58add39a] [anonymous] c.m.controller.AuthController - Auth cookies set successfully
2026-03-18 23:12:11.367 [main] DEBUG [6dcd0d87-e759-4253-abce-d00f58add39a] [anonymous] com.messenger.logging.LoggingAspect - [API] AuthController.register() completed successfully
2026-03-18 23:12:11.369 [main] DEBUG [e4674d3f-f0d7-458a-8549-ea993b936977] [anonymous] o.s.security.web.FilterChainProxy - Securing GET /api/chats
2026-03-18 23:12:11.369 [main] DEBUG [e4674d3f-f0d7-458a-8549-ea993b936977] [anonymous] o.s.s.w.a.AnonymousAuthenticationFilter - Set SecurityContextHolder to anonymous SecurityContext
2026-03-18 23:12:11.375 [main] DEBUG [f3b58953-5a92-4311-8f43-ee6e327b1117] [anonymous] o.s.security.web.FilterChainProxy - Securing POST /api/auth/register
2026-03-18 23:12:11.377 [main] WARN  [f3b58953-5a92-4311-8f43-ee6e327b1117] [anonymous] c.m.filter.AuthRateLimitFilter - Redis rate limiting failed, falling back to memory: Unable to connect to Redis
2026-03-18 23:12:11.377 [main] DEBUG [f3b58953-5a92-4311-8f43-ee6e327b1117] [anonymous] o.s.s.w.a.AnonymousAuthenticationFilter - Set SecurityContextHolder to anonymous SecurityContext
2026-03-18 23:12:11.377 [main] DEBUG [f3b58953-5a92-4311-8f43-ee6e327b1117] [anonymous] o.s.security.web.FilterChainProxy - Secured POST /api/auth/register
2026-03-18 23:12:11.379 [main] DEBUG [f3b58953-5a92-4311-8f43-ee6e327b1117] [anonymous] com.messenger.logging.LoggingAspect - [API] User: anonymousUser | AuthController.register() called
2026-03-18 23:12:11.379 [main] INFO  [f3b58953-5a92-4311-8f43-ee6e327b1117] [anonymous] c.m.controller.AuthController - Registration attempt for user: testuser
2026-03-18 23:12:11.379 [main] DEBUG [f3b58953-5a92-4311-8f43-ee6e327b1117] [anonymous] com.messenger.service.AuthService - Starting user registration for: testuser
2026-03-18 23:12:11.732 [main] DEBUG [f3b58953-5a92-4311-8f43-ee6e327b1117] [anonymous] c.messenger.security.PBKDF2Service - Key derived successfully using PBKDF2 (iterations: 100000)
2026-03-18 23:12:11.733 [main] INFO  [f3b58953-5a92-4311-8f43-ee6e327b1117] [anonymous] com.messenger.service.AuthService - Private key encrypted with PBKDF2-derived AES key for user: testuser
2026-03-18 23:12:11.980 [main] INFO  [f3b58953-5a92-4311-8f43-ee6e327b1117] [anonymous] com.messenger.service.AuthService - User registered successfully: testuser
2026-03-18 23:12:12.203 [main] DEBUG [f3b58953-5a92-4311-8f43-ee6e327b1117] [anonymous] o.s.s.a.d.DaoAuthenticationProvider - Authenticated user
2026-03-18 23:12:12.207 [main] INFO  [f3b58953-5a92-4311-8f43-ee6e327b1117] [anonymous] com.messenger.service.AuthService - User testuser logged in successfully (device: null)
2026-03-18 23:12:12.208 [main] DEBUG [f3b58953-5a92-4311-8f43-ee6e327b1117] [anonymous] com.messenger.logging.LoggingAspect - [SERVICE] AuthService.register() executed in 829ms
2026-03-18 23:12:12.208 [main] DEBUG [f3b58953-5a92-4311-8f43-ee6e327b1117] [anonymous] c.m.controller.AuthController - Auth cookies set successfully
2026-03-18 23:12:12.208 [main] DEBUG [f3b58953-5a92-4311-8f43-ee6e327b1117] [anonymous] com.messenger.logging.LoggingAspect - [API] AuthController.register() completed successfully
2026-03-18 23:12:12.209 [main] DEBUG [f891a4d0-251c-4697-8286-a43324963bc8] [anonymous] o.s.security.web.FilterChainProxy - Securing GET /api/auth/health
2026-03-18 23:12:12.210 [main] DEBUG [f891a4d0-251c-4697-8286-a43324963bc8] [anonymous] o.s.s.w.a.AnonymousAuthenticationFilter - Set SecurityContextHolder to anonymous SecurityContext
2026-03-18 23:12:12.210 [main] DEBUG [f891a4d0-251c-4697-8286-a43324963bc8] [anonymous] o.s.security.web.FilterChainProxy - Secured GET /api/auth/health
2026-03-18 23:12:12.210 [main] DEBUG [f891a4d0-251c-4697-8286-a43324963bc8] [anonymous] com.messenger.logging.LoggingAspect - [API] User: anonymousUser | AuthController.health() called
2026-03-18 23:12:12.210 [main] DEBUG [f891a4d0-251c-4697-8286-a43324963bc8] [anonymous] com.messenger.logging.LoggingAspect - [API] AuthController.health() completed successfully
2026-03-18 23:12:12.217 [main] DEBUG [a15c1f16-1bd9-4570-adfe-b11488b52f97] [anonymous] o.s.security.web.FilterChainProxy - Securing POST /api/auth/register
2026-03-18 23:12:12.219 [main] WARN  [a15c1f16-1bd9-4570-adfe-b11488b52f97] [anonymous] c.m.filter.AuthRateLimitFilter - Redis rate limiting failed, falling back to memory: Unable to connect to Redis
2026-03-18 23:12:12.220 [main] DEBUG [a15c1f16-1bd9-4570-adfe-b11488b52f97] [anonymous] o.s.s.w.a.AnonymousAuthenticationFilter - Set SecurityContextHolder to anonymous SecurityContext
2026-03-18 23:12:12.220 [main] DEBUG [a15c1f16-1bd9-4570-adfe-b11488b52f97] [anonymous] o.s.security.web.FilterChainProxy - Secured POST /api/auth/register
2026-03-18 23:12:12.220 [main] DEBUG [a15c1f16-1bd9-4570-adfe-b11488b52f97] [anonymous] com.messenger.logging.LoggingAspect - [API] User: anonymousUser | AuthController.register() called
2026-03-18 23:12:12.220 [main] INFO  [a15c1f16-1bd9-4570-adfe-b11488b52f97] [anonymous] c.m.controller.AuthController - Registration attempt for user: testuser
2026-03-18 23:12:12.220 [main] DEBUG [a15c1f16-1bd9-4570-adfe-b11488b52f97] [anonymous] com.messenger.service.AuthService - Starting user registration for: testuser
2026-03-18 23:12:12.302 [main] DEBUG [a15c1f16-1bd9-4570-adfe-b11488b52f97] [anonymous] c.messenger.security.PBKDF2Service - Key derived successfully using PBKDF2 (iterations: 100000)
2026-03-18 23:12:12.302 [main] INFO  [a15c1f16-1bd9-4570-adfe-b11488b52f97] [anonymous] com.messenger.service.AuthService - Private key encrypted with PBKDF2-derived AES key for user: testuser
2026-03-18 23:12:12.522 [main] INFO  [a15c1f16-1bd9-4570-adfe-b11488b52f97] [anonymous] com.messenger.service.AuthService - User registered successfully: testuser
2026-03-18 23:12:12.741 [main] DEBUG [a15c1f16-1bd9-4570-adfe-b11488b52f97] [anonymous] o.s.s.a.d.DaoAuthenticationProvider - Authenticated user
2026-03-18 23:12:12.743 [main] INFO  [a15c1f16-1bd9-4570-adfe-b11488b52f97] [anonymous] com.messenger.service.AuthService - User testuser logged in successfully (device: null)
2026-03-18 23:12:12.744 [main] DEBUG [a15c1f16-1bd9-4570-adfe-b11488b52f97] [anonymous] com.messenger.logging.LoggingAspect - [SERVICE] AuthService.register() executed in 524ms
2026-03-18 23:12:12.744 [main] DEBUG [a15c1f16-1bd9-4570-adfe-b11488b52f97] [anonymous] c.m.controller.AuthController - Auth cookies set successfully
2026-03-18 23:12:12.744 [main] DEBUG [a15c1f16-1bd9-4570-adfe-b11488b52f97] [anonymous] com.messenger.logging.LoggingAspect - [API] AuthController.register() completed successfully
2026-03-18 23:12:12.745 [main] DEBUG [e17644c7-da88-4055-9288-94ff06603632] [anonymous] o.s.security.web.FilterChainProxy - Securing POST /api/auth/login
2026-03-18 23:12:12.747 [main] WARN  [e17644c7-da88-4055-9288-94ff06603632] [anonymous] c.m.filter.AuthRateLimitFilter - Redis rate limiting failed, falling back to memory: Unable to connect to Redis
2026-03-18 23:12:12.747 [main] DEBUG [e17644c7-da88-4055-9288-94ff06603632] [anonymous] c.m.filter.AuthRateLimitFilter - Rate limit check for ratelimit:login:127.0.0.1: 2/5 attempts
2026-03-18 23:12:12.747 [main] DEBUG [e17644c7-da88-4055-9288-94ff06603632] [anonymous] o.s.s.w.a.AnonymousAuthenticationFilter - Set SecurityContextHolder to anonymous SecurityContext
2026-03-18 23:12:12.747 [main] DEBUG [e17644c7-da88-4055-9288-94ff06603632] [anonymous] o.s.security.web.FilterChainProxy - Secured POST /api/auth/login
2026-03-18 23:12:12.748 [main] DEBUG [e17644c7-da88-4055-9288-94ff06603632] [anonymous] com.messenger.logging.LoggingAspect - [API] User: anonymousUser | AuthController.login() called
2026-03-18 23:12:12.748 [main] INFO  [e17644c7-da88-4055-9288-94ff06603632] [anonymous] c.m.controller.AuthController - Login attempt for user: testuser
2026-03-18 23:12:12.748 [main] INFO  [e17644c7-da88-4055-9288-94ff06603632] [anonymous] c.m.controller.AuthController - Login request - username: testuser, deviceId: null, deviceName: null
2026-03-18 23:12:12.969 [main] DEBUG [e17644c7-da88-4055-9288-94ff06603632] [anonymous] o.s.s.a.d.DaoAuthenticationProvider - Failed to authenticate since password does not match stored value
2026-03-18 23:12:12.974 [main] ERROR [e17644c7-da88-4055-9288-94ff06603632] [anonymous] com.messenger.logging.LoggingAspect - [ERROR] User: anonymousUser | AuthService.login() threw exception: Bad credentials
org.springframework.security.authentication.BadCredentialsException: Bad credentials
	at org.springframework.security.authentication.dao.DaoAuthenticationProvider.additionalAuthenticationChecks(DaoAuthenticationProvider.java:89)
	at org.springframework.security.authentication.dao.AbstractUserDetailsAuthenticationProvider.authenticate(AbstractUserDetailsAuthenticationProvider.java:147)
	at org.springframework.security.authentication.ProviderManager.authenticate(ProviderManager.java:182)
	at com.messenger.service.AuthService.authenticateAndGenerateTokens(AuthService.java:114)
	at com.messenger.service.AuthService.login(AuthService.java:102)
	at java.base/jdk.internal.reflect.DirectMethodHandleAccessor.invoke(DirectMethodHandleAccessor.java:103)
	at java.base/java.lang.reflect.Method.invoke(Method.java:580)
	at org.springframework.aop.support.AopUtils.invokeJoinpointUsingReflection(AopUtils.java:352)
	at org.springframework.aop.framework.ReflectiveMethodInvocation.invokeJoinpoint(ReflectiveMethodInvocation.java:196)
	at org.springframework.aop.framework.ReflectiveMethodInvocation.proceed(ReflectiveMethodInvocation.java:163)
	at org.springframework.aop.framework.CglibAopProxy$CglibMethodInvocation.proceed(CglibAopProxy.java:765)
	at org.springframework.aop.aspectj.AspectJAfterThrowingAdvice.invoke(AspectJAfterThrowingAdvice.java:64)
	at org.springframework.aop.framework.ReflectiveMethodInvocation.proceed(ReflectiveMethodInvocation.java:184)
	at org.springframework.aop.framework.CglibAopProxy$CglibMethodInvocation.proceed(CglibAopProxy.java:765)
	at org.springframework.aop.aspectj.MethodInvocationProceedingJoinPoint.proceed(MethodInvocationProceedingJoinPoint.java:89)
	at com.messenger.logging.LoggingAspect.logServiceExecutionTime(LoggingAspect.java:89)
	at java.base/jdk.internal.reflect.DirectMethodHandleAccessor.invoke(DirectMethodHandleAccessor.java:103)
	at java.base/java.lang.reflect.Method.invoke(Method.java:580)
	at org.springframework.aop.aspectj.AbstractAspectJAdvice.invokeAdviceMethodWithGivenArgs(AbstractAspectJAdvice.java:637)
	at org.springframework.aop.aspectj.AbstractAspectJAdvice.invokeAdviceMethod(AbstractAspectJAdvice.java:627)
	at org.springframework.aop.aspectj.AspectJAroundAdvice.invoke(AspectJAroundAdvice.java:71)
	at org.springframework.aop.framework.ReflectiveMethodInvocation.proceed(ReflectiveMethodInvocation.java:184)
	at org.springframework.aop.framework.CglibAopProxy$CglibMethodInvocation.proceed(CglibAopProxy.java:765)
	at org.springframework.aop.interceptor.ExposeInvocationInterceptor.invoke(ExposeInvocationInterceptor.java:97)
	at org.springframework.aop.framework.ReflectiveMethodInvocation.proceed(ReflectiveMethodInvocation.java:184)
	at org.springframework.aop.framework.CglibAopProxy$CglibMethodInvocation.proceed(CglibAopProxy.java:765)
	at org.springframework.aop.framework.CglibAopProxy$DynamicAdvisedInterceptor.intercept(CglibAopProxy.java:717)
	at com.messenger.service.AuthService$$SpringCGLIB$$0.login(<generated>)
	at com.messenger.controller.AuthController.login(AuthController.java:49)
	at java.base/jdk.internal.reflect.DirectMethodHandleAccessor.invoke(DirectMethodHandleAccessor.java:103)
	at java.base/java.lang.reflect.Method.invoke(Method.java:580)
	at org.springframework.aop.support.AopUtils.invokeJoinpointUsingReflection(AopUtils.java:352)
	at org.springframework.aop.framework.ReflectiveMethodInvocation.invokeJoinpoint(ReflectiveMethodInvocation.java:196)
	at org.springframework.aop.framework.ReflectiveMethodInvocation.proceed(ReflectiveMethodInvocation.java:163)
	at org.springframework.aop.framework.CglibAopProxy$CglibMethodInvocation.proceed(CglibAopProxy.java:765)
	at org.springframework.aop.aspectj.AspectJAfterThrowingAdvice.invoke(AspectJAfterThrowingAdvice.java:64)
	at org.springframework.aop.framework.ReflectiveMethodInvocation.proceed(ReflectiveMethodInvocation.java:184)
	at org.springframework.aop.framework.CglibAopProxy$CglibMethodInvocation.proceed(CglibAopProxy.java:765)
	at org.springframework.aop.framework.adapter.AfterReturningAdviceInterceptor.invoke(AfterReturningAdviceInterceptor.java:57)
	at org.springframework.aop.framework.ReflectiveMethodInvocation.proceed(ReflectiveMethodInvocation.java:184)
	at org.springframework.aop.framework.CglibAopProxy$CglibMethodInvocation.proceed(CglibAopProxy.java:765)
	at org.springframework.aop.framework.adapter.MethodBeforeAdviceInterceptor.invoke(MethodBeforeAdviceInterceptor.java:58)
	at org.springframework.aop.framework.ReflectiveMethodInvocation.proceed(ReflectiveMethodInvocation.java:184)
	at org.springframework.aop.framework.CglibAopProxy$CglibMethodInvocation.proceed(CglibAopProxy.java:765)
	at org.springframework.aop.interceptor.ExposeInvocationInterceptor.invoke(ExposeInvocationInterceptor.java:97)
	at org.springframework.aop.framework.ReflectiveMethodInvocation.proceed(ReflectiveMethodInvocation.java:184)
	at org.springframework.aop.framework.CglibAopProxy$CglibMethodInvocation.proceed(CglibAopProxy.java:765)
	at org.springframework.aop.framework.CglibAopProxy$DynamicAdvisedInterceptor.intercept(CglibAopProxy.java:717)
	at com.messenger.controller.AuthController$$SpringCGLIB$$0.login(<generated>)
	at java.base/jdk.internal.reflect.DirectMethodHandleAccessor.invoke(DirectMethodHandleAccessor.java:103)
	at java.base/java.lang.reflect.Method.invoke(Method.java:580)
	at org.springframework.web.method.support.InvocableHandlerMethod.doInvoke(InvocableHandlerMethod.java:254)
	at org.springframework.web.method.support.InvocableHandlerMethod.invokeForRequest(InvocableHandlerMethod.java:182)
	at org.springframework.web.servlet.mvc.method.annotation.ServletInvocableHandlerMethod.invokeAndHandle(ServletInvocableHandlerMethod.java:118)
	at org.springframework.web.servlet.mvc.method.annotation.RequestMappingHandlerAdapter.invokeHandlerMethod(RequestMappingHandlerAdapter.java:917)
	at org.springframework.web.servlet.mvc.method.annotation.RequestMappingHandlerAdapter.handleInternal(RequestMappingHandlerAdapter.java:829)
	at org.springframework.web.servlet.mvc.method.AbstractHandlerMethodAdapter.handle(AbstractHandlerMethodAdapter.java:87)
	at org.springframework.web.servlet.DispatcherServlet.doDispatch(DispatcherServlet.java:1089)
	at org.springframework.web.servlet.DispatcherServlet.doService(DispatcherServlet.java:979)
	at org.springframework.web.servlet.FrameworkServlet.processRequest(FrameworkServlet.java:1014)
	at org.springframework.web.servlet.FrameworkServlet.doPost(FrameworkServlet.java:914)
	at jakarta.servlet.http.HttpServlet.service(HttpServlet.java:590)
	at org.springframework.web.servlet.FrameworkServlet.service(FrameworkServlet.java:885)
	at org.springframework.test.web.servlet.TestDispatcherServlet.service(TestDispatcherServlet.java:72)
	at jakarta.servlet.http.HttpServlet.service(HttpServlet.java:658)
	at org.springframework.mock.web.MockFilterChain$ServletFilterProxy.doFilter(MockFilterChain.java:165)
	at org.springframework.mock.web.MockFilterChain.doFilter(MockFilterChain.java:132)
	at org.springframework.web.filter.OncePerRequestFilter.doFilter(OncePerRequestFilter.java:110)
	at org.springframework.test.web.servlet.setup.MockMvcFilterDecorator.doFilter(MockMvcFilterDecorator.java:151)
	at org.springframework.mock.web.MockFilterChain.doFilter(MockFilterChain.java:132)
	at org.springframework.web.filter.OncePerRequestFilter.doFilter(OncePerRequestFilter.java:110)
	at org.springframework.test.web.servlet.setup.MockMvcFilterDecorator.doFilter(MockMvcFilterDecorator.java:151)
	at org.springframework.mock.web.MockFilterChain.doFilter(MockFilterChain.java:132)
	at org.springframework.security.web.FilterChainProxy.lambda$doFilterInternal$3(FilterChainProxy.java:231)
	at org.springframework.security.web.ObservationFilterChainDecorator$FilterObservation$SimpleFilterObservation.lambda$wrap$1(ObservationFilterChainDecorator.java:479)
	at org.springframework.security.web.ObservationFilterChainDecorator$AroundFilterObservation$SimpleAroundFilterObservation.lambda$wrap$1(ObservationFilterChainDecorator.java:340)
	at org.springframework.security.web.ObservationFilterChainDecorator.lambda$wrapSecured$0(ObservationFilterChainDecorator.java:82)
	at org.springframework.security.web.ObservationFilterChainDecorator$VirtualFilterChain.doFilter(ObservationFilterChainDecorator.java:128)
	at org.springframework.security.web.access.intercept.AuthorizationFilter.doFilter(AuthorizationFilter.java:100)
	at org.springframework.security.web.ObservationFilterChainDecorator$ObservationFilter.wrapFilter(ObservationFilterChainDecorator.java:240)
	at org.springframework.security.web.ObservationFilterChainDecorator$ObservationFilter.doFilter(ObservationFilterChainDecorator.java:227)
	at org.springframework.security.web.ObservationFilterChainDecorator$VirtualFilterChain.doFilter(ObservationFilterChainDecorator.java:137)
	at org.springframework.security.web.access.ExceptionTranslationFilter.doFilter(ExceptionTranslationFilter.java:126)
	at org.springframework.security.web.access.ExceptionTranslationFilter.doFilter(ExceptionTranslationFilter.java:120)
	at org.springframework.security.web.ObservationFilterChainDecorator$ObservationFilter.wrapFilter(ObservationFilterChainDecorator.java:240)
	at org.springframework.security.web.ObservationFilterChainDecorator$ObservationFilter.doFilter(ObservationFilterChainDecorator.java:227)
	at org.springframework.security.web.ObservationFilterChainDecorator$VirtualFilterChain.doFilter(ObservationFilterChainDecorator.java:137)
	at org.springframework.security.web.session.SessionManagementFilter.doFilter(SessionManagementFilter.java:131)
	at org.springframework.security.web.session.SessionManagementFilter.doFilter(SessionManagementFilter.java:85)
	at org.springframework.security.web.ObservationFilterChainDecorator$ObservationFilter.wrapFilter(ObservationFilterChainDecorator.java:240)
	at org.springframework.security.web.ObservationFilterChainDecorator$ObservationFilter.doFilter(ObservationFilterChainDecorator.java:227)
	at org.springframework.security.web.ObservationFilterChainDecorator$VirtualFilterChain.doFilter(ObservationFilterChainDecorator.java:137)
	at org.springframework.security.web.authentication.AnonymousAuthenticationFilter.doFilter(AnonymousAuthenticationFilter.java:100)
	at org.springframework.security.web.ObservationFilterChainDecorator$ObservationFilter.wrapFilter(ObservationFilterChainDecorator.java:240)
	at org.springframework.security.web.ObservationFilterChainDecorator$ObservationFilter.doFilter(ObservationFilterChainDecorator.java:227)
	at org.springframework.security.web.ObservationFilterChainDecorator$VirtualFilterChain.doFilter(ObservationFilterChainDecorator.java:137)
	at org.springframework.security.web.servletapi.SecurityContextHolderAwareRequestFilter.doFilter(SecurityContextHolderAwareRequestFilter.java:179)
	at org.springframework.security.web.ObservationFilterChainDecorator$ObservationFilter.wrapFilter(ObservationFilterChainDecorator.java:240)
	at org.springframework.security.web.ObservationFilterChainDecorator$ObservationFilter.doFilter(ObservationFilterChainDecorator.java:227)
	at org.springframework.security.web.ObservationFilterChainDecorator$VirtualFilterChain.doFilter(ObservationFilterChainDecorator.java:137)
	at org.springframework.security.web.savedrequest.RequestCacheAwareFilter.doFilter(RequestCacheAwareFilter.java:63)
	at org.springframework.security.web.ObservationFilterChainDecorator$ObservationFilter.wrapFilter(ObservationFilterChainDecorator.java:240)
	at org.springframework.security.web.ObservationFilterChainDecorator$ObservationFilter.doFilter(ObservationFilterChainDecorator.java:227)
	at org.springframework.security.web.ObservationFilterChainDecorator$VirtualFilterChain.doFilter(ObservationFilterChainDecorator.java:137)
	at com.messenger.filter.AuthRateLimitFilter.doFilterInternal(AuthRateLimitFilter.java:80)
	at org.springframework.web.filter.OncePerRequestFilter.doFilter(OncePerRequestFilter.java:116)
	at org.springframework.security.web.ObservationFilterChainDecorator$ObservationFilter.wrapFilter(ObservationFilterChainDecorator.java:240)
	at org.springframework.security.web.ObservationFilterChainDecorator$ObservationFilter.doFilter(ObservationFilterChainDecorator.java:227)
	at org.springframework.security.web.ObservationFilterChainDecorator$VirtualFilterChain.doFilter(ObservationFilterChainDecorator.java:137)
	at com.messenger.security.JwtAuthenticationFilter.doFilterInternal(JwtAuthenticationFilter.java:74)
	at org.springframework.web.filter.OncePerRequestFilter.doFilter(OncePerRequestFilter.java:116)
	at org.springframework.security.web.ObservationFilterChainDecorator$ObservationFilter.wrapFilter(ObservationFilterChainDecorator.java:240)
	at org.springframework.security.web.ObservationFilterChainDecorator$ObservationFilter.doFilter(ObservationFilterChainDecorator.java:227)
	at org.springframework.security.web.ObservationFilterChainDecorator$VirtualFilterChain.doFilter(ObservationFilterChainDecorator.java:137)
	at org.springframework.security.web.authentication.logout.LogoutFilter.doFilter(LogoutFilter.java:107)
	at org.springframework.security.web.authentication.logout.LogoutFilter.doFilter(LogoutFilter.java:93)
	at org.springframework.security.web.ObservationFilterChainDecorator$ObservationFilter.wrapFilter(ObservationFilterChainDecorator.java:240)
	at org.springframework.security.web.ObservationFilterChainDecorator$ObservationFilter.doFilter(ObservationFilterChainDecorator.java:227)
	at org.springframework.security.web.ObservationFilterChainDecorator$VirtualFilterChain.doFilter(ObservationFilterChainDecorator.java:137)
	at org.springframework.security.web.csrf.CsrfFilter.doFilterInternal(CsrfFilter.java:117)
	at org.springframework.web.filter.OncePerRequestFilter.doFilter(OncePerRequestFilter.java:116)
	at org.springframework.security.web.ObservationFilterChainDecorator$ObservationFilter.wrapFilter(ObservationFilterChainDecorator.java:240)
	at org.springframework.security.web.ObservationFilterChainDecorator$ObservationFilter.doFilter(ObservationFilterChainDecorator.java:227)
	at org.springframework.security.web.ObservationFilterChainDecorator$VirtualFilterChain.doFilter(ObservationFilterChainDecorator.java:137)
	at org.springframework.web.filter.CorsFilter.doFilterInternal(CorsFilter.java:91)
	at org.springframework.web.filter.OncePerRequestFilter.doFilter(OncePerRequestFilter.java:116)
	at org.springframework.security.web.ObservationFilterChainDecorator$ObservationFilter.wrapFilter(ObservationFilterChainDecorator.java:240)
	at org.springframework.security.web.ObservationFilterChainDecorator$ObservationFilter.doFilter(ObservationFilterChainDecorator.java:227)
	at org.springframework.security.web.ObservationFilterChainDecorator$VirtualFilterChain.doFilter(ObservationFilterChainDecorator.java:137)
	at org.springframework.security.web.header.HeaderWriterFilter.doHeadersAfter(HeaderWriterFilter.java:90)
	at org.springframework.security.web.header.HeaderWriterFilter.doFilterInternal(HeaderWriterFilter.java:75)
	at org.springframework.web.filter.OncePerRequestFilter.doFilter(OncePerRequestFilter.java:116)
	at org.springframework.security.web.ObservationFilterChainDecorator$ObservationFilter.wrapFilter(ObservationFilterChainDecorator.java:240)
	at org.springframework.security.web.ObservationFilterChainDecorator$ObservationFilter.doFilter(ObservationFilterChainDecorator.java:227)
	at org.springframework.security.web.ObservationFilterChainDecorator$VirtualFilterChain.doFilter(ObservationFilterChainDecorator.java:137)
	at org.springframework.security.web.context.SecurityContextHolderFilter.doFilter(SecurityContextHolderFilter.java:82)
	at org.springframework.security.web.context.SecurityContextHolderFilter.doFilter(SecurityContextHolderFilter.java:69)
	at org.springframework.security.web.ObservationFilterChainDecorator$ObservationFilter.wrapFilter(ObservationFilterChainDecorator.java:240)
	at org.springframework.security.web.ObservationFilterChainDecorator$ObservationFilter.doFilter(ObservationFilterChainDecorator.java:227)
	at org.springframework.security.web.ObservationFilterChainDecorator$VirtualFilterChain.doFilter(ObservationFilterChainDecorator.java:137)
	at org.springframework.security.web.context.request.async.WebAsyncManagerIntegrationFilter.doFilterInternal(WebAsyncManagerIntegrationFilter.java:62)
	at org.springframework.web.filter.OncePerRequestFilter.doFilter(OncePerRequestFilter.java:116)
	at org.springframework.security.web.ObservationFilterChainDecorator$ObservationFilter.wrapFilter(ObservationFilterChainDecorator.java:240)
	at org.springframework.security.web.ObservationFilterChainDecorator$ObservationFilter.doFilter(ObservationFilterChainDecorator.java:227)
	at org.springframework.security.web.ObservationFilterChainDecorator$VirtualFilterChain.doFilter(ObservationFilterChainDecorator.java:137)
	at org.springframework.security.web.session.DisableEncodeUrlFilter.doFilterInternal(DisableEncodeUrlFilter.java:42)
	at org.springframework.web.filter.OncePerRequestFilter.doFilter(OncePerRequestFilter.java:116)
	at org.springframework.security.web.ObservationFilterChainDecorator$ObservationFilter.wrapFilter(ObservationFilterChainDecorator.java:240)
	at org.springframework.security.web.ObservationFilterChainDecorator$AroundFilterObservation$SimpleAroundFilterObservation.lambda$wrap$0(ObservationFilterChainDecorator.java:323)
	at org.springframework.security.web.ObservationFilterChainDecorator$ObservationFilter.doFilter(ObservationFilterChainDecorator.java:224)
	at org.springframework.security.web.ObservationFilterChainDecorator$VirtualFilterChain.doFilter(ObservationFilterChainDecorator.java:137)
	at org.springframework.security.web.FilterChainProxy.doFilterInternal(FilterChainProxy.java:233)
	at org.springframework.security.web.FilterChainProxy.doFilter(FilterChainProxy.java:191)
	at org.springframework.web.filter.DelegatingFilterProxy.invokeDelegate(DelegatingFilterProxy.java:352)
	at org.springframework.web.filter.DelegatingFilterProxy.doFilter(DelegatingFilterProxy.java:268)
	at org.springframework.test.web.servlet.setup.MockMvcFilterDecorator.doFilter(MockMvcFilterDecorator.java:151)
	at org.springframework.mock.web.MockFilterChain.doFilter(MockFilterChain.java:132)
	at org.springframework.web.filter.RequestContextFilter.doFilterInternal(RequestContextFilter.java:100)
	at org.springframework.web.filter.OncePerRequestFilter.doFilter(OncePerRequestFilter.java:116)
	at org.springframework.test.web.servlet.setup.MockMvcFilterDecorator.doFilter(MockMvcFilterDecorator.java:151)
	at org.springframework.mock.web.MockFilterChain.doFilter(MockFilterChain.java:132)
	at org.springframework.web.filter.FormContentFilter.doFilterInternal(FormContentFilter.java:93)
	at org.springframework.web.filter.OncePerRequestFilter.doFilter(OncePerRequestFilter.java:116)
	at org.springframework.test.web.servlet.setup.MockMvcFilterDecorator.doFilter(MockMvcFilterDecorator.java:151)
	at org.springframework.mock.web.MockFilterChain.doFilter(MockFilterChain.java:132)
	at com.messenger.security.RateLimitingFilter.doFilterInternal(RateLimitingFilter.java:70)
	at org.springframework.web.filter.OncePerRequestFilter.doFilter(OncePerRequestFilter.java:116)
	at org.springframework.test.web.servlet.setup.MockMvcFilterDecorator.doFilter(MockMvcFilterDecorator.java:151)
	at org.springframework.mock.web.MockFilterChain.doFilter(MockFilterChain.java:132)
	at org.springframework.web.filter.ServerHttpObservationFilter.doFilterInternal(ServerHttpObservationFilter.java:109)
	at org.springframework.web.filter.OncePerRequestFilter.doFilter(OncePerRequestFilter.java:116)
	at org.springframework.test.web.servlet.setup.MockMvcFilterDecorator.doFilter(MockMvcFilterDecorator.java:151)
	at org.springframework.mock.web.MockFilterChain.doFilter(MockFilterChain.java:132)
	at org.springframework.web.filter.CharacterEncodingFilter.doFilterInternal(CharacterEncodingFilter.java:201)
	at org.springframework.web.filter.OncePerRequestFilter.doFilter(OncePerRequestFilter.java:116)
	at org.springframework.test.web.servlet.setup.MockMvcFilterDecorator.doFilter(MockMvcFilterDecorator.java:151)
	at org.springframework.mock.web.MockFilterChain.doFilter(MockFilterChain.java:132)
	at com.messenger.logging.MDCLoggingFilter.doFilterInternal(MDCLoggingFilter.java:56)
	at org.springframework.web.filter.OncePerRequestFilter.doFilter(OncePerRequestFilter.java:116)
	at org.springframework.test.web.servlet.setup.MockMvcFilterDecorator.doFilter(MockMvcFilterDecorator.java:151)
	at org.springframework.mock.web.MockFilterChain.doFilter(MockFilterChain.java:132)
	at com.messenger.config.Utf8EncodingFilter.doFilter(Utf8EncodingFilter.java:53)
	at org.springframework.test.web.servlet.setup.MockMvcFilterDecorator.doFilter(MockMvcFilterDecorator.java:151)
	at org.springframework.mock.web.MockFilterChain.doFilter(MockFilterChain.java:132)
	at org.springframework.test.web.servlet.MockMvc.perform(MockMvc.java:201)
	at com.messenger.config.SecurityConfigTest.testInvalidCredentials(SecurityConfigTest.java:149)
	at java.base/jdk.internal.reflect.DirectMethodHandleAccessor.invoke(DirectMethodHandleAccessor.java:103)
	at java.base/java.lang.reflect.Method.invoke(Method.java:580)
	at org.junit.platform.commons.util.ReflectionUtils.invokeMethod(ReflectionUtils.java:728)
	at org.junit.jupiter.engine.execution.MethodInvocation.proceed(MethodInvocation.java:60)
	at org.junit.jupiter.engine.execution.InvocationInterceptorChain$ValidatingInvocation.proceed(InvocationInterceptorChain.java:131)
	at org.junit.jupiter.engine.extension.TimeoutExtension.intercept(TimeoutExtension.java:156)
	at org.junit.jupiter.engine.extension.TimeoutExtension.interceptTestableMethod(TimeoutExtension.java:147)
	at org.junit.jupiter.engine.extension.TimeoutExtension.interceptTestMethod(TimeoutExtension.java:86)
	at org.junit.jupiter.engine.execution.InterceptingExecutableInvoker$ReflectiveInterceptorCall.lambda$ofVoidMethod$0(InterceptingExecutableInvoker.java:103)
	at org.junit.jupiter.engine.execution.InterceptingExecutableInvoker.lambda$invoke$0(InterceptingExecutableInvoker.java:93)
	at org.junit.jupiter.engine.execution.InvocationInterceptorChain$InterceptedInvocation.proceed(InvocationInterceptorChain.java:106)
	at org.junit.jupiter.engine.execution.InvocationInterceptorChain.proceed(InvocationInterceptorChain.java:64)
	at org.junit.jupiter.engine.execution.InvocationInterceptorChain.chainAndInvoke(InvocationInterceptorChain.java:45)
	at org.junit.jupiter.engine.execution.InvocationInterceptorChain.invoke(InvocationInterceptorChain.java:37)
	at org.junit.jupiter.engine.execution.InterceptingExecutableInvoker.invoke(InterceptingExecutableInvoker.java:92)
	at org.junit.jupiter.engine.execution.InterceptingExecutableInvoker.invoke(InterceptingExecutableInvoker.java:86)
	at org.junit.jupiter.engine.descriptor.TestMethodTestDescriptor.lambda$invokeTestMethod$7(TestMethodTestDescriptor.java:218)
	at org.junit.platform.engine.support.hierarchical.ThrowableCollector.execute(ThrowableCollector.java:73)
	at org.junit.jupiter.engine.descriptor.TestMethodTestDescriptor.invokeTestMethod(TestMethodTestDescriptor.java:214)
	at org.junit.jupiter.engine.descriptor.TestMethodTestDescriptor.execute(TestMethodTestDescriptor.java:139)
	at org.junit.jupiter.engine.descriptor.TestMethodTestDescriptor.execute(TestMethodTestDescriptor.java:69)
	at org.junit.platform.engine.support.hierarchical.NodeTestTask.lambda$executeRecursively$6(NodeTestTask.java:151)
	at org.junit.platform.engine.support.hierarchical.ThrowableCollector.execute(ThrowableCollector.java:73)
	at org.junit.platform.engine.support.hierarchical.NodeTestTask.lambda$executeRecursively$8(NodeTestTask.java:141)
	at org.junit.platform.engine.support.hierarchical.Node.around(Node.java:137)
	at org.junit.platform.engine.support.hierarchical.NodeTestTask.lambda$executeRecursively$9(NodeTestTask.java:139)
	at org.junit.platform.engine.support.hierarchical.ThrowableCollector.execute(ThrowableCollector.java:73)
	at org.junit.platform.engine.support.hierarchical.NodeTestTask.executeRecursively(NodeTestTask.java:138)
	at org.junit.platform.engine.support.hierarchical.NodeTestTask.execute(NodeTestTask.java:95)
	at java.base/java.util.ArrayList.forEach(ArrayList.java:1596)
	at org.junit.platform.engine.support.hierarchical.SameThreadHierarchicalTestExecutorService.invokeAll(SameThreadHierarchicalTestExecutorService.java:41)
	at org.junit.platform.engine.support.hierarchical.NodeTestTask.lambda$executeRecursively$6(NodeTestTask.java:155)
	at org.junit.platform.engine.support.hierarchical.ThrowableCollector.execute(ThrowableCollector.java:73)
	at org.junit.platform.engine.support.hierarchical.NodeTestTask.lambda$executeRecursively$8(NodeTestTask.java:141)
	at org.junit.platform.engine.support.hierarchical.Node.around(Node.java:137)
	at org.junit.platform.engine.support.hierarchical.NodeTestTask.lambda$executeRecursively$9(NodeTestTask.java:139)
	at org.junit.platform.engine.support.hierarchical.ThrowableCollector.execute(ThrowableCollector.java:73)
	at org.junit.platform.engine.support.hierarchical.NodeTestTask.executeRecursively(NodeTestTask.java:138)
	at org.junit.platform.engine.support.hierarchical.NodeTestTask.execute(NodeTestTask.java:95)
	at java.base/java.util.ArrayList.forEach(ArrayList.java:1596)
	at org.junit.platform.engine.support.hierarchical.SameThreadHierarchicalTestExecutorService.invokeAll(SameThreadHierarchicalTestExecutorService.java:41)
	at org.junit.platform.engine.support.hierarchical.NodeTestTask.lambda$executeRecursively$6(NodeTestTask.java:155)
	at org.junit.platform.engine.support.hierarchical.ThrowableCollector.execute(ThrowableCollector.java:73)
	at org.junit.platform.engine.support.hierarchical.NodeTestTask.lambda$executeRecursively$8(NodeTestTask.java:141)
	at org.junit.platform.engine.support.hierarchical.Node.around(Node.java:137)
	at org.junit.platform.engine.support.hierarchical.NodeTestTask.lambda$executeRecursively$9(NodeTestTask.java:139)
	at org.junit.platform.engine.support.hierarchical.ThrowableCollector.execute(ThrowableCollector.java:73)
	at org.junit.platform.engine.support.hierarchical.NodeTestTask.executeRecursively(NodeTestTask.java:138)
	at org.junit.platform.engine.support.hierarchical.NodeTestTask.execute(NodeTestTask.java:95)
	at org.junit.platform.engine.support.hierarchical.SameThreadHierarchicalTestExecutorService.submit(SameThreadHierarchicalTestExecutorService.java:35)
	at org.junit.platform.engine.support.hierarchical.HierarchicalTestExecutor.execute(HierarchicalTestExecutor.java:57)
	at org.junit.platform.engine.support.hierarchical.HierarchicalTestEngine.execute(HierarchicalTestEngine.java:54)
	at org.junit.platform.launcher.core.EngineExecutionOrchestrator.execute(EngineExecutionOrchestrator.java:198)
	at org.junit.platform.launcher.core.EngineExecutionOrchestrator.execute(EngineExecutionOrchestrator.java:169)
	at org.junit.platform.launcher.core.EngineExecutionOrchestrator.execute(EngineExecutionOrchestrator.java:93)
	at org.junit.platform.launcher.core.EngineExecutionOrchestrator.lambda$execute$0(EngineExecutionOrchestrator.java:58)
	at org.junit.platform.launcher.core.EngineExecutionOrchestrator.withInterceptedStreams(EngineExecutionOrchestrator.java:141)
	at org.junit.platform.launcher.core.EngineExecutionOrchestrator.execute(EngineExecutionOrchestrator.java:57)
	at org.junit.platform.launcher.core.DefaultLauncher.execute(DefaultLauncher.java:103)
	at org.junit.platform.launcher.core.DefaultLauncher.execute(DefaultLauncher.java:85)
	at org.junit.platform.launcher.core.DelegatingLauncher.execute(DelegatingLauncher.java:47)
	at org.apache.maven.surefire.junitplatform.LazyLauncher.execute(LazyLauncher.java:56)
	at org.apache.maven.surefire.junitplatform.JUnitPlatformProvider.execute(JUnitPlatformProvider.java:184)
	at org.apache.maven.surefire.junitplatform.JUnitPlatformProvider.invokeAllTests(JUnitPlatformProvider.java:148)
	at org.apache.maven.surefire.junitplatform.JUnitPlatformProvider.invoke(JUnitPlatformProvider.java:122)
	at org.apache.maven.surefire.booter.ForkedBooter.runSuitesInProcess(ForkedBooter.java:385)
	at org.apache.maven.surefire.booter.ForkedBooter.execute(ForkedBooter.java:162)
	at org.apache.maven.surefire.booter.ForkedBooter.run(ForkedBooter.java:507)
	at org.apache.maven.surefire.booter.ForkedBooter.main(ForkedBooter.java:495)
2026-03-18 23:12:12.977 [main] ERROR [e17644c7-da88-4055-9288-94ff06603632] [anonymous] com.messenger.logging.LoggingAspect - [SERVICE] AuthService.login() failed after 229ms: Bad credentials
2026-03-18 23:12:12.978 [main] ERROR [e17644c7-da88-4055-9288-94ff06603632] [anonymous] com.messenger.logging.LoggingAspect - [ERROR] User: anonymousUser | AuthController.login() threw exception: Bad credentials
org.springframework.security.authentication.BadCredentialsException: Bad credentials
	at org.springframework.security.authentication.dao.DaoAuthenticationProvider.additionalAuthenticationChecks(DaoAuthenticationProvider.java:89)
	at org.springframework.security.authentication.dao.AbstractUserDetailsAuthenticationProvider.authenticate(AbstractUserDetailsAuthenticationProvider.java:147)
	at org.springframework.security.authentication.ProviderManager.authenticate(ProviderManager.java:182)
	at com.messenger.service.AuthService.authenticateAndGenerateTokens(AuthService.java:114)
	at com.messenger.service.AuthService.login(AuthService.java:102)
	at java.base/jdk.internal.reflect.DirectMethodHandleAccessor.invoke(DirectMethodHandleAccessor.java:103)
	at java.base/java.lang.reflect.Method.invoke(Method.java:580)
	at org.springframework.aop.support.AopUtils.invokeJoinpointUsingReflection(AopUtils.java:352)
	at org.springframework.aop.framework.ReflectiveMethodInvocation.invokeJoinpoint(ReflectiveMethodInvocation.java:196)
	at org.springframework.aop.framework.ReflectiveMethodInvocation.proceed(ReflectiveMethodInvocation.java:163)
	at org.springframework.aop.framework.CglibAopProxy$CglibMethodInvocation.proceed(CglibAopProxy.java:765)
	at org.springframework.aop.aspectj.AspectJAfterThrowingAdvice.invoke(AspectJAfterThrowingAdvice.java:64)
	at org.springframework.aop.framework.ReflectiveMethodInvocation.proceed(ReflectiveMethodInvocation.java:184)
	at org.springframework.aop.framework.CglibAopProxy$CglibMethodInvocation.proceed(CglibAopProxy.java:765)
	at org.springframework.aop.aspectj.MethodInvocationProceedingJoinPoint.proceed(MethodInvocationProceedingJoinPoint.java:89)
	at com.messenger.logging.LoggingAspect.logServiceExecutionTime(LoggingAspect.java:89)
	at java.base/jdk.internal.reflect.DirectMethodHandleAccessor.invoke(DirectMethodHandleAccessor.java:103)
	at java.base/java.lang.reflect.Method.invoke(Method.java:580)
	at org.springframework.aop.aspectj.AbstractAspectJAdvice.invokeAdviceMethodWithGivenArgs(AbstractAspectJAdvice.java:637)
	at org.springframework.aop.aspectj.AbstractAspectJAdvice.invokeAdviceMethod(AbstractAspectJAdvice.java:627)
	at org.springframework.aop.aspectj.AspectJAroundAdvice.invoke(AspectJAroundAdvice.java:71)
	at org.springframework.aop.framework.ReflectiveMethodInvocation.proceed(ReflectiveMethodInvocation.java:184)
	at org.springframework.aop.framework.CglibAopProxy$CglibMethodInvocation.proceed(CglibAopProxy.java:765)
	at org.springframework.aop.interceptor.ExposeInvocationInterceptor.invoke(ExposeInvocationInterceptor.java:97)
	at org.springframework.aop.framework.ReflectiveMethodInvocation.proceed(ReflectiveMethodInvocation.java:184)
	at org.springframework.aop.framework.CglibAopProxy$CglibMethodInvocation.proceed(CglibAopProxy.java:765)
	at org.springframework.aop.framework.CglibAopProxy$DynamicAdvisedInterceptor.intercept(CglibAopProxy.java:717)
	at com.messenger.service.AuthService$$SpringCGLIB$$0.login(<generated>)
	at com.messenger.controller.AuthController.login(AuthController.java:49)
	at java.base/jdk.internal.reflect.DirectMethodHandleAccessor.invoke(DirectMethodHandleAccessor.java:103)
	at java.base/java.lang.reflect.Method.invoke(Method.java:580)
	at org.springframework.aop.support.AopUtils.invokeJoinpointUsingReflection(AopUtils.java:352)
	at org.springframework.aop.framework.ReflectiveMethodInvocation.invokeJoinpoint(ReflectiveMethodInvocation.java:196)
	at org.springframework.aop.framework.ReflectiveMethodInvocation.proceed(ReflectiveMethodInvocation.java:163)
	at org.springframework.aop.framework.CglibAopProxy$CglibMethodInvocation.proceed(CglibAopProxy.java:765)
	at org.springframework.aop.aspectj.AspectJAfterThrowingAdvice.invoke(AspectJAfterThrowingAdvice.java:64)
	at org.springframework.aop.framework.ReflectiveMethodInvocation.proceed(ReflectiveMethodInvocation.java:184)
	at org.springframework.aop.framework.CglibAopProxy$CglibMethodInvocation.proceed(CglibAopProxy.java:765)
	at org.springframework.aop.framework.adapter.AfterReturningAdviceInterceptor.invoke(AfterReturningAdviceInterceptor.java:57)
	at org.springframework.aop.framework.ReflectiveMethodInvocation.proceed(ReflectiveMethodInvocation.java:184)
	at org.springframework.aop.framework.CglibAopProxy$CglibMethodInvocation.proceed(CglibAopProxy.java:765)
	at org.springframework.aop.framework.adapter.MethodBeforeAdviceInterceptor.invoke(MethodBeforeAdviceInterceptor.java:58)
	at org.springframework.aop.framework.ReflectiveMethodInvocation.proceed(ReflectiveMethodInvocation.java:184)
	at org.springframework.aop.framework.CglibAopProxy$CglibMethodInvocation.proceed(CglibAopProxy.java:765)
	at org.springframework.aop.interceptor.ExposeInvocationInterceptor.invoke(ExposeInvocationInterceptor.java:97)
	at org.springframework.aop.framework.ReflectiveMethodInvocation.proceed(ReflectiveMethodInvocation.java:184)
	at org.springframework.aop.framework.CglibAopProxy$CglibMethodInvocation.proceed(CglibAopProxy.java:765)
	at org.springframework.aop.framework.CglibAopProxy$DynamicAdvisedInterceptor.intercept(CglibAopProxy.java:717)
	at com.messenger.controller.AuthController$$SpringCGLIB$$0.login(<generated>)
	at java.base/jdk.internal.reflect.DirectMethodHandleAccessor.invoke(DirectMethodHandleAccessor.java:103)
	at java.base/java.lang.reflect.Method.invoke(Method.java:580)
	at org.springframework.web.method.support.InvocableHandlerMethod.doInvoke(InvocableHandlerMethod.java:254)
	at org.springframework.web.method.support.InvocableHandlerMethod.invokeForRequest(InvocableHandlerMethod.java:182)
	at org.springframework.web.servlet.mvc.method.annotation.ServletInvocableHandlerMethod.invokeAndHandle(ServletInvocableHandlerMethod.java:118)
	at org.springframework.web.servlet.mvc.method.annotation.RequestMappingHandlerAdapter.invokeHandlerMethod(RequestMappingHandlerAdapter.java:917)
	at org.springframework.web.servlet.mvc.method.annotation.RequestMappingHandlerAdapter.handleInternal(RequestMappingHandlerAdapter.java:829)
	at org.springframework.web.servlet.mvc.method.AbstractHandlerMethodAdapter.handle(AbstractHandlerMethodAdapter.java:87)
	at org.springframework.web.servlet.DispatcherServlet.doDispatch(DispatcherServlet.java:1089)
	at org.springframework.web.servlet.DispatcherServlet.doService(DispatcherServlet.java:979)
	at org.springframework.web.servlet.FrameworkServlet.processRequest(FrameworkServlet.java:1014)
	at org.springframework.web.servlet.FrameworkServlet.doPost(FrameworkServlet.java:914)
	at jakarta.servlet.http.HttpServlet.service(HttpServlet.java:590)
	at org.springframework.web.servlet.FrameworkServlet.service(FrameworkServlet.java:885)
	at org.springframework.test.web.servlet.TestDispatcherServlet.service(TestDispatcherServlet.java:72)
	at jakarta.servlet.http.HttpServlet.service(HttpServlet.java:658)
	at org.springframework.mock.web.MockFilterChain$ServletFilterProxy.doFilter(MockFilterChain.java:165)
	at org.springframework.mock.web.MockFilterChain.doFilter(MockFilterChain.java:132)
	at org.springframework.web.filter.OncePerRequestFilter.doFilter(OncePerRequestFilter.java:110)
	at org.springframework.test.web.servlet.setup.MockMvcFilterDecorator.doFilter(MockMvcFilterDecorator.java:151)
	at org.springframework.mock.web.MockFilterChain.doFilter(MockFilterChain.java:132)
	at org.springframework.web.filter.OncePerRequestFilter.doFilter(OncePerRequestFilter.java:110)
	at org.springframework.test.web.servlet.setup.MockMvcFilterDecorator.doFilter(MockMvcFilterDecorator.java:151)
	at org.springframework.mock.web.MockFilterChain.doFilter(MockFilterChain.java:132)
	at org.springframework.security.web.FilterChainProxy.lambda$doFilterInternal$3(FilterChainProxy.java:231)
	at org.springframework.security.web.ObservationFilterChainDecorator$FilterObservation$SimpleFilterObservation.lambda$wrap$1(ObservationFilterChainDecorator.java:479)
	at org.springframework.security.web.ObservationFilterChainDecorator$AroundFilterObservation$SimpleAroundFilterObservation.lambda$wrap$1(ObservationFilterChainDecorator.java:340)
	at org.springframework.security.web.ObservationFilterChainDecorator.lambda$wrapSecured$0(ObservationFilterChainDecorator.java:82)
	at org.springframework.security.web.ObservationFilterChainDecorator$VirtualFilterChain.doFilter(ObservationFilterChainDecorator.java:128)
	at org.springframework.security.web.access.intercept.AuthorizationFilter.doFilter(AuthorizationFilter.java:100)
	at org.springframework.security.web.ObservationFilterChainDecorator$ObservationFilter.wrapFilter(ObservationFilterChainDecorator.java:240)
	at org.springframework.security.web.ObservationFilterChainDecorator$ObservationFilter.doFilter(ObservationFilterChainDecorator.java:227)
	at org.springframework.security.web.ObservationFilterChainDecorator$VirtualFilterChain.doFilter(ObservationFilterChainDecorator.java:137)
	at org.springframework.security.web.access.ExceptionTranslationFilter.doFilter(ExceptionTranslationFilter.java:126)
	at org.springframework.security.web.access.ExceptionTranslationFilter.doFilter(ExceptionTranslationFilter.java:120)
	at org.springframework.security.web.ObservationFilterChainDecorator$ObservationFilter.wrapFilter(ObservationFilterChainDecorator.java:240)
	at org.springframework.security.web.ObservationFilterChainDecorator$ObservationFilter.doFilter(ObservationFilterChainDecorator.java:227)
	at org.springframework.security.web.ObservationFilterChainDecorator$VirtualFilterChain.doFilter(ObservationFilterChainDecorator.java:137)
	at org.springframework.security.web.session.SessionManagementFilter.doFilter(SessionManagementFilter.java:131)
	at org.springframework.security.web.session.SessionManagementFilter.doFilter(SessionManagementFilter.java:85)
	at org.springframework.security.web.ObservationFilterChainDecorator$ObservationFilter.wrapFilter(ObservationFilterChainDecorator.java:240)
	at org.springframework.security.web.ObservationFilterChainDecorator$ObservationFilter.doFilter(ObservationFilterChainDecorator.java:227)
	at org.springframework.security.web.ObservationFilterChainDecorator$VirtualFilterChain.doFilter(ObservationFilterChainDecorator.java:137)
	at org.springframework.security.web.authentication.AnonymousAuthenticationFilter.doFilter(AnonymousAuthenticationFilter.java:100)
	at org.springframework.security.web.ObservationFilterChainDecorator$ObservationFilter.wrapFilter(ObservationFilterChainDecorator.java:240)
	at org.springframework.security.web.ObservationFilterChainDecorator$ObservationFilter.doFilter(ObservationFilterChainDecorator.java:227)
	at org.springframework.security.web.ObservationFilterChainDecorator$VirtualFilterChain.doFilter(ObservationFilterChainDecorator.java:137)
	at org.springframework.security.web.servletapi.SecurityContextHolderAwareRequestFilter.doFilter(SecurityContextHolderAwareRequestFilter.java:179)
	at org.springframework.security.web.ObservationFilterChainDecorator$ObservationFilter.wrapFilter(ObservationFilterChainDecorator.java:240)
	at org.springframework.security.web.ObservationFilterChainDecorator$ObservationFilter.doFilter(ObservationFilterChainDecorator.java:227)
	at org.springframework.security.web.ObservationFilterChainDecorator$VirtualFilterChain.doFilter(ObservationFilterChainDecorator.java:137)
	at org.springframework.security.web.savedrequest.RequestCacheAwareFilter.doFilter(RequestCacheAwareFilter.java:63)
	at org.springframework.security.web.ObservationFilterChainDecorator$ObservationFilter.wrapFilter(ObservationFilterChainDecorator.java:240)
	at org.springframework.security.web.ObservationFilterChainDecorator$ObservationFilter.doFilter(ObservationFilterChainDecorator.java:227)
	at org.springframework.security.web.ObservationFilterChainDecorator$VirtualFilterChain.doFilter(ObservationFilterChainDecorator.java:137)
	at com.messenger.filter.AuthRateLimitFilter.doFilterInternal(AuthRateLimitFilter.java:80)
	at org.springframework.web.filter.OncePerRequestFilter.doFilter(OncePerRequestFilter.java:116)
	at org.springframework.security.web.ObservationFilterChainDecorator$ObservationFilter.wrapFilter(ObservationFilterChainDecorator.java:240)
	at org.springframework.security.web.ObservationFilterChainDecorator$ObservationFilter.doFilter(ObservationFilterChainDecorator.java:227)
	at org.springframework.security.web.ObservationFilterChainDecorator$VirtualFilterChain.doFilter(ObservationFilterChainDecorator.java:137)
	at com.messenger.security.JwtAuthenticationFilter.doFilterInternal(JwtAuthenticationFilter.java:74)
	at org.springframework.web.filter.OncePerRequestFilter.doFilter(OncePerRequestFilter.java:116)
	at org.springframework.security.web.ObservationFilterChainDecorator$ObservationFilter.wrapFilter(ObservationFilterChainDecorator.java:240)
	at org.springframework.security.web.ObservationFilterChainDecorator$ObservationFilter.doFilter(ObservationFilterChainDecorator.java:227)
	at org.springframework.security.web.ObservationFilterChainDecorator$VirtualFilterChain.doFilter(ObservationFilterChainDecorator.java:137)
	at org.springframework.security.web.authentication.logout.LogoutFilter.doFilter(LogoutFilter.java:107)
	at org.springframework.security.web.authentication.logout.LogoutFilter.doFilter(LogoutFilter.java:93)
	at org.springframework.security.web.ObservationFilterChainDecorator$ObservationFilter.wrapFilter(ObservationFilterChainDecorator.java:240)
	at org.springframework.security.web.ObservationFilterChainDecorator$ObservationFilter.doFilter(ObservationFilterChainDecorator.java:227)
	at org.springframework.security.web.ObservationFilterChainDecorator$VirtualFilterChain.doFilter(ObservationFilterChainDecorator.java:137)
	at org.springframework.security.web.csrf.CsrfFilter.doFilterInternal(CsrfFilter.java:117)
	at org.springframework.web.filter.OncePerRequestFilter.doFilter(OncePerRequestFilter.java:116)
	at org.springframework.security.web.ObservationFilterChainDecorator$ObservationFilter.wrapFilter(ObservationFilterChainDecorator.java:240)
	at org.springframework.security.web.ObservationFilterChainDecorator$ObservationFilter.doFilter(ObservationFilterChainDecorator.java:227)
	at org.springframework.security.web.ObservationFilterChainDecorator$VirtualFilterChain.doFilter(ObservationFilterChainDecorator.java:137)
	at org.springframework.web.filter.CorsFilter.doFilterInternal(CorsFilter.java:91)
	at org.springframework.web.filter.OncePerRequestFilter.doFilter(OncePerRequestFilter.java:116)
	at org.springframework.security.web.ObservationFilterChainDecorator$ObservationFilter.wrapFilter(ObservationFilterChainDecorator.java:240)
	at org.springframework.security.web.ObservationFilterChainDecorator$ObservationFilter.doFilter(ObservationFilterChainDecorator.java:227)
	at org.springframework.security.web.ObservationFilterChainDecorator$VirtualFilterChain.doFilter(ObservationFilterChainDecorator.java:137)
	at org.springframework.security.web.header.HeaderWriterFilter.doHeadersAfter(HeaderWriterFilter.java:90)
	at org.springframework.security.web.header.HeaderWriterFilter.doFilterInternal(HeaderWriterFilter.java:75)
	at org.springframework.web.filter.OncePerRequestFilter.doFilter(OncePerRequestFilter.java:116)
	at org.springframework.security.web.ObservationFilterChainDecorator$ObservationFilter.wrapFilter(ObservationFilterChainDecorator.java:240)
	at org.springframework.security.web.ObservationFilterChainDecorator$ObservationFilter.doFilter(ObservationFilterChainDecorator.java:227)
	at org.springframework.security.web.ObservationFilterChainDecorator$VirtualFilterChain.doFilter(ObservationFilterChainDecorator.java:137)
	at org.springframework.security.web.context.SecurityContextHolderFilter.doFilter(SecurityContextHolderFilter.java:82)
	at org.springframework.security.web.context.SecurityContextHolderFilter.doFilter(SecurityContextHolderFilter.java:69)
	at org.springframework.security.web.ObservationFilterChainDecorator$ObservationFilter.wrapFilter(ObservationFilterChainDecorator.java:240)
	at org.springframework.security.web.ObservationFilterChainDecorator$ObservationFilter.doFilter(ObservationFilterChainDecorator.java:227)
	at org.springframework.security.web.ObservationFilterChainDecorator$VirtualFilterChain.doFilter(ObservationFilterChainDecorator.java:137)
	at org.springframework.security.web.context.request.async.WebAsyncManagerIntegrationFilter.doFilterInternal(WebAsyncManagerIntegrationFilter.java:62)
	at org.springframework.web.filter.OncePerRequestFilter.doFilter(OncePerRequestFilter.java:116)
	at org.springframework.security.web.ObservationFilterChainDecorator$ObservationFilter.wrapFilter(ObservationFilterChainDecorator.java:240)
	at org.springframework.security.web.ObservationFilterChainDecorator$ObservationFilter.doFilter(ObservationFilterChainDecorator.java:227)
	at org.springframework.security.web.ObservationFilterChainDecorator$VirtualFilterChain.doFilter(ObservationFilterChainDecorator.java:137)
	at org.springframework.security.web.session.DisableEncodeUrlFilter.doFilterInternal(DisableEncodeUrlFilter.java:42)
	at org.springframework.web.filter.OncePerRequestFilter.doFilter(OncePerRequestFilter.java:116)
	at org.springframework.security.web.ObservationFilterChainDecorator$ObservationFilter.wrapFilter(ObservationFilterChainDecorator.java:240)
	at org.springframework.security.web.ObservationFilterChainDecorator$AroundFilterObservation$SimpleAroundFilterObservation.lambda$wrap$0(ObservationFilterChainDecorator.java:323)
	at org.springframework.security.web.ObservationFilterChainDecorator$ObservationFilter.doFilter(ObservationFilterChainDecorator.java:224)
	at org.springframework.security.web.ObservationFilterChainDecorator$VirtualFilterChain.doFilter(ObservationFilterChainDecorator.java:137)
	at org.springframework.security.web.FilterChainProxy.doFilterInternal(FilterChainProxy.java:233)
	at org.springframework.security.web.FilterChainProxy.doFilter(FilterChainProxy.java:191)
	at org.springframework.web.filter.DelegatingFilterProxy.invokeDelegate(DelegatingFilterProxy.java:352)
	at org.springframework.web.filter.DelegatingFilterProxy.doFilter(DelegatingFilterProxy.java:268)
	at org.springframework.test.web.servlet.setup.MockMvcFilterDecorator.doFilter(MockMvcFilterDecorator.java:151)
	at org.springframework.mock.web.MockFilterChain.doFilter(MockFilterChain.java:132)
	at org.springframework.web.filter.RequestContextFilter.doFilterInternal(RequestContextFilter.java:100)
	at org.springframework.web.filter.OncePerRequestFilter.doFilter(OncePerRequestFilter.java:116)
	at org.springframework.test.web.servlet.setup.MockMvcFilterDecorator.doFilter(MockMvcFilterDecorator.java:151)
	at org.springframework.mock.web.MockFilterChain.doFilter(MockFilterChain.java:132)
	at org.springframework.web.filter.FormContentFilter.doFilterInternal(FormContentFilter.java:93)
	at org.springframework.web.filter.OncePerRequestFilter.doFilter(OncePerRequestFilter.java:116)
	at org.springframework.test.web.servlet.setup.MockMvcFilterDecorator.doFilter(MockMvcFilterDecorator.java:151)
	at org.springframework.mock.web.MockFilterChain.doFilter(MockFilterChain.java:132)
	at com.messenger.security.RateLimitingFilter.doFilterInternal(RateLimitingFilter.java:70)
	at org.springframework.web.filter.OncePerRequestFilter.doFilter(OncePerRequestFilter.java:116)
	at org.springframework.test.web.servlet.setup.MockMvcFilterDecorator.doFilter(MockMvcFilterDecorator.java:151)
	at org.springframework.mock.web.MockFilterChain.doFilter(MockFilterChain.java:132)
	at org.springframework.web.filter.ServerHttpObservationFilter.doFilterInternal(ServerHttpObservationFilter.java:109)
	at org.springframework.web.filter.OncePerRequestFilter.doFilter(OncePerRequestFilter.java:116)
	at org.springframework.test.web.servlet.setup.MockMvcFilterDecorator.doFilter(MockMvcFilterDecorator.java:151)
	at org.springframework.mock.web.MockFilterChain.doFilter(MockFilterChain.java:132)
	at org.springframework.web.filter.CharacterEncodingFilter.doFilterInternal(CharacterEncodingFilter.java:201)
	at org.springframework.web.filter.OncePerRequestFilter.doFilter(OncePerRequestFilter.java:116)
	at org.springframework.test.web.servlet.setup.MockMvcFilterDecorator.doFilter(MockMvcFilterDecorator.java:151)
	at org.springframework.mock.web.MockFilterChain.doFilter(MockFilterChain.java:132)
	at com.messenger.logging.MDCLoggingFilter.doFilterInternal(MDCLoggingFilter.java:56)
	at org.springframework.web.filter.OncePerRequestFilter.doFilter(OncePerRequestFilter.java:116)
	at org.springframework.test.web.servlet.setup.MockMvcFilterDecorator.doFilter(MockMvcFilterDecorator.java:151)
	at org.springframework.mock.web.MockFilterChain.doFilter(MockFilterChain.java:132)
	at com.messenger.config.Utf8EncodingFilter.doFilter(Utf8EncodingFilter.java:53)
	at org.springframework.test.web.servlet.setup.MockMvcFilterDecorator.doFilter(MockMvcFilterDecorator.java:151)
	at org.springframework.mock.web.MockFilterChain.doFilter(MockFilterChain.java:132)
	at org.springframework.test.web.servlet.MockMvc.perform(MockMvc.java:201)
	at com.messenger.config.SecurityConfigTest.testInvalidCredentials(SecurityConfigTest.java:149)
	at java.base/jdk.internal.reflect.DirectMethodHandleAccessor.invoke(DirectMethodHandleAccessor.java:103)
	at java.base/java.lang.reflect.Method.invoke(Method.java:580)
	at org.junit.platform.commons.util.ReflectionUtils.invokeMethod(ReflectionUtils.java:728)
	at org.junit.jupiter.engine.execution.MethodInvocation.proceed(MethodInvocation.java:60)
	at org.junit.jupiter.engine.execution.InvocationInterceptorChain$ValidatingInvocation.proceed(InvocationInterceptorChain.java:131)
	at org.junit.jupiter.engine.extension.TimeoutExtension.intercept(TimeoutExtension.java:156)
	at org.junit.jupiter.engine.extension.TimeoutExtension.interceptTestableMethod(TimeoutExtension.java:147)
	at org.junit.jupiter.engine.extension.TimeoutExtension.interceptTestMethod(TimeoutExtension.java:86)
	at org.junit.jupiter.engine.execution.InterceptingExecutableInvoker$ReflectiveInterceptorCall.lambda$ofVoidMethod$0(InterceptingExecutableInvoker.java:103)
	at org.junit.jupiter.engine.execution.InterceptingExecutableInvoker.lambda$invoke$0(InterceptingExecutableInvoker.java:93)
	at org.junit.jupiter.engine.execution.InvocationInterceptorChain$InterceptedInvocation.proceed(InvocationInterceptorChain.java:106)
	at org.junit.jupiter.engine.execution.InvocationInterceptorChain.proceed(InvocationInterceptorChain.java:64)
	at org.junit.jupiter.engine.execution.InvocationInterceptorChain.chainAndInvoke(InvocationInterceptorChain.java:45)
	at org.junit.jupiter.engine.execution.InvocationInterceptorChain.invoke(InvocationInterceptorChain.java:37)
	at org.junit.jupiter.engine.execution.InterceptingExecutableInvoker.invoke(InterceptingExecutableInvoker.java:92)
	at org.junit.jupiter.engine.execution.InterceptingExecutableInvoker.invoke(InterceptingExecutableInvoker.java:86)
	at org.junit.jupiter.engine.descriptor.TestMethodTestDescriptor.lambda$invokeTestMethod$7(TestMethodTestDescriptor.java:218)
	at org.junit.platform.engine.support.hierarchical.ThrowableCollector.execute(ThrowableCollector.java:73)
	at org.junit.jupiter.engine.descriptor.TestMethodTestDescriptor.invokeTestMethod(TestMethodTestDescriptor.java:214)
	at org.junit.jupiter.engine.descriptor.TestMethodTestDescriptor.execute(TestMethodTestDescriptor.java:139)
	at org.junit.jupiter.engine.descriptor.TestMethodTestDescriptor.execute(TestMethodTestDescriptor.java:69)
	at org.junit.platform.engine.support.hierarchical.NodeTestTask.lambda$executeRecursively$6(NodeTestTask.java:151)
	at org.junit.platform.engine.support.hierarchical.ThrowableCollector.execute(ThrowableCollector.java:73)
	at org.junit.platform.engine.support.hierarchical.NodeTestTask.lambda$executeRecursively$8(NodeTestTask.java:141)
	at org.junit.platform.engine.support.hierarchical.Node.around(Node.java:137)
	at org.junit.platform.engine.support.hierarchical.NodeTestTask.lambda$executeRecursively$9(NodeTestTask.java:139)
	at org.junit.platform.engine.support.hierarchical.ThrowableCollector.execute(ThrowableCollector.java:73)
	at org.junit.platform.engine.support.hierarchical.NodeTestTask.executeRecursively(NodeTestTask.java:138)
	at org.junit.platform.engine.support.hierarchical.NodeTestTask.execute(NodeTestTask.java:95)
	at java.base/java.util.ArrayList.forEach(ArrayList.java:1596)
	at org.junit.platform.engine.support.hierarchical.SameThreadHierarchicalTestExecutorService.invokeAll(SameThreadHierarchicalTestExecutorService.java:41)
	at org.junit.platform.engine.support.hierarchical.NodeTestTask.lambda$executeRecursively$6(NodeTestTask.java:155)
	at org.junit.platform.engine.support.hierarchical.ThrowableCollector.execute(ThrowableCollector.java:73)
	at org.junit.platform.engine.support.hierarchical.NodeTestTask.lambda$executeRecursively$8(NodeTestTask.java:141)
	at org.junit.platform.engine.support.hierarchical.Node.around(Node.java:137)
	at org.junit.platform.engine.support.hierarchical.NodeTestTask.lambda$executeRecursively$9(NodeTestTask.java:139)
	at org.junit.platform.engine.support.hierarchical.ThrowableCollector.execute(ThrowableCollector.java:73)
	at org.junit.platform.engine.support.hierarchical.NodeTestTask.executeRecursively(NodeTestTask.java:138)
	at org.junit.platform.engine.support.hierarchical.NodeTestTask.execute(NodeTestTask.java:95)
	at java.base/java.util.ArrayList.forEach(ArrayList.java:1596)
	at org.junit.platform.engine.support.hierarchical.SameThreadHierarchicalTestExecutorService.invokeAll(SameThreadHierarchicalTestExecutorService.java:41)
	at org.junit.platform.engine.support.hierarchical.NodeTestTask.lambda$executeRecursively$6(NodeTestTask.java:155)
	at org.junit.platform.engine.support.hierarchical.ThrowableCollector.execute(ThrowableCollector.java:73)
	at org.junit.platform.engine.support.hierarchical.NodeTestTask.lambda$executeRecursively$8(NodeTestTask.java:141)
	at org.junit.platform.engine.support.hierarchical.Node.around(Node.java:137)
	at org.junit.platform.engine.support.hierarchical.NodeTestTask.lambda$executeRecursively$9(NodeTestTask.java:139)
	at org.junit.platform.engine.support.hierarchical.ThrowableCollector.execute(ThrowableCollector.java:73)
	at org.junit.platform.engine.support.hierarchical.NodeTestTask.executeRecursively(NodeTestTask.java:138)
	at org.junit.platform.engine.support.hierarchical.NodeTestTask.execute(NodeTestTask.java:95)
	at org.junit.platform.engine.support.hierarchical.SameThreadHierarchicalTestExecutorService.submit(SameThreadHierarchicalTestExecutorService.java:35)
	at org.junit.platform.engine.support.hierarchical.HierarchicalTestExecutor.execute(HierarchicalTestExecutor.java:57)
	at org.junit.platform.engine.support.hierarchical.HierarchicalTestEngine.execute(HierarchicalTestEngine.java:54)
	at org.junit.platform.launcher.core.EngineExecutionOrchestrator.execute(EngineExecutionOrchestrator.java:198)
	at org.junit.platform.launcher.core.EngineExecutionOrchestrator.execute(EngineExecutionOrchestrator.java:169)
	at org.junit.platform.launcher.core.EngineExecutionOrchestrator.execute(EngineExecutionOrchestrator.java:93)
	at org.junit.platform.launcher.core.EngineExecutionOrchestrator.lambda$execute$0(EngineExecutionOrchestrator.java:58)
	at org.junit.platform.launcher.core.EngineExecutionOrchestrator.withInterceptedStreams(EngineExecutionOrchestrator.java:141)
	at org.junit.platform.launcher.core.EngineExecutionOrchestrator.execute(EngineExecutionOrchestrator.java:57)
	at org.junit.platform.launcher.core.DefaultLauncher.execute(DefaultLauncher.java:103)
	at org.junit.platform.launcher.core.DefaultLauncher.execute(DefaultLauncher.java:85)
	at org.junit.platform.launcher.core.DelegatingLauncher.execute(DelegatingLauncher.java:47)
	at org.apache.maven.surefire.junitplatform.LazyLauncher.execute(LazyLauncher.java:56)
	at org.apache.maven.surefire.junitplatform.JUnitPlatformProvider.execute(JUnitPlatformProvider.java:184)
	at org.apache.maven.surefire.junitplatform.JUnitPlatformProvider.invokeAllTests(JUnitPlatformProvider.java:148)
	at org.apache.maven.surefire.junitplatform.JUnitPlatformProvider.invoke(JUnitPlatformProvider.java:122)
	at org.apache.maven.surefire.booter.ForkedBooter.runSuitesInProcess(ForkedBooter.java:385)
	at org.apache.maven.surefire.booter.ForkedBooter.execute(ForkedBooter.java:162)
	at org.apache.maven.surefire.booter.ForkedBooter.run(ForkedBooter.java:507)
	at org.apache.maven.surefire.booter.ForkedBooter.main(ForkedBooter.java:495)
2026-03-18 23:12:12.979 [main] WARN  [e17644c7-da88-4055-9288-94ff06603632] [anonymous] c.m.exception.GlobalExceptionHandler - Authentication failed: Bad credentials
2026-03-18 23:12:13.646 [main] DEBUG [] [] c.m.filter.AuthRateLimitFilter - Rate limit check for ratelimit:login:203.0.113.5: 2/5 attempts
2026-03-18 23:12:13.647 [main] DEBUG [] [] c.m.filter.AuthRateLimitFilter - Rate limit check for ratelimit:login:203.0.113.5: 3/5 attempts
2026-03-18 23:12:13.647 [main] DEBUG [] [] c.m.filter.AuthRateLimitFilter - Rate limit check for ratelimit:login:203.0.113.5: 4/5 attempts
2026-03-18 23:12:13.648 [main] DEBUG [] [] c.m.filter.AuthRateLimitFilter - Rate limit check for ratelimit:login:203.0.113.5: 5/5 attempts
2026-03-18 23:12:13.648 [main] WARN  [] [] c.m.filter.AuthRateLimitFilter - Rate limit exceeded for ratelimit:login:203.0.113.5: 6 attempts
2026-03-18 23:12:13.649 [main] WARN  [] [] c.m.filter.AuthRateLimitFilter - Rate limit response sent: retry after 60 seconds
2026-03-18 23:12:13.689 [main] DEBUG [] [] c.m.filter.AuthRateLimitFilter - Rate limit check for ratelimit:login:192.168.1.1: 2/5 attempts
2026-03-18 23:12:13.691 [main] DEBUG [] [] c.m.filter.AuthRateLimitFilter - Rate limit check for ratelimit:login:192.168.1.1: 3/5 attempts
2026-03-18 23:12:13.692 [main] DEBUG [] [] c.m.filter.AuthRateLimitFilter - Rate limit check for ratelimit:login:192.168.1.1: 4/5 attempts
2026-03-18 23:12:13.693 [main] DEBUG [] [] c.m.filter.AuthRateLimitFilter - Rate limit check for ratelimit:login:192.168.1.1: 5/5 attempts
2026-03-18 23:12:13.694 [main] WARN  [] [] c.m.filter.AuthRateLimitFilter - Rate limit exceeded for ratelimit:login:192.168.1.1: 6 attempts
2026-03-18 23:12:13.696 [main] WARN  [] [] c.m.filter.AuthRateLimitFilter - Rate limit response sent: retry after 60 seconds
2026-03-18 23:12:13.697 [main] DEBUG [] [] c.m.filter.AuthRateLimitFilter - Rate limit check for ratelimit:register:192.168.1.1: 2/3 attempts
2026-03-18 23:12:13.697 [main] DEBUG [] [] c.m.filter.AuthRateLimitFilter - Rate limit check for ratelimit:register:192.168.1.1: 3/3 attempts
2026-03-18 23:12:13.697 [main] WARN  [] [] c.m.filter.AuthRateLimitFilter - Rate limit exceeded for ratelimit:register:192.168.1.1: 4 attempts
2026-03-18 23:12:13.697 [main] WARN  [] [] c.m.filter.AuthRateLimitFilter - Rate limit response sent: retry after 60 seconds
2026-03-18 23:12:13.705 [main] DEBUG [] [] c.m.filter.AuthRateLimitFilter - Rate limit check for ratelimit:login:192.168.1.1: 2/5 attempts
2026-03-18 23:12:13.706 [main] DEBUG [] [] c.m.filter.AuthRateLimitFilter - Rate limit check for ratelimit:login:192.168.1.1: 3/5 attempts
2026-03-18 23:12:13.707 [main] DEBUG [] [] c.m.filter.AuthRateLimitFilter - Rate limit check for ratelimit:login:192.168.1.1: 4/5 attempts
2026-03-18 23:12:13.709 [main] DEBUG [] [] c.m.filter.AuthRateLimitFilter - Rate limit check for ratelimit:login:192.168.1.1: 5/5 attempts
2026-03-18 23:12:13.752 [main] DEBUG [] [] c.m.filter.AuthRateLimitFilter - Rate limit check for ratelimit:login:192.168.1.1: 2/5 attempts
2026-03-18 23:12:13.753 [main] DEBUG [] [] c.m.filter.AuthRateLimitFilter - Rate limit check for ratelimit:login:192.168.1.1: 3/5 attempts
2026-03-18 23:12:13.753 [main] DEBUG [] [] c.m.filter.AuthRateLimitFilter - Rate limit check for ratelimit:login:192.168.1.1: 4/5 attempts
2026-03-18 23:12:13.753 [main] DEBUG [] [] c.m.filter.AuthRateLimitFilter - Rate limit check for ratelimit:login:192.168.1.1: 5/5 attempts
2026-03-18 23:12:13.753 [main] WARN  [] [] c.m.filter.AuthRateLimitFilter - Rate limit exceeded for ratelimit:login:192.168.1.1: 6 attempts
2026-03-18 23:12:13.754 [main] WARN  [] [] c.m.filter.AuthRateLimitFilter - Rate limit response sent: retry after 60 seconds
2026-03-18 23:12:13.759 [main] DEBUG [] [] c.m.filter.AuthRateLimitFilter - Rate limit check for ratelimit:login:192.168.1.1: 2/5 attempts
2026-03-18 23:12:13.759 [main] DEBUG [] [] c.m.filter.AuthRateLimitFilter - Rate limit check for ratelimit:login:192.168.1.1: 3/5 attempts
2026-03-18 23:12:13.759 [main] DEBUG [] [] c.m.filter.AuthRateLimitFilter - Rate limit check for ratelimit:login:192.168.1.1: 4/5 attempts
2026-03-18 23:12:13.759 [main] DEBUG [] [] c.m.filter.AuthRateLimitFilter - Rate limit check for ratelimit:login:192.168.1.1: 5/5 attempts
2026-03-18 23:12:13.760 [main] WARN  [] [] c.m.filter.AuthRateLimitFilter - Rate limit exceeded for ratelimit:login:192.168.1.1: 6 attempts
2026-03-18 23:12:13.760 [main] WARN  [] [] c.m.filter.AuthRateLimitFilter - Rate limit response sent: retry after 60 seconds
2026-03-18 23:12:13.769 [main] DEBUG [] [] c.m.filter.AuthRateLimitFilter - Rate limit check for ratelimit:login:192.168.1.1: 2/5 attempts
2026-03-18 23:12:13.769 [main] DEBUG [] [] c.m.filter.AuthRateLimitFilter - Rate limit check for ratelimit:login:192.168.1.1: 3/5 attempts
2026-03-18 23:12:13.770 [main] DEBUG [] [] c.m.filter.AuthRateLimitFilter - Rate limit check for ratelimit:login:192.168.1.1: 4/5 attempts
2026-03-18 23:12:13.770 [main] DEBUG [] [] c.m.filter.AuthRateLimitFilter - Rate limit check for ratelimit:login:192.168.1.1: 5/5 attempts
2026-03-18 23:12:13.773 [main] DEBUG [] [] c.m.filter.AuthRateLimitFilter - Rate limit check for ratelimit:login:192.168.1.2: 2/5 attempts
2026-03-18 23:12:13.773 [main] DEBUG [] [] c.m.filter.AuthRateLimitFilter - Rate limit check for ratelimit:login:192.168.1.2: 3/5 attempts
2026-03-18 23:12:13.773 [main] DEBUG [] [] c.m.filter.AuthRateLimitFilter - Rate limit check for ratelimit:login:192.168.1.2: 4/5 attempts
2026-03-18 23:12:13.774 [main] DEBUG [] [] c.m.filter.AuthRateLimitFilter - Rate limit check for ratelimit:login:192.168.1.2: 5/5 attempts
2026-03-18 23:12:13.820 [main] ERROR [] [] c.m.security.JwtTokenProvider - Invalid JWT token
2026-03-18 23:12:13.942 [main] DEBUG [] [] c.messenger.security.PBKDF2Service - Key derived successfully using PBKDF2 (iterations: 100000)
2026-03-18 23:12:13.972 [main] DEBUG [] [] c.messenger.security.PBKDF2Service - Key derived successfully using PBKDF2 (iterations: 100000)
2026-03-18 23:12:13.999 [main] DEBUG [] [] c.messenger.security.PBKDF2Service - Key derived successfully using PBKDF2 (iterations: 100000)
2026-03-18 23:12:14.022 [main] DEBUG [] [] c.messenger.security.PBKDF2Service - Key derived successfully using PBKDF2 (iterations: 100000)
2026-03-18 23:12:14.055 [main] DEBUG [] [] c.messenger.security.PBKDF2Service - Key derived successfully using PBKDF2 (iterations: 100000)
2026-03-18 23:12:14.107 [main] DEBUG [] [] c.messenger.security.PBKDF2Service - Key derived successfully using PBKDF2 (iterations: 100000)
2026-03-18 23:12:14.130 [main] DEBUG [] [] c.messenger.security.PBKDF2Service - Key derived successfully using PBKDF2 (iterations: 100000)
2026-03-18 23:12:14.142 [MessageBroker-1] DEBUG [] [] c.m.service.DeviceHeartbeatScheduler - Running scheduled stale device cleanup
2026-03-18 23:12:14.147 [MessageBroker-1] INFO  [] [] com.messenger.service.DeviceService - Cleaned up 0 stale devices
2026-03-18 23:12:14.147 [MessageBroker-1] DEBUG [] [] com.messenger.logging.LoggingAspect - [SERVICE] DeviceService.cleanupStaleDevices() executed in 2ms
2026-03-18 23:12:14.159 [main] DEBUG [] [] c.messenger.security.PBKDF2Service - Key derived successfully using PBKDF2 (iterations: 100000)
2026-03-18 23:12:14.163 [main] ERROR [] [] c.messenger.security.PBKDF2Service - Invalid salt encoding
java.lang.IllegalArgumentException: Illegal base64 character 2d
	at java.base/java.util.Base64$Decoder.decode0(Base64.java:852)
	at java.base/java.util.Base64$Decoder.decode(Base64.java:570)
	at java.base/java.util.Base64$Decoder.decode(Base64.java:593)
	at com.messenger.security.PBKDF2Service.deriveKeyFromPassword(PBKDF2Service.java:50)
	at com.messenger.security.PBKDF2ServiceTest.lambda$testDeriveKeyWithInvalidSalt$0(PBKDF2ServiceTest.java:178)
	at org.junit.jupiter.api.AssertThrows.assertThrows(AssertThrows.java:53)
	at org.junit.jupiter.api.AssertThrows.assertThrows(AssertThrows.java:35)
	at org.junit.jupiter.api.Assertions.assertThrows(Assertions.java:3115)
	at com.messenger.security.PBKDF2ServiceTest.testDeriveKeyWithInvalidSalt(PBKDF2ServiceTest.java:177)
	at java.base/jdk.internal.reflect.DirectMethodHandleAccessor.invoke(DirectMethodHandleAccessor.java:103)
	at java.base/java.lang.reflect.Method.invoke(Method.java:580)
	at org.junit.platform.commons.util.ReflectionUtils.invokeMethod(ReflectionUtils.java:728)
	at org.junit.jupiter.engine.execution.MethodInvocation.proceed(MethodInvocation.java:60)
	at org.junit.jupiter.engine.execution.InvocationInterceptorChain$ValidatingInvocation.proceed(InvocationInterceptorChain.java:131)
	at org.junit.jupiter.engine.extension.TimeoutExtension.intercept(TimeoutExtension.java:156)
	at org.junit.jupiter.engine.extension.TimeoutExtension.interceptTestableMethod(TimeoutExtension.java:147)
	at org.junit.jupiter.engine.extension.TimeoutExtension.interceptTestMethod(TimeoutExtension.java:86)
	at org.junit.jupiter.engine.execution.InterceptingExecutableInvoker$ReflectiveInterceptorCall.lambda$ofVoidMethod$0(InterceptingExecutableInvoker.java:103)
	at org.junit.jupiter.engine.execution.InterceptingExecutableInvoker.lambda$invoke$0(InterceptingExecutableInvoker.java:93)
	at org.junit.jupiter.engine.execution.InvocationInterceptorChain$InterceptedInvocation.proceed(InvocationInterceptorChain.java:106)
	at org.junit.jupiter.engine.execution.InvocationInterceptorChain.proceed(InvocationInterceptorChain.java:64)
	at org.junit.jupiter.engine.execution.InvocationInterceptorChain.chainAndInvoke(InvocationInterceptorChain.java:45)
	at org.junit.jupiter.engine.execution.InvocationInterceptorChain.invoke(InvocationInterceptorChain.java:37)
	at org.junit.jupiter.engine.execution.InterceptingExecutableInvoker.invoke(InterceptingExecutableInvoker.java:92)
	at org.junit.jupiter.engine.execution.InterceptingExecutableInvoker.invoke(InterceptingExecutableInvoker.java:86)
	at org.junit.jupiter.engine.descriptor.TestMethodTestDescriptor.lambda$invokeTestMethod$7(TestMethodTestDescriptor.java:218)
	at org.junit.platform.engine.support.hierarchical.ThrowableCollector.execute(ThrowableCollector.java:73)
	at org.junit.jupiter.engine.descriptor.TestMethodTestDescriptor.invokeTestMethod(TestMethodTestDescriptor.java:214)
	at org.junit.jupiter.engine.descriptor.TestMethodTestDescriptor.execute(TestMethodTestDescriptor.java:139)
	at org.junit.jupiter.engine.descriptor.TestMethodTestDescriptor.execute(TestMethodTestDescriptor.java:69)
	at org.junit.platform.engine.support.hierarchical.NodeTestTask.lambda$executeRecursively$6(NodeTestTask.java:151)
	at org.junit.platform.engine.support.hierarchical.ThrowableCollector.execute(ThrowableCollector.java:73)
	at org.junit.platform.engine.support.hierarchical.NodeTestTask.lambda$executeRecursively$8(NodeTestTask.java:141)
	at org.junit.platform.engine.support.hierarchical.Node.around(Node.java:137)
	at org.junit.platform.engine.support.hierarchical.NodeTestTask.lambda$executeRecursively$9(NodeTestTask.java:139)
	at org.junit.platform.engine.support.hierarchical.ThrowableCollector.execute(ThrowableCollector.java:73)
	at org.junit.platform.engine.support.hierarchical.NodeTestTask.executeRecursively(NodeTestTask.java:138)
	at org.junit.platform.engine.support.hierarchical.NodeTestTask.execute(NodeTestTask.java:95)
	at java.base/java.util.ArrayList.forEach(ArrayList.java:1596)
	at org.junit.platform.engine.support.hierarchical.SameThreadHierarchicalTestExecutorService.invokeAll(SameThreadHierarchicalTestExecutorService.java:41)
	at org.junit.platform.engine.support.hierarchical.NodeTestTask.lambda$executeRecursively$6(NodeTestTask.java:155)
	at org.junit.platform.engine.support.hierarchical.ThrowableCollector.execute(ThrowableCollector.java:73)
	at org.junit.platform.engine.support.hierarchical.NodeTestTask.lambda$executeRecursively$8(NodeTestTask.java:141)
	at org.junit.platform.engine.support.hierarchical.Node.around(Node.java:137)
	at org.junit.platform.engine.support.hierarchical.NodeTestTask.lambda$executeRecursively$9(NodeTestTask.java:139)
	at org.junit.platform.engine.support.hierarchical.ThrowableCollector.execute(ThrowableCollector.java:73)
	at org.junit.platform.engine.support.hierarchical.NodeTestTask.executeRecursively(NodeTestTask.java:138)
	at org.junit.platform.engine.support.hierarchical.NodeTestTask.execute(NodeTestTask.java:95)
	at java.base/java.util.ArrayList.forEach(ArrayList.java:1596)
	at org.junit.platform.engine.support.hierarchical.SameThreadHierarchicalTestExecutorService.invokeAll(SameThreadHierarchicalTestExecutorService.java:41)
	at org.junit.platform.engine.support.hierarchical.NodeTestTask.lambda$executeRecursively$6(NodeTestTask.java:155)
	at org.junit.platform.engine.support.hierarchical.ThrowableCollector.execute(ThrowableCollector.java:73)
	at org.junit.platform.engine.support.hierarchical.NodeTestTask.lambda$executeRecursively$8(NodeTestTask.java:141)
	at org.junit.platform.engine.support.hierarchical.Node.around(Node.java:137)
	at org.junit.platform.engine.support.hierarchical.NodeTestTask.lambda$executeRecursively$9(NodeTestTask.java:139)
	at org.junit.platform.engine.support.hierarchical.ThrowableCollector.execute(ThrowableCollector.java:73)
	at org.junit.platform.engine.support.hierarchical.NodeTestTask.executeRecursively(NodeTestTask.java:138)
	at org.junit.platform.engine.support.hierarchical.NodeTestTask.execute(NodeTestTask.java:95)
	at org.junit.platform.engine.support.hierarchical.SameThreadHierarchicalTestExecutorService.submit(SameThreadHierarchicalTestExecutorService.java:35)
	at org.junit.platform.engine.support.hierarchical.HierarchicalTestExecutor.execute(HierarchicalTestExecutor.java:57)
	at org.junit.platform.engine.support.hierarchical.HierarchicalTestEngine.execute(HierarchicalTestEngine.java:54)
	at org.junit.platform.launcher.core.EngineExecutionOrchestrator.execute(EngineExecutionOrchestrator.java:198)
	at org.junit.platform.launcher.core.EngineExecutionOrchestrator.execute(EngineExecutionOrchestrator.java:169)
	at org.junit.platform.launcher.core.EngineExecutionOrchestrator.execute(EngineExecutionOrchestrator.java:93)
	at org.junit.platform.launcher.core.EngineExecutionOrchestrator.lambda$execute$0(EngineExecutionOrchestrator.java:58)
	at org.junit.platform.launcher.core.EngineExecutionOrchestrator.withInterceptedStreams(EngineExecutionOrchestrator.java:141)
	at org.junit.platform.launcher.core.EngineExecutionOrchestrator.execute(EngineExecutionOrchestrator.java:57)
	at org.junit.platform.launcher.core.DefaultLauncher.execute(DefaultLauncher.java:103)
	at org.junit.platform.launcher.core.DefaultLauncher.execute(DefaultLauncher.java:85)
	at org.junit.platform.launcher.core.DelegatingLauncher.execute(DelegatingLauncher.java:47)
	at org.apache.maven.surefire.junitplatform.LazyLauncher.execute(LazyLauncher.java:56)
	at org.apache.maven.surefire.junitplatform.JUnitPlatformProvider.execute(JUnitPlatformProvider.java:184)
	at org.apache.maven.surefire.junitplatform.JUnitPlatformProvider.invokeAllTests(JUnitPlatformProvider.java:148)
	at org.apache.maven.surefire.junitplatform.JUnitPlatformProvider.invoke(JUnitPlatformProvider.java:122)
	at org.apache.maven.surefire.booter.ForkedBooter.runSuitesInProcess(ForkedBooter.java:385)
	at org.apache.maven.surefire.booter.ForkedBooter.execute(ForkedBooter.java:162)
	at org.apache.maven.surefire.booter.ForkedBooter.run(ForkedBooter.java:507)
	at org.apache.maven.surefire.booter.ForkedBooter.main(ForkedBooter.java:495)
2026-03-18 23:12:14.189 [main] DEBUG [] [] c.messenger.security.PBKDF2Service - Key derived successfully using PBKDF2 (iterations: 100000)
2026-03-18 23:12:14.216 [main] DEBUG [] [] c.messenger.security.PBKDF2Service - Key derived successfully using PBKDF2 (iterations: 100000)
2026-03-18 23:12:14.241 [main] DEBUG [] [] c.messenger.security.PBKDF2Service - Key derived successfully using PBKDF2 (iterations: 100000)
2026-03-18 23:12:14.263 [main] DEBUG [] [] c.messenger.security.PBKDF2Service - Key derived successfully using PBKDF2 (iterations: 100000)
2026-03-18 23:12:14.297 [org.springframework.amqp.rabbit.RabbitListenerEndpointContainer#0-9] WARN  [] [] o.s.a.r.l.SimpleMessageListenerContainer - Consumer raised exception, processing can restart if the connection factory supports it. Exception summary: org.springframework.amqp.AmqpConnectException: java.net.ConnectException: Connection refused: getsockopt
2026-03-18 23:12:14.329 [org.springframework.amqp.rabbit.RabbitListenerEndpointContainer#0-11] ERROR [] [] o.s.a.r.l.SimpleMessageListenerContainer - Failed to check/redeclare auto-delete queue(s).
2026-03-18 23:12:14.330 [org.springframework.amqp.rabbit.RabbitListenerEndpointContainer#0-6] WARN  [] [] o.s.a.r.l.SimpleMessageListenerContainer - Consumer raised exception, processing can restart if the connection factory supports it. Exception summary: org.springframework.amqp.AmqpConnectException: java.net.ConnectException: Connection refused: getsockopt
2026-03-18 23:12:14.332 [org.springframework.amqp.rabbit.RabbitListenerEndpointContainer#0-7] WARN  [] [] o.s.a.r.l.SimpleMessageListenerContainer - Consumer raised exception, processing can restart if the connection factory supports it. Exception summary: org.springframework.amqp.AmqpConnectException: java.net.ConnectException: Connection refused: getsockopt
2026-03-18 23:12:14.332 [org.springframework.amqp.rabbit.RabbitListenerEndpointContainer#0-8] WARN  [] [] o.s.a.r.l.SimpleMessageListenerContainer - Consumer raised exception, processing can restart if the connection factory supports it. Exception summary: org.springframework.amqp.AmqpConnectException: java.net.ConnectException: Connection refused: getsockopt
2026-03-18 23:12:14.347 [org.springframework.amqp.rabbit.RabbitListenerEndpointContainer#0-10] WARN  [] [] o.s.a.r.l.SimpleMessageListenerContainer - Consumer raised exception, processing can restart if the connection factory supports it. Exception summary: org.springframework.amqp.AmqpConnectException: java.net.ConnectException: Connection refused: getsockopt
2026-03-18 23:12:14.389 [org.springframework.amqp.rabbit.RabbitListenerEndpointContainer#0-12] ERROR [] [] o.s.a.r.l.SimpleMessageListenerContainer - Failed to check/redeclare auto-delete queue(s).
2026-03-18 23:12:14.434 [org.springframework.amqp.rabbit.RabbitListenerEndpointContainer#0-15] ERROR [] [] o.s.a.r.l.SimpleMessageListenerContainer - Failed to check/redeclare auto-delete queue(s).
2026-03-18 23:12:14.436 [main] INFO  [] [] c.m.service.FileStorageService - getFileUrl called: minioPublicUrl=, bucketName=messenger-files, fileName=files/test/file.jpg
2026-03-18 23:12:14.446 [main] INFO  [] [] c.m.service.FileStorageService - Generated presigned URL: http://presigned-url.com/file.jpg
2026-03-18 23:12:14.453 [org.springframework.amqp.rabbit.RabbitListenerEndpointContainer#0-14] ERROR [] [] o.s.a.r.l.SimpleMessageListenerContainer - Failed to check/redeclare auto-delete queue(s).
2026-03-18 23:12:14.487 [org.springframework.amqp.rabbit.RabbitListenerEndpointContainer#0-13] ERROR [] [] o.s.a.r.l.SimpleMessageListenerContainer - Failed to check/redeclare auto-delete queue(s).
2026-03-18 23:12:14.492 [main] INFO  [] [] c.m.service.FileStorageService - Created bucket: messenger-files
2026-03-18 23:12:14.494 [main] INFO  [] [] c.m.service.FileStorageService - Set bucket 'messenger-files' policy to public read
2026-03-18 23:12:14.643 [main] WARN  [] [] c.m.service.FileStorageService - Failed to generate thumbnail for files/test-user/5b13c323-0ead-4732-b7f2-25269a51c3bc.jpg: No suitable ImageReader found for source data.
2026-03-18 23:12:14.644 [main] INFO  [] [] c.m.service.FileStorageService - File uploaded successfully: files/test-user/5b13c323-0ead-4732-b7f2-25269a51c3bc.jpg
2026-03-18 23:12:14.649 [main] INFO  [] [] c.m.service.FileStorageService - Set bucket 'messenger-files' policy to public read
2026-03-18 23:12:14.651 [main] WARN  [] [] c.m.service.FileStorageService - Failed to generate thumbnail for files/test-user/a73063e0-90e7-4c39-a904-4038336f188d.jpg: No suitable ImageReader found for source data.
2026-03-18 23:12:14.651 [main] INFO  [] [] c.m.service.FileStorageService - File uploaded successfully: files/test-user/a73063e0-90e7-4c39-a904-4038336f188d.jpg
2026-03-18 23:12:14.667 [main] INFO  [] [] c.m.service.FileStorageService - File deleted: files/test/file.jpg
2026-03-18 23:12:15.485 [SpringApplicationShutdownHook] INFO  [] [] com.zaxxer.hikari.HikariDataSource - HikariPool-1 - Shutdown initiated...
2026-03-18 23:12:15.492 [SpringApplicationShutdownHook] INFO  [] [] com.zaxxer.hikari.HikariDataSource - HikariPool-1 - Shutdown completed.
2026-03-18 20:14:13.531 [main] INFO  [] [] c.m.SecureMessengerApplication - Starting SecureMessengerApplication using Java 17.0.18 with PID 1 (/app started by messenger in /app)
2026-03-18 20:14:13.671 [main] INFO  [] [] c.m.SecureMessengerApplication - The following 1 profile is active: "prod"
2026-03-18 20:14:36.640 [main] WARN  [] [] org.hibernate.orm.deprecation - HHH90000025: PostgreSQLDialect does not need to be specified explicitly using 'hibernate.dialect' (remove the property setting and it will be selected by default)
2026-03-18 20:14:42.188 [main] WARN  [] [] o.h.t.s.i.ExceptionHandlerLoggedImpl - GenerationTarget encountered exception accepting command : Error executing DDL "create index idx_mention_timestamp on message_mentions (timestamp)" via JDBC [ERROR: column "timestamp" does not exist]
org.hibernate.tool.schema.spi.CommandAcceptanceException: Error executing DDL "create index idx_mention_timestamp on message_mentions (timestamp)" via JDBC [ERROR: column "timestamp" does not exist]
	at org.hibernate.tool.schema.internal.exec.GenerationTargetToDatabase.accept(GenerationTargetToDatabase.java:94)
	at org.hibernate.tool.schema.internal.AbstractSchemaMigrator.applySqlString(AbstractSchemaMigrator.java:574)
	at org.hibernate.tool.schema.internal.AbstractSchemaMigrator.applySqlStrings(AbstractSchemaMigrator.java:514)
	at org.hibernate.tool.schema.internal.AbstractSchemaMigrator.applyIndexes(AbstractSchemaMigrator.java:360)
	at org.hibernate.tool.schema.internal.GroupedSchemaMigratorImpl.performTablesMigration(GroupedSchemaMigratorImpl.java:96)
	at org.hibernate.tool.schema.internal.AbstractSchemaMigrator.performMigration(AbstractSchemaMigrator.java:232)
	at org.hibernate.tool.schema.internal.AbstractSchemaMigrator.doMigration(AbstractSchemaMigrator.java:117)
	at org.hibernate.tool.schema.spi.SchemaManagementToolCoordinator.performDatabaseAction(SchemaManagementToolCoordinator.java:286)
	at org.hibernate.tool.schema.spi.SchemaManagementToolCoordinator.lambda$process$5(SchemaManagementToolCoordinator.java:145)
	at java.base/java.util.HashMap.forEach(Unknown Source)
	at org.hibernate.tool.schema.spi.SchemaManagementToolCoordinator.process(SchemaManagementToolCoordinator.java:142)
	at org.hibernate.boot.internal.SessionFactoryObserverForSchemaExport.sessionFactoryCreated(SessionFactoryObserverForSchemaExport.java:37)
	at org.hibernate.internal.SessionFactoryObserverChain.sessionFactoryCreated(SessionFactoryObserverChain.java:35)
	at org.hibernate.internal.SessionFactoryImpl.<init>(SessionFactoryImpl.java:295)
	at org.hibernate.boot.internal.SessionFactoryBuilderImpl.build(SessionFactoryBuilderImpl.java:450)
	at org.hibernate.jpa.boot.internal.EntityManagerFactoryBuilderImpl.build(EntityManagerFactoryBuilderImpl.java:1507)
	at org.springframework.orm.jpa.vendor.SpringHibernateJpaPersistenceProvider.createContainerEntityManagerFactory(SpringHibernateJpaPersistenceProvider.java:75)
	at org.springframework.orm.jpa.LocalContainerEntityManagerFactoryBean.createNativeEntityManagerFactory(LocalContainerEntityManagerFactoryBean.java:376)
	at org.springframework.orm.jpa.AbstractEntityManagerFactoryBean.buildNativeEntityManagerFactory(AbstractEntityManagerFactoryBean.java:409)
	at org.springframework.orm.jpa.AbstractEntityManagerFactoryBean.afterPropertiesSet(AbstractEntityManagerFactoryBean.java:396)
	at org.springframework.orm.jpa.LocalContainerEntityManagerFactoryBean.afterPropertiesSet(LocalContainerEntityManagerFactoryBean.java:352)
	at org.springframework.beans.factory.support.AbstractAutowireCapableBeanFactory.invokeInitMethods(AbstractAutowireCapableBeanFactory.java:1822)
	at org.springframework.beans.factory.support.AbstractAutowireCapableBeanFactory.initializeBean(AbstractAutowireCapableBeanFactory.java:1771)
	at org.springframework.beans.factory.support.AbstractAutowireCapableBeanFactory.doCreateBean(AbstractAutowireCapableBeanFactory.java:601)
	at org.springframework.beans.factory.support.AbstractAutowireCapableBeanFactory.createBean(AbstractAutowireCapableBeanFactory.java:523)
	at org.springframework.beans.factory.support.AbstractBeanFactory.lambda$doGetBean$0(AbstractBeanFactory.java:325)
	at org.springframework.beans.factory.support.DefaultSingletonBeanRegistry.getSingleton(DefaultSingletonBeanRegistry.java:234)
	at org.springframework.beans.factory.support.AbstractBeanFactory.doGetBean(AbstractBeanFactory.java:323)
	at org.springframework.beans.factory.support.AbstractBeanFactory.getBean(AbstractBeanFactory.java:199)
	at org.springframework.beans.factory.support.BeanDefinitionValueResolver.resolveReference(BeanDefinitionValueResolver.java:365)
	at org.springframework.beans.factory.support.BeanDefinitionValueResolver.resolveValueIfNecessary(BeanDefinitionValueResolver.java:135)
	at org.springframework.beans.factory.support.ConstructorResolver.resolveConstructorArguments(ConstructorResolver.java:689)
	at org.springframework.beans.factory.support.ConstructorResolver.instantiateUsingFactoryMethod(ConstructorResolver.java:513)
	at org.springframework.beans.factory.support.AbstractAutowireCapableBeanFactory.instantiateUsingFactoryMethod(AbstractAutowireCapableBeanFactory.java:1336)
	at org.springframework.beans.factory.support.AbstractAutowireCapableBeanFactory.createBeanInstance(AbstractAutowireCapableBeanFactory.java:1166)
	at org.springframework.beans.factory.support.AbstractAutowireCapableBeanFactory.doCreateBean(AbstractAutowireCapableBeanFactory.java:563)
	at org.springframework.beans.factory.support.AbstractAutowireCapableBeanFactory.createBean(AbstractAutowireCapableBeanFactory.java:523)
	at org.springframework.beans.factory.support.AbstractBeanFactory.lambda$doGetBean$0(AbstractBeanFactory.java:325)
	at org.springframework.beans.factory.support.DefaultSingletonBeanRegistry.getSingleton(DefaultSingletonBeanRegistry.java:234)
	at org.springframework.beans.factory.support.AbstractBeanFactory.doGetBean(AbstractBeanFactory.java:323)
	at org.springframework.beans.factory.support.AbstractBeanFactory.getBean(AbstractBeanFactory.java:199)
	at org.springframework.beans.factory.support.BeanDefinitionValueResolver.resolveReference(BeanDefinitionValueResolver.java:365)
	at org.springframework.beans.factory.support.BeanDefinitionValueResolver.resolveValueIfNecessary(BeanDefinitionValueResolver.java:135)
	at org.springframework.beans.factory.support.AbstractAutowireCapableBeanFactory.applyPropertyValues(AbstractAutowireCapableBeanFactory.java:1686)
	at org.springframework.beans.factory.support.AbstractAutowireCapableBeanFactory.populateBean(AbstractAutowireCapableBeanFactory.java:1435)
	at org.springframework.beans.factory.support.AbstractAutowireCapableBeanFactory.doCreateBean(AbstractAutowireCapableBeanFactory.java:600)
	at org.springframework.beans.factory.support.AbstractAutowireCapableBeanFactory.createBean(AbstractAutowireCapableBeanFactory.java:523)
	at org.springframework.beans.factory.support.AbstractBeanFactory.lambda$doGetBean$0(AbstractBeanFactory.java:325)
	at org.springframework.beans.factory.support.DefaultSingletonBeanRegistry.getSingleton(DefaultSingletonBeanRegistry.java:234)
	at org.springframework.beans.factory.support.AbstractBeanFactory.doGetBean(AbstractBeanFactory.java:323)
	at org.springframework.beans.factory.support.AbstractBeanFactory.getBean(AbstractBeanFactory.java:199)
	at org.springframework.beans.factory.config.DependencyDescriptor.resolveCandidate(DependencyDescriptor.java:254)
	at org.springframework.beans.factory.support.DefaultListableBeanFactory.doResolveDependency(DefaultListableBeanFactory.java:1441)
	at org.springframework.beans.factory.support.DefaultListableBeanFactory.resolveDependency(DefaultListableBeanFactory.java:1348)
	at org.springframework.beans.factory.support.ConstructorResolver.resolveAutowiredArgument(ConstructorResolver.java:911)
	at org.springframework.beans.factory.support.ConstructorResolver.createArgumentArray(ConstructorResolver.java:789)
	at org.springframework.beans.factory.support.ConstructorResolver.autowireConstructor(ConstructorResolver.java:241)
	at org.springframework.beans.factory.support.AbstractAutowireCapableBeanFactory.autowireConstructor(AbstractAutowireCapableBeanFactory.java:1356)
	at org.springframework.beans.factory.support.AbstractAutowireCapableBeanFactory.createBeanInstance(AbstractAutowireCapableBeanFactory.java:1193)
	at org.springframework.beans.factory.support.AbstractAutowireCapableBeanFactory.doCreateBean(AbstractAutowireCapableBeanFactory.java:563)
	at org.springframework.beans.factory.support.AbstractAutowireCapableBeanFactory.createBean(AbstractAutowireCapableBeanFactory.java:523)
	at org.springframework.beans.factory.support.AbstractBeanFactory.lambda$doGetBean$0(AbstractBeanFactory.java:325)
	at org.springframework.beans.factory.support.DefaultSingletonBeanRegistry.getSingleton(DefaultSingletonBeanRegistry.java:234)
	at org.springframework.beans.factory.support.AbstractBeanFactory.doGetBean(AbstractBeanFactory.java:323)
	at org.springframework.beans.factory.support.AbstractBeanFactory.getBean(AbstractBeanFactory.java:199)
	at org.springframework.beans.factory.config.DependencyDescriptor.resolveCandidate(DependencyDescriptor.java:254)
	at org.springframework.beans.factory.support.DefaultListableBeanFactory.doResolveDependency(DefaultListableBeanFactory.java:1441)
	at org.springframework.beans.factory.support.DefaultListableBeanFactory.resolveDependency(DefaultListableBeanFactory.java:1348)
	at org.springframework.beans.factory.support.ConstructorResolver.resolveAutowiredArgument(ConstructorResolver.java:911)
	at org.springframework.beans.factory.support.ConstructorResolver.createArgumentArray(ConstructorResolver.java:789)
	at org.springframework.beans.factory.support.ConstructorResolver.autowireConstructor(ConstructorResolver.java:241)
	at org.springframework.beans.factory.support.AbstractAutowireCapableBeanFactory.autowireConstructor(AbstractAutowireCapableBeanFactory.java:1356)
	at org.springframework.beans.factory.support.AbstractAutowireCapableBeanFactory.createBeanInstance(AbstractAutowireCapableBeanFactory.java:1193)
	at org.springframework.beans.factory.support.AbstractAutowireCapableBeanFactory.doCreateBean(AbstractAutowireCapableBeanFactory.java:563)
	at org.springframework.beans.factory.support.AbstractAutowireCapableBeanFactory.createBean(AbstractAutowireCapableBeanFactory.java:523)
	at org.springframework.beans.factory.support.AbstractBeanFactory.lambda$doGetBean$0(AbstractBeanFactory.java:325)
	at org.springframework.beans.factory.support.DefaultSingletonBeanRegistry.getSingleton(DefaultSingletonBeanRegistry.java:234)
	at org.springframework.beans.factory.support.AbstractBeanFactory.doGetBean(AbstractBeanFactory.java:323)
	at org.springframework.beans.factory.support.AbstractBeanFactory.getBean(AbstractBeanFactory.java:204)
	at org.springframework.boot.web.servlet.ServletContextInitializerBeans.getOrderedBeansOfType(ServletContextInitializerBeans.java:210)
	at org.springframework.boot.web.servlet.ServletContextInitializerBeans.addAsRegistrationBean(ServletContextInitializerBeans.java:173)
	at org.springframework.boot.web.servlet.ServletContextInitializerBeans.addAsRegistrationBean(ServletContextInitializerBeans.java:168)
	at org.springframework.boot.web.servlet.ServletContextInitializerBeans.addAdaptableBeans(ServletContextInitializerBeans.java:153)
	at org.springframework.boot.web.servlet.ServletContextInitializerBeans.<init>(ServletContextInitializerBeans.java:86)
	at org.springframework.boot.web.servlet.context.ServletWebServerApplicationContext.getServletContextInitializerBeans(ServletWebServerApplicationContext.java:266)
	at org.springframework.boot.web.servlet.context.ServletWebServerApplicationContext.selfInitialize(ServletWebServerApplicationContext.java:240)
	at org.springframework.boot.web.embedded.tomcat.TomcatStarter.onStartup(TomcatStarter.java:52)
	at org.apache.catalina.core.StandardContext.startInternal(StandardContext.java:4850)
	at org.apache.catalina.util.LifecycleBase.start(LifecycleBase.java:171)
	at org.apache.catalina.core.ContainerBase$StartChild.call(ContainerBase.java:1332)
	at org.apache.catalina.core.ContainerBase$StartChild.call(ContainerBase.java:1322)
	at java.base/java.util.concurrent.FutureTask.run(Unknown Source)
	at org.apache.tomcat.util.threads.InlineExecutorService.execute(InlineExecutorService.java:75)
	at java.base/java.util.concurrent.AbstractExecutorService.submit(Unknown Source)
	at org.apache.catalina.core.ContainerBase.startInternal(ContainerBase.java:866)
	at org.apache.catalina.core.StandardHost.startInternal(StandardHost.java:845)
	at org.apache.catalina.util.LifecycleBase.start(LifecycleBase.java:171)
	at org.apache.catalina.core.ContainerBase$StartChild.call(ContainerBase.java:1332)
	at org.apache.catalina.core.ContainerBase$StartChild.call(ContainerBase.java:1322)
	at java.base/java.util.concurrent.FutureTask.run(Unknown Source)
	at org.apache.tomcat.util.threads.InlineExecutorService.execute(InlineExecutorService.java:75)
	at java.base/java.util.concurrent.AbstractExecutorService.submit(Unknown Source)
	at org.apache.catalina.core.ContainerBase.startInternal(ContainerBase.java:866)
	at org.apache.catalina.core.StandardEngine.startInternal(StandardEngine.java:240)
	at org.apache.catalina.util.LifecycleBase.start(LifecycleBase.java:171)
	at org.apache.catalina.core.StandardService.startInternal(StandardService.java:433)
	at org.apache.catalina.util.LifecycleBase.start(LifecycleBase.java:171)
	at org.apache.catalina.core.StandardServer.startInternal(StandardServer.java:917)
	at org.apache.catalina.util.LifecycleBase.start(LifecycleBase.java:171)
	at org.apache.catalina.startup.Tomcat.start(Tomcat.java:488)
	at org.springframework.boot.web.embedded.tomcat.TomcatWebServer.initialize(TomcatWebServer.java:123)
	at org.springframework.boot.web.embedded.tomcat.TomcatWebServer.<init>(TomcatWebServer.java:104)
	at org.springframework.boot.web.embedded.tomcat.TomcatServletWebServerFactory.getTomcatWebServer(TomcatServletWebServerFactory.java:501)
	at org.springframework.boot.web.embedded.tomcat.TomcatServletWebServerFactory.getWebServer(TomcatServletWebServerFactory.java:218)
	at org.springframework.boot.web.servlet.context.ServletWebServerApplicationContext.createWebServer(ServletWebServerApplicationContext.java:188)
	at org.springframework.boot.web.servlet.context.ServletWebServerApplicationContext.onRefresh(ServletWebServerApplicationContext.java:162)
	at org.springframework.context.support.AbstractApplicationContext.refresh(AbstractApplicationContext.java:610)
	at org.springframework.boot.web.servlet.context.ServletWebServerApplicationContext.refresh(ServletWebServerApplicationContext.java:146)
	at org.springframework.boot.SpringApplication.refresh(SpringApplication.java:753)
	at org.springframework.boot.SpringApplication.refreshContext(SpringApplication.java:455)
	at org.springframework.boot.SpringApplication.run(SpringApplication.java:323)
	at org.springframework.boot.SpringApplication.run(SpringApplication.java:1342)
	at org.springframework.boot.SpringApplication.run(SpringApplication.java:1331)
	at com.messenger.SecureMessengerApplication.main(SecureMessengerApplication.java:14)
Caused by: org.postgresql.util.PSQLException: ERROR: column "timestamp" does not exist
	at org.postgresql.core.v3.QueryExecutorImpl.receiveErrorResponse(QueryExecutorImpl.java:2713)
	at org.postgresql.core.v3.QueryExecutorImpl.processResults(QueryExecutorImpl.java:2401)
	at org.postgresql.core.v3.QueryExecutorImpl.execute(QueryExecutorImpl.java:368)
	at org.postgresql.jdbc.PgStatement.executeInternal(PgStatement.java:498)
	at org.postgresql.jdbc.PgStatement.execute(PgStatement.java:415)
	at org.postgresql.jdbc.PgStatement.executeWithFlags(PgStatement.java:335)
	at org.postgresql.jdbc.PgStatement.executeCachedSql(PgStatement.java:321)
	at org.postgresql.jdbc.PgStatement.executeWithFlags(PgStatement.java:297)
	at org.postgresql.jdbc.PgStatement.execute(PgStatement.java:292)
	at com.zaxxer.hikari.pool.ProxyStatement.execute(ProxyStatement.java:94)
	at com.zaxxer.hikari.pool.HikariProxyStatement.execute(HikariProxyStatement.java)
	at org.hibernate.tool.schema.internal.exec.GenerationTargetToDatabase.accept(GenerationTargetToDatabase.java:80)
	... 123 common frames omitted
2026-03-18 20:14:44.135 [main] INFO  [] [] c.m.config.Utf8EncodingFilter - UTF-8 Encoding Filter initialized
2026-03-18 20:14:44.222 [main] INFO  [] [] c.m.config.NetworkAutoConfiguration - 🌐 Starting network auto-configuration...
2026-03-18 20:14:44.236 [main] INFO  [] [] c.m.config.NetworkAutoConfiguration - 📍 Local IP detected: 172.18.0.5
2026-03-18 20:14:44.256 [main] INFO  [] [] c.m.config.NetworkAutoConfiguration - 🌍 Using configured external IP: 192.168.88.183
2026-03-18 20:14:44.280 [main] INFO  [] [] c.m.config.NetworkAutoConfiguration - 🏷️  Hostname: 6077e573a51d
2026-03-18 20:14:44.292 [main] INFO  [] [] c.m.config.NetworkAutoConfiguration - ✅ Network auto-configuration completed
2026-03-18 20:14:44.322 [main] INFO  [] [] c.m.config.NetworkAutoConfiguration -    Local:  172.18.0.5
2026-03-18 20:14:44.349 [main] INFO  [] [] c.m.config.NetworkAutoConfiguration -    VPN:    Not detected
2026-03-18 20:14:44.373 [main] INFO  [] [] c.m.config.NetworkAutoConfiguration -    Public: 192.168.88.183
2026-03-18 20:14:46.202 [main] INFO  [] [] com.messenger.config.MinioConfig - Initializing MinIO client with endpoint: http://minio:9000
2026-03-18 20:14:46.571 [main] INFO  [] [] c.m.service.AudioProcessingService - 🎵 Audio Processing Service initialized
2026-03-18 20:14:46.615 [main] INFO  [] [] c.m.service.AudioProcessingService -    Sample Rate: 48000 Hz
2026-03-18 20:14:46.635 [main] INFO  [] [] c.m.service.AudioProcessingService -    Channels: 2
2026-03-18 20:14:46.653 [main] INFO  [] [] c.m.service.AudioProcessingService -    Frame Size: 480 samples (10 ms)
2026-03-18 20:14:46.691 [main] INFO  [] [] c.m.service.AudioProcessingService -    Features: Noise Suppression, Echo Cancellation, Limiter
2026-03-18 20:14:46.717 [main] INFO  [] [] c.m.service.FileStorageService - Initializing MinIO bucket 'messenger-files' with public read policy
2026-03-18 20:14:47.213 [main] INFO  [] [] c.m.service.FileStorageService - Set bucket 'messenger-files' policy to public read
2026-03-18 20:14:47.319 [main] INFO  [] [] c.m.s.WebRtcConfigurationService - 🎥 WebRTC Configuration Service initialized
2026-03-18 20:14:47.364 [main] INFO  [] [] c.m.s.WebRtcConfigurationService -    Best IP for TURN: 192.168.88.183
2026-03-18 20:14:47.412 [main] INFO  [] [] c.m.s.WebRtcConfigurationService -    Best IP for clients: 192.168.88.183
2026-03-18 20:14:48.369 [main] INFO  [] [] c.m.service.NotificationService - Push notification service initialized with VAPID
2026-03-18 20:14:49.353 [main] WARN  [] [] o.s.b.a.o.j.JpaBaseConfiguration$JpaWebConfiguration - spring.jpa.open-in-view is enabled by default. Therefore, database queries may be performed during view rendering. Explicitly configure spring.jpa.open-in-view to disable this warning
2026-03-18 20:14:50.315 [main] INFO  [] [] com.messenger.config.SecurityConfig - CORS configured for origins: [https://localhost:5173, https://localhost:8443, https://localhost, http://localhost:5173, http://localhost]
2026-03-18 20:14:52.868 [org.springframework.amqp.rabbit.RabbitListenerEndpointContainer#0-2] ERROR [] [] o.s.a.r.l.SimpleMessageListenerContainer - Failed to check/redeclare auto-delete queue(s).
org.springframework.amqp.AmqpConnectException: java.net.ConnectException: Connection refused
	at org.springframework.amqp.rabbit.support.RabbitExceptionTranslator.convertRabbitAccessException(RabbitExceptionTranslator.java:61)
	at org.springframework.amqp.rabbit.connection.AbstractConnectionFactory.createBareConnection(AbstractConnectionFactory.java:594)
	at org.springframework.amqp.rabbit.connection.CachingConnectionFactory.createConnection(CachingConnectionFactory.java:711)
	at org.springframework.amqp.rabbit.connection.ConnectionFactoryUtils.createConnection(ConnectionFactoryUtils.java:257)
	at org.springframework.amqp.rabbit.core.RabbitTemplate.doExecute(RabbitTemplate.java:2225)
	at org.springframework.amqp.rabbit.core.RabbitTemplate.execute(RabbitTemplate.java:2198)
	at org.springframework.amqp.rabbit.core.RabbitTemplate.execute(RabbitTemplate.java:2178)
	at org.springframework.amqp.rabbit.core.RabbitAdmin.getQueueInfo(RabbitAdmin.java:465)
	at org.springframework.amqp.rabbit.core.RabbitAdmin.getQueueProperties(RabbitAdmin.java:449)
	at org.springframework.amqp.rabbit.listener.AbstractMessageListenerContainer.attemptDeclarations(AbstractMessageListenerContainer.java:1936)
	at org.springframework.amqp.rabbit.listener.AbstractMessageListenerContainer.redeclareElementsIfNecessary(AbstractMessageListenerContainer.java:1904)
	at org.springframework.amqp.rabbit.listener.SimpleMessageListenerContainer$AsyncMessageProcessingConsumer.initialize(SimpleMessageListenerContainer.java:1383)
	at org.springframework.amqp.rabbit.listener.SimpleMessageListenerContainer$AsyncMessageProcessingConsumer.run(SimpleMessageListenerContainer.java:1225)
	at java.base/java.lang.Thread.run(Unknown Source)
Caused by: java.net.ConnectException: Connection refused
	at java.base/sun.nio.ch.Net.pollConnect(Native Method)
	at java.base/sun.nio.ch.Net.pollConnectNow(Unknown Source)
	at java.base/sun.nio.ch.NioSocketImpl.timedFinishConnect(Unknown Source)
	at java.base/sun.nio.ch.NioSocketImpl.connect(Unknown Source)
	at java.base/java.net.SocksSocketImpl.connect(Unknown Source)
	at java.base/java.net.Socket.connect(Unknown Source)
	at com.rabbitmq.client.impl.SocketFrameHandlerFactory.create(SocketFrameHandlerFactory.java:61)
	at com.rabbitmq.client.ConnectionFactory.newConnection(ConnectionFactory.java:1249)
	at com.rabbitmq.client.ConnectionFactory.newConnection(ConnectionFactory.java:1198)
	at org.springframework.amqp.rabbit.connection.AbstractConnectionFactory.connectAddresses(AbstractConnectionFactory.java:632)
	at org.springframework.amqp.rabbit.connection.AbstractConnectionFactory.connect(AbstractConnectionFactory.java:607)
	at org.springframework.amqp.rabbit.connection.AbstractConnectionFactory.createBareConnection(AbstractConnectionFactory.java:557)
	... 12 common frames omitted
2026-03-18 20:14:52.914 [org.springframework.amqp.rabbit.RabbitListenerEndpointContainer#0-10] ERROR [] [] o.s.a.r.l.SimpleMessageListenerContainer - Failed to check/redeclare auto-delete queue(s).
2026-03-18 20:14:52.950 [org.springframework.amqp.rabbit.RabbitListenerEndpointContainer#0-9] ERROR [] [] o.s.a.r.l.SimpleMessageListenerContainer - Failed to check/redeclare auto-delete queue(s).
2026-03-18 20:14:53.003 [org.springframework.amqp.rabbit.RabbitListenerEndpointContainer#0-1] ERROR [] [] o.s.a.r.l.SimpleMessageListenerContainer - Failed to check/redeclare auto-delete queue(s).
2026-03-18 20:14:53.044 [org.springframework.amqp.rabbit.RabbitListenerEndpointContainer#0-8] ERROR [] [] o.s.a.r.l.SimpleMessageListenerContainer - Failed to check/redeclare auto-delete queue(s).
2026-03-18 20:14:53.132 [org.springframework.amqp.rabbit.RabbitListenerEndpointContainer#0-7] ERROR [] [] o.s.a.r.l.SimpleMessageListenerContainer - Failed to check/redeclare auto-delete queue(s).
2026-03-18 20:14:53.180 [org.springframework.amqp.rabbit.RabbitListenerEndpointContainer#0-6] ERROR [] [] o.s.a.r.l.SimpleMessageListenerContainer - Failed to check/redeclare auto-delete queue(s).
2026-03-18 20:14:53.217 [org.springframework.amqp.rabbit.RabbitListenerEndpointContainer#0-5] ERROR [] [] o.s.a.r.l.SimpleMessageListenerContainer - Failed to check/redeclare auto-delete queue(s).
2026-03-18 20:14:53.271 [org.springframework.amqp.rabbit.RabbitListenerEndpointContainer#0-4] ERROR [] [] o.s.a.r.l.SimpleMessageListenerContainer - Failed to check/redeclare auto-delete queue(s).
2026-03-18 20:14:53.329 [org.springframework.amqp.rabbit.RabbitListenerEndpointContainer#0-3] ERROR [] [] o.s.a.r.l.SimpleMessageListenerContainer - Failed to check/redeclare auto-delete queue(s).
2026-03-18 20:14:53.395 [main] INFO  [] [] c.m.SecureMessengerApplication - Started SecureMessengerApplication in 45.281 seconds (process running for 48.102)
2026-03-18 20:14:53.432 [MessageBroker-2] INFO  [] [] c.m.service.PinnedMessageService - Running cleanup for expired pinned messages
2026-03-18 20:14:53.517 [http-nio-0.0.0.0-8080-exec-1] WARN  [9c48f306-4dc5-4794-a29b-9fa93410522a] [anonymous] o.s.w.s.h.HandlerMappingIntrospector - Cache miss for REQUEST dispatch to '/actuator/health' (previous null). Performing MatchableHandlerMapping lookup. This is logged once only at WARN level, and every time at TRACE.
2026-03-18 20:14:53.692 [MessageBroker-1] INFO  [] [] com.messenger.service.DeviceService - Cleaned up 0 stale devices
2026-03-18 20:14:53.698 [http-nio-0.0.0.0-8080-exec-1] WARN  [9c48f306-4dc5-4794-a29b-9fa93410522a] [anonymous] o.s.b.a.amqp.RabbitHealthIndicator - Rabbit health check failed
org.springframework.amqp.AmqpConnectException: java.net.ConnectException: Connection refused
	at org.springframework.amqp.rabbit.support.RabbitExceptionTranslator.convertRabbitAccessException(RabbitExceptionTranslator.java:61)
	at org.springframework.amqp.rabbit.connection.AbstractConnectionFactory.createBareConnection(AbstractConnectionFactory.java:594)
	at org.springframework.amqp.rabbit.connection.CachingConnectionFactory.createConnection(CachingConnectionFactory.java:711)
	at org.springframework.amqp.rabbit.connection.ConnectionFactoryUtils.createConnection(ConnectionFactoryUtils.java:257)
	at org.springframework.amqp.rabbit.core.RabbitTemplate.doExecute(RabbitTemplate.java:2225)
	at org.springframework.amqp.rabbit.core.RabbitTemplate.execute(RabbitTemplate.java:2198)
	at org.springframework.amqp.rabbit.core.RabbitTemplate.execute(RabbitTemplate.java:2178)
	at org.springframework.boot.actuate.amqp.RabbitHealthIndicator.getVersion(RabbitHealthIndicator.java:49)
	at org.springframework.boot.actuate.amqp.RabbitHealthIndicator.doHealthCheck(RabbitHealthIndicator.java:44)
	at org.springframework.boot.actuate.health.AbstractHealthIndicator.health(AbstractHealthIndicator.java:82)
	at org.springframework.boot.actuate.health.HealthIndicator.getHealth(HealthIndicator.java:37)
	at org.springframework.boot.actuate.health.HealthEndpointWebExtension.getHealth(HealthEndpointWebExtension.java:94)
	at org.springframework.boot.actuate.health.HealthEndpointWebExtension.getHealth(HealthEndpointWebExtension.java:47)
	at org.springframework.boot.actuate.health.HealthEndpointSupport.getLoggedHealth(HealthEndpointSupport.java:172)
	at org.springframework.boot.actuate.health.HealthEndpointSupport.getContribution(HealthEndpointSupport.java:145)
	at org.springframework.boot.actuate.health.HealthEndpointSupport.getAggregateContribution(HealthEndpointSupport.java:156)
	at org.springframework.boot.actuate.health.HealthEndpointSupport.getContribution(HealthEndpointSupport.java:141)
	at org.springframework.boot.actuate.health.HealthEndpointSupport.getHealth(HealthEndpointSupport.java:110)
	at org.springframework.boot.actuate.health.HealthEndpointSupport.getHealth(HealthEndpointSupport.java:81)
	at org.springframework.boot.actuate.health.HealthEndpointWebExtension.health(HealthEndpointWebExtension.java:80)
	at org.springframework.boot.actuate.health.HealthEndpointWebExtension.health(HealthEndpointWebExtension.java:69)
	at java.base/jdk.internal.reflect.NativeMethodAccessorImpl.invoke0(Native Method)
	at java.base/jdk.internal.reflect.NativeMethodAccessorImpl.invoke(Unknown Source)
	at java.base/jdk.internal.reflect.DelegatingMethodAccessorImpl.invoke(Unknown Source)
	at java.base/java.lang.reflect.Method.invoke(Unknown Source)
	at org.springframework.util.ReflectionUtils.invokeMethod(ReflectionUtils.java:281)
	at org.springframework.boot.actuate.endpoint.invoke.reflect.ReflectiveOperationInvoker.invoke(ReflectiveOperationInvoker.java:74)
	at org.springframework.boot.actuate.endpoint.annotation.AbstractDiscoveredOperation.invoke(AbstractDiscoveredOperation.java:60)
	at org.springframework.boot.actuate.endpoint.web.servlet.AbstractWebMvcEndpointHandlerMapping$ServletWebOperationAdapter.handle(AbstractWebMvcEndpointHandlerMapping.java:321)
	at org.springframework.boot.actuate.endpoint.web.servlet.AbstractWebMvcEndpointHandlerMapping$OperationHandler.handle(AbstractWebMvcEndpointHandlerMapping.java:428)
	at java.base/jdk.internal.reflect.NativeMethodAccessorImpl.invoke0(Native Method)
	at java.base/jdk.internal.reflect.NativeMethodAccessorImpl.invoke(Unknown Source)
	at java.base/jdk.internal.reflect.DelegatingMethodAccessorImpl.invoke(Unknown Source)
	at java.base/java.lang.reflect.Method.invoke(Unknown Source)
	at org.springframework.web.method.support.InvocableHandlerMethod.doInvoke(InvocableHandlerMethod.java:254)
	at org.springframework.web.method.support.InvocableHandlerMethod.invokeForRequest(InvocableHandlerMethod.java:182)
	at org.springframework.web.servlet.mvc.method.annotation.ServletInvocableHandlerMethod.invokeAndHandle(ServletInvocableHandlerMethod.java:118)
	at org.springframework.web.servlet.mvc.method.annotation.RequestMappingHandlerAdapter.invokeHandlerMethod(RequestMappingHandlerAdapter.java:917)
	at org.springframework.web.servlet.mvc.method.annotation.RequestMappingHandlerAdapter.handleInternal(RequestMappingHandlerAdapter.java:829)
	at org.springframework.web.servlet.mvc.method.AbstractHandlerMethodAdapter.handle(AbstractHandlerMethodAdapter.java:87)
	at org.springframework.web.servlet.DispatcherServlet.doDispatch(DispatcherServlet.java:1089)
	at org.springframework.web.servlet.DispatcherServlet.doService(DispatcherServlet.java:979)
	at org.springframework.web.servlet.FrameworkServlet.processRequest(FrameworkServlet.java:1014)
	at org.springframework.web.servlet.FrameworkServlet.doGet(FrameworkServlet.java:903)
	at jakarta.servlet.http.HttpServlet.service(HttpServlet.java:564)
	at org.springframework.web.servlet.FrameworkServlet.service(FrameworkServlet.java:885)
	at jakarta.servlet.http.HttpServlet.service(HttpServlet.java:658)
	at org.apache.catalina.core.ApplicationFilterChain.internalDoFilter(ApplicationFilterChain.java:205)
	at org.apache.catalina.core.ApplicationFilterChain.doFilter(ApplicationFilterChain.java:149)
	at org.apache.tomcat.websocket.server.WsFilter.doFilter(WsFilter.java:51)
	at org.apache.catalina.core.ApplicationFilterChain.internalDoFilter(ApplicationFilterChain.java:174)
	at org.apache.catalina.core.ApplicationFilterChain.doFilter(ApplicationFilterChain.java:149)
	at com.messenger.security.JwtAuthenticationFilter.doFilterInternal(JwtAuthenticationFilter.java:74)
	at org.springframework.web.filter.OncePerRequestFilter.doFilter(OncePerRequestFilter.java:116)
	at org.apache.catalina.core.ApplicationFilterChain.internalDoFilter(ApplicationFilterChain.java:174)
	at org.apache.catalina.core.ApplicationFilterChain.doFilter(ApplicationFilterChain.java:149)
	at com.messenger.filter.AuthRateLimitFilter.doFilterInternal(AuthRateLimitFilter.java:80)
	at org.springframework.web.filter.OncePerRequestFilter.doFilter(OncePerRequestFilter.java:116)
	at org.apache.catalina.core.ApplicationFilterChain.internalDoFilter(ApplicationFilterChain.java:174)
	at org.apache.catalina.core.ApplicationFilterChain.doFilter(ApplicationFilterChain.java:149)
	at org.springframework.security.web.ObservationFilterChainDecorator$FilterObservation$SimpleFilterObservation.lambda$wrap$1(ObservationFilterChainDecorator.java:479)
	at org.springframework.security.web.ObservationFilterChainDecorator.lambda$wrapUnsecured$1(ObservationFilterChainDecorator.java:90)
	at org.springframework.security.web.FilterChainProxy.doFilterInternal(FilterChainProxy.java:219)
	at org.springframework.security.web.FilterChainProxy.doFilter(FilterChainProxy.java:191)
	at org.springframework.web.filter.DelegatingFilterProxy.invokeDelegate(DelegatingFilterProxy.java:352)
	at org.springframework.web.filter.DelegatingFilterProxy.doFilter(DelegatingFilterProxy.java:268)
	at org.apache.catalina.core.ApplicationFilterChain.internalDoFilter(ApplicationFilterChain.java:174)
	at org.apache.catalina.core.ApplicationFilterChain.doFilter(ApplicationFilterChain.java:149)
	at org.springframework.web.filter.RequestContextFilter.doFilterInternal(RequestContextFilter.java:100)
	at org.springframework.web.filter.OncePerRequestFilter.doFilter(OncePerRequestFilter.java:116)
	at org.apache.catalina.core.ApplicationFilterChain.internalDoFilter(ApplicationFilterChain.java:174)
	at org.apache.catalina.core.ApplicationFilterChain.doFilter(ApplicationFilterChain.java:149)
	at org.springframework.web.filter.FormContentFilter.doFilterInternal(FormContentFilter.java:93)
	at org.springframework.web.filter.OncePerRequestFilter.doFilter(OncePerRequestFilter.java:116)
	at org.apache.catalina.core.ApplicationFilterChain.internalDoFilter(ApplicationFilterChain.java:174)
	at org.apache.catalina.core.ApplicationFilterChain.doFilter(ApplicationFilterChain.java:149)
	at com.messenger.security.RateLimitingFilter.doFilterInternal(RateLimitingFilter.java:60)
	at org.springframework.web.filter.OncePerRequestFilter.doFilter(OncePerRequestFilter.java:116)
	at org.apache.catalina.core.ApplicationFilterChain.internalDoFilter(ApplicationFilterChain.java:174)
	at org.apache.catalina.core.ApplicationFilterChain.doFilter(ApplicationFilterChain.java:149)
	at org.springframework.web.filter.ServerHttpObservationFilter.doFilterInternal(ServerHttpObservationFilter.java:109)
	at org.springframework.web.filter.OncePerRequestFilter.doFilter(OncePerRequestFilter.java:116)
	at org.apache.catalina.core.ApplicationFilterChain.internalDoFilter(ApplicationFilterChain.java:174)
	at org.apache.catalina.core.ApplicationFilterChain.doFilter(ApplicationFilterChain.java:149)
	at org.springframework.web.filter.CharacterEncodingFilter.doFilterInternal(CharacterEncodingFilter.java:201)
	at org.springframework.web.filter.OncePerRequestFilter.doFilter(OncePerRequestFilter.java:116)
	at org.apache.catalina.core.ApplicationFilterChain.internalDoFilter(ApplicationFilterChain.java:174)
	at org.apache.catalina.core.ApplicationFilterChain.doFilter(ApplicationFilterChain.java:149)
	at com.messenger.logging.MDCLoggingFilter.doFilterInternal(MDCLoggingFilter.java:56)
	at org.springframework.web.filter.OncePerRequestFilter.doFilter(OncePerRequestFilter.java:116)
	at org.apache.catalina.core.ApplicationFilterChain.internalDoFilter(ApplicationFilterChain.java:174)
	at org.apache.catalina.core.ApplicationFilterChain.doFilter(ApplicationFilterChain.java:149)
	at com.messenger.config.Utf8EncodingFilter.doFilter(Utf8EncodingFilter.java:53)
	at org.apache.catalina.core.ApplicationFilterChain.internalDoFilter(ApplicationFilterChain.java:174)
	at org.apache.catalina.core.ApplicationFilterChain.doFilter(ApplicationFilterChain.java:149)
	at org.apache.catalina.core.StandardWrapperValve.invoke(StandardWrapperValve.java:167)
	at org.apache.catalina.core.StandardContextValve.invoke(StandardContextValve.java:90)
	at org.apache.catalina.authenticator.AuthenticatorBase.invoke(AuthenticatorBase.java:482)
	at org.apache.catalina.core.StandardHostValve.invoke(StandardHostValve.java:115)
	at org.apache.catalina.valves.ErrorReportValve.invoke(ErrorReportValve.java:93)
	at org.apache.catalina.core.StandardEngineValve.invoke(StandardEngineValve.java:74)
	at org.apache.catalina.connector.CoyoteAdapter.service(CoyoteAdapter.java:340)
	at org.apache.coyote.http11.Http11Processor.service(Http11Processor.java:391)
	at org.apache.coyote.AbstractProcessorLight.process(AbstractProcessorLight.java:63)
	at org.apache.coyote.AbstractProtocol$ConnectionHandler.process(AbstractProtocol.java:896)
	at org.apache.tomcat.util.net.NioEndpoint$SocketProcessor.doRun(NioEndpoint.java:1744)
	at org.apache.tomcat.util.net.SocketProcessorBase.run(SocketProcessorBase.java:52)
	at org.apache.tomcat.util.threads.ThreadPoolExecutor.runWorker(ThreadPoolExecutor.java:1191)
	at org.apache.tomcat.util.threads.ThreadPoolExecutor$Worker.run(ThreadPoolExecutor.java:659)
	at org.apache.tomcat.util.threads.TaskThread$WrappingRunnable.run(TaskThread.java:61)
	at java.base/java.lang.Thread.run(Unknown Source)
Caused by: java.net.ConnectException: Connection refused
	at java.base/sun.nio.ch.Net.pollConnect(Native Method)
	at java.base/sun.nio.ch.Net.pollConnectNow(Unknown Source)
	at java.base/sun.nio.ch.NioSocketImpl.timedFinishConnect(Unknown Source)
	at java.base/sun.nio.ch.NioSocketImpl.connect(Unknown Source)
	at java.base/java.net.SocksSocketImpl.connect(Unknown Source)
	at java.base/java.net.Socket.connect(Unknown Source)
	at com.rabbitmq.client.impl.SocketFrameHandlerFactory.create(SocketFrameHandlerFactory.java:61)
	at com.rabbitmq.client.ConnectionFactory.newConnection(ConnectionFactory.java:1249)
	at com.rabbitmq.client.ConnectionFactory.newConnection(ConnectionFactory.java:1198)
	at org.springframework.amqp.rabbit.connection.AbstractConnectionFactory.connectAddresses(AbstractConnectionFactory.java:632)
	at org.springframework.amqp.rabbit.connection.AbstractConnectionFactory.connect(AbstractConnectionFactory.java:607)
	at org.springframework.amqp.rabbit.connection.AbstractConnectionFactory.createBareConnection(AbstractConnectionFactory.java:557)
	... 109 common frames omitted
2026-03-18 20:14:53.720 [MessageBroker-6] INFO  [] [] c.m.service.PresenceScheduler - Presence stats - ONLINE: 0, AWAY: 0, BUSY: 0, OFFLINE: 0
2026-03-18 20:14:57.955 [org.springframework.amqp.rabbit.RabbitListenerEndpointContainer#0-2] WARN  [] [] o.s.a.r.l.SimpleMessageListenerContainer - Consumer raised exception, processing can restart if the connection factory supports it. Exception summary: org.springframework.amqp.AmqpConnectException: java.net.ConnectException: Connection refused
2026-03-18 20:14:58.007 [org.springframework.amqp.rabbit.RabbitListenerEndpointContainer#0-10] WARN  [] [] o.s.a.r.l.SimpleMessageListenerContainer - Consumer raised exception, processing can restart if the connection factory supports it. Exception summary: org.springframework.amqp.AmqpConnectException: java.net.ConnectException: Connection refused
2026-03-18 20:14:58.044 [org.springframework.amqp.rabbit.RabbitListenerEndpointContainer#0-9] WARN  [] [] o.s.a.r.l.SimpleMessageListenerContainer - Consumer raised exception, processing can restart if the connection factory supports it. Exception summary: org.springframework.amqp.AmqpConnectException: java.net.ConnectException: Connection refused
2026-03-18 20:14:58.078 [org.springframework.amqp.rabbit.RabbitListenerEndpointContainer#0-1] WARN  [] [] o.s.a.r.l.SimpleMessageListenerContainer - Consumer raised exception, processing can restart if the connection factory supports it. Exception summary: org.springframework.amqp.AmqpConnectException: java.net.ConnectException: Connection refused
2026-03-18 20:14:58.147 [org.springframework.amqp.rabbit.RabbitListenerEndpointContainer#0-8] WARN  [] [] o.s.a.r.l.SimpleMessageListenerContainer - Consumer raised exception, processing can restart if the connection factory supports it. Exception summary: org.springframework.amqp.AmqpConnectException: java.net.ConnectException: Connection refused
2026-03-18 20:14:58.207 [org.springframework.amqp.rabbit.RabbitListenerEndpointContainer#0-7] WARN  [] [] o.s.a.r.l.SimpleMessageListenerContainer - Consumer raised exception, processing can restart if the connection factory supports it. Exception summary: org.springframework.amqp.AmqpConnectException: java.net.ConnectException: Connection refused
2026-03-18 20:14:58.241 [org.springframework.amqp.rabbit.RabbitListenerEndpointContainer#0-6] WARN  [] [] o.s.a.r.l.SimpleMessageListenerContainer - Consumer raised exception, processing can restart if the connection factory supports it. Exception summary: org.springframework.amqp.AmqpConnectException: java.net.ConnectException: Connection refused
2026-03-18 20:14:58.300 [org.springframework.amqp.rabbit.RabbitListenerEndpointContainer#0-5] WARN  [] [] o.s.a.r.l.SimpleMessageListenerContainer - Consumer raised exception, processing can restart if the connection factory supports it. Exception summary: org.springframework.amqp.AmqpConnectException: java.net.ConnectException: Connection refused
2026-03-18 20:14:58.351 [org.springframework.amqp.rabbit.RabbitListenerEndpointContainer#0-4] WARN  [] [] o.s.a.r.l.SimpleMessageListenerContainer - Consumer raised exception, processing can restart if the connection factory supports it. Exception summary: org.springframework.amqp.AmqpConnectException: java.net.ConnectException: Connection refused
2026-03-18 20:14:58.414 [org.springframework.amqp.rabbit.RabbitListenerEndpointContainer#0-3] WARN  [] [] o.s.a.r.l.SimpleMessageListenerContainer - Consumer raised exception, processing can restart if the connection factory supports it. Exception summary: org.springframework.amqp.AmqpConnectException: java.net.ConnectException: Connection refused
2026-03-18 20:15:03.378 [MessageBroker-1] INFO  [] [] com.messenger.service.DeviceService - Cleaned up 0 stale devices
2026-03-18 20:15:13.383 [MessageBroker-7] INFO  [] [] com.messenger.service.DeviceService - Cleaned up 0 stale devices
2026-03-18 20:15:23.382 [MessageBroker-7] INFO  [] [] com.messenger.service.DeviceService - Cleaned up 0 stale devices
2026-03-18 20:15:33.372 [MessageBroker-7] INFO  [] [] com.messenger.service.DeviceService - Cleaned up 0 stale devices
2026-03-18 20:15:43.432 [MessageBroker-4] INFO  [] [] com.messenger.service.DeviceService - Cleaned up 0 stale devices
2026-03-18 20:15:53.439 [MessageBroker-4] INFO  [] [] com.messenger.service.DeviceService - Cleaned up 0 stale devices
2026-03-18 20:16:03.382 [MessageBroker-4] INFO  [] [] com.messenger.service.DeviceService - Cleaned up 0 stale devices
2026-03-18 20:16:13.372 [MessageBroker-8] INFO  [] [] com.messenger.service.DeviceService - Cleaned up 0 stale devices
2026-03-18 20:16:23.365 [MessageBroker-8] INFO  [] [] com.messenger.service.DeviceService - Cleaned up 0 stale devices
2026-03-18 20:16:33.359 [MessageBroker-8] INFO  [] [] com.messenger.service.DeviceService - Cleaned up 0 stale devices
2026-03-18 20:16:38.833 [SpringApplicationShutdownHook] INFO  [] [] c.m.config.Utf8EncodingFilter - UTF-8 Encoding Filter destroyed
2026-03-18 20:21:09.718 [main] INFO  [] [] c.m.SecureMessengerApplication - Starting SecureMessengerApplication using Java 17.0.18 with PID 1 (/app started by messenger in /app)
2026-03-18 20:21:09.726 [main] INFO  [] [] c.m.SecureMessengerApplication - The following 1 profile is active: "prod"
2026-03-18 20:21:17.116 [main] WARN  [] [] org.hibernate.orm.deprecation - HHH90000025: PostgreSQLDialect does not need to be specified explicitly using 'hibernate.dialect' (remove the property setting and it will be selected by default)
2026-03-18 20:21:18.757 [main] WARN  [] [] o.h.t.s.i.ExceptionHandlerLoggedImpl - GenerationTarget encountered exception accepting command : Error executing DDL "create index idx_mention_timestamp on message_mentions (timestamp)" via JDBC [ERROR: column "timestamp" does not exist]
org.hibernate.tool.schema.spi.CommandAcceptanceException: Error executing DDL "create index idx_mention_timestamp on message_mentions (timestamp)" via JDBC [ERROR: column "timestamp" does not exist]
	at org.hibernate.tool.schema.internal.exec.GenerationTargetToDatabase.accept(GenerationTargetToDatabase.java:94)
	at org.hibernate.tool.schema.internal.AbstractSchemaMigrator.applySqlString(AbstractSchemaMigrator.java:574)
	at org.hibernate.tool.schema.internal.AbstractSchemaMigrator.applySqlStrings(AbstractSchemaMigrator.java:514)
	at org.hibernate.tool.schema.internal.AbstractSchemaMigrator.applyIndexes(AbstractSchemaMigrator.java:360)
	at org.hibernate.tool.schema.internal.GroupedSchemaMigratorImpl.performTablesMigration(GroupedSchemaMigratorImpl.java:96)
	at org.hibernate.tool.schema.internal.AbstractSchemaMigrator.performMigration(AbstractSchemaMigrator.java:232)
	at org.hibernate.tool.schema.internal.AbstractSchemaMigrator.doMigration(AbstractSchemaMigrator.java:117)
	at org.hibernate.tool.schema.spi.SchemaManagementToolCoordinator.performDatabaseAction(SchemaManagementToolCoordinator.java:286)
	at org.hibernate.tool.schema.spi.SchemaManagementToolCoordinator.lambda$process$5(SchemaManagementToolCoordinator.java:145)
	at java.base/java.util.HashMap.forEach(Unknown Source)
	at org.hibernate.tool.schema.spi.SchemaManagementToolCoordinator.process(SchemaManagementToolCoordinator.java:142)
	at org.hibernate.boot.internal.SessionFactoryObserverForSchemaExport.sessionFactoryCreated(SessionFactoryObserverForSchemaExport.java:37)
	at org.hibernate.internal.SessionFactoryObserverChain.sessionFactoryCreated(SessionFactoryObserverChain.java:35)
	at org.hibernate.internal.SessionFactoryImpl.<init>(SessionFactoryImpl.java:295)
	at org.hibernate.boot.internal.SessionFactoryBuilderImpl.build(SessionFactoryBuilderImpl.java:450)
	at org.hibernate.jpa.boot.internal.EntityManagerFactoryBuilderImpl.build(EntityManagerFactoryBuilderImpl.java:1507)
	at org.springframework.orm.jpa.vendor.SpringHibernateJpaPersistenceProvider.createContainerEntityManagerFactory(SpringHibernateJpaPersistenceProvider.java:75)
	at org.springframework.orm.jpa.LocalContainerEntityManagerFactoryBean.createNativeEntityManagerFactory(LocalContainerEntityManagerFactoryBean.java:376)
	at org.springframework.orm.jpa.AbstractEntityManagerFactoryBean.buildNativeEntityManagerFactory(AbstractEntityManagerFactoryBean.java:409)
	at org.springframework.orm.jpa.AbstractEntityManagerFactoryBean.afterPropertiesSet(AbstractEntityManagerFactoryBean.java:396)
	at org.springframework.orm.jpa.LocalContainerEntityManagerFactoryBean.afterPropertiesSet(LocalContainerEntityManagerFactoryBean.java:352)
	at org.springframework.beans.factory.support.AbstractAutowireCapableBeanFactory.invokeInitMethods(AbstractAutowireCapableBeanFactory.java:1822)
	at org.springframework.beans.factory.support.AbstractAutowireCapableBeanFactory.initializeBean(AbstractAutowireCapableBeanFactory.java:1771)
	at org.springframework.beans.factory.support.AbstractAutowireCapableBeanFactory.doCreateBean(AbstractAutowireCapableBeanFactory.java:601)
	at org.springframework.beans.factory.support.AbstractAutowireCapableBeanFactory.createBean(AbstractAutowireCapableBeanFactory.java:523)
	at org.springframework.beans.factory.support.AbstractBeanFactory.lambda$doGetBean$0(AbstractBeanFactory.java:325)
	at org.springframework.beans.factory.support.DefaultSingletonBeanRegistry.getSingleton(DefaultSingletonBeanRegistry.java:234)
	at org.springframework.beans.factory.support.AbstractBeanFactory.doGetBean(AbstractBeanFactory.java:323)
	at org.springframework.beans.factory.support.AbstractBeanFactory.getBean(AbstractBeanFactory.java:199)
	at org.springframework.beans.factory.support.BeanDefinitionValueResolver.resolveReference(BeanDefinitionValueResolver.java:365)
	at org.springframework.beans.factory.support.BeanDefinitionValueResolver.resolveValueIfNecessary(BeanDefinitionValueResolver.java:135)
	at org.springframework.beans.factory.support.ConstructorResolver.resolveConstructorArguments(ConstructorResolver.java:689)
	at org.springframework.beans.factory.support.ConstructorResolver.instantiateUsingFactoryMethod(ConstructorResolver.java:513)
	at org.springframework.beans.factory.support.AbstractAutowireCapableBeanFactory.instantiateUsingFactoryMethod(AbstractAutowireCapableBeanFactory.java:1336)
	at org.springframework.beans.factory.support.AbstractAutowireCapableBeanFactory.createBeanInstance(AbstractAutowireCapableBeanFactory.java:1166)
	at org.springframework.beans.factory.support.AbstractAutowireCapableBeanFactory.doCreateBean(AbstractAutowireCapableBeanFactory.java:563)
	at org.springframework.beans.factory.support.AbstractAutowireCapableBeanFactory.createBean(AbstractAutowireCapableBeanFactory.java:523)
	at org.springframework.beans.factory.support.AbstractBeanFactory.lambda$doGetBean$0(AbstractBeanFactory.java:325)
	at org.springframework.beans.factory.support.DefaultSingletonBeanRegistry.getSingleton(DefaultSingletonBeanRegistry.java:234)
	at org.springframework.beans.factory.support.AbstractBeanFactory.doGetBean(AbstractBeanFactory.java:323)
	at org.springframework.beans.factory.support.AbstractBeanFactory.getBean(AbstractBeanFactory.java:199)
	at org.springframework.beans.factory.support.BeanDefinitionValueResolver.resolveReference(BeanDefinitionValueResolver.java:365)
	at org.springframework.beans.factory.support.BeanDefinitionValueResolver.resolveValueIfNecessary(BeanDefinitionValueResolver.java:135)
	at org.springframework.beans.factory.support.AbstractAutowireCapableBeanFactory.applyPropertyValues(AbstractAutowireCapableBeanFactory.java:1686)
	at org.springframework.beans.factory.support.AbstractAutowireCapableBeanFactory.populateBean(AbstractAutowireCapableBeanFactory.java:1435)
	at org.springframework.beans.factory.support.AbstractAutowireCapableBeanFactory.doCreateBean(AbstractAutowireCapableBeanFactory.java:600)
	at org.springframework.beans.factory.support.AbstractAutowireCapableBeanFactory.createBean(AbstractAutowireCapableBeanFactory.java:523)
	at org.springframework.beans.factory.support.AbstractBeanFactory.lambda$doGetBean$0(AbstractBeanFactory.java:325)
	at org.springframework.beans.factory.support.DefaultSingletonBeanRegistry.getSingleton(DefaultSingletonBeanRegistry.java:234)
	at org.springframework.beans.factory.support.AbstractBeanFactory.doGetBean(AbstractBeanFactory.java:323)
	at org.springframework.beans.factory.support.AbstractBeanFactory.getBean(AbstractBeanFactory.java:199)
	at org.springframework.beans.factory.config.DependencyDescriptor.resolveCandidate(DependencyDescriptor.java:254)
	at org.springframework.beans.factory.support.DefaultListableBeanFactory.doResolveDependency(DefaultListableBeanFactory.java:1441)
	at org.springframework.beans.factory.support.DefaultListableBeanFactory.resolveDependency(DefaultListableBeanFactory.java:1348)
	at org.springframework.beans.factory.support.ConstructorResolver.resolveAutowiredArgument(ConstructorResolver.java:911)
	at org.springframework.beans.factory.support.ConstructorResolver.createArgumentArray(ConstructorResolver.java:789)
	at org.springframework.beans.factory.support.ConstructorResolver.autowireConstructor(ConstructorResolver.java:241)
	at org.springframework.beans.factory.support.AbstractAutowireCapableBeanFactory.autowireConstructor(AbstractAutowireCapableBeanFactory.java:1356)
	at org.springframework.beans.factory.support.AbstractAutowireCapableBeanFactory.createBeanInstance(AbstractAutowireCapableBeanFactory.java:1193)
	at org.springframework.beans.factory.support.AbstractAutowireCapableBeanFactory.doCreateBean(AbstractAutowireCapableBeanFactory.java:563)
	at org.springframework.beans.factory.support.AbstractAutowireCapableBeanFactory.createBean(AbstractAutowireCapableBeanFactory.java:523)
	at org.springframework.beans.factory.support.AbstractBeanFactory.lambda$doGetBean$0(AbstractBeanFactory.java:325)
	at org.springframework.beans.factory.support.DefaultSingletonBeanRegistry.getSingleton(DefaultSingletonBeanRegistry.java:234)
	at org.springframework.beans.factory.support.AbstractBeanFactory.doGetBean(AbstractBeanFactory.java:323)
	at org.springframework.beans.factory.support.AbstractBeanFactory.getBean(AbstractBeanFactory.java:199)
	at org.springframework.beans.factory.config.DependencyDescriptor.resolveCandidate(DependencyDescriptor.java:254)
	at org.springframework.beans.factory.support.DefaultListableBeanFactory.doResolveDependency(DefaultListableBeanFactory.java:1441)
	at org.springframework.beans.factory.support.DefaultListableBeanFactory.resolveDependency(DefaultListableBeanFactory.java:1348)
	at org.springframework.beans.factory.support.ConstructorResolver.resolveAutowiredArgument(ConstructorResolver.java:911)
	at org.springframework.beans.factory.support.ConstructorResolver.createArgumentArray(ConstructorResolver.java:789)
	at org.springframework.beans.factory.support.ConstructorResolver.autowireConstructor(ConstructorResolver.java:241)
	at org.springframework.beans.factory.support.AbstractAutowireCapableBeanFactory.autowireConstructor(AbstractAutowireCapableBeanFactory.java:1356)
	at org.springframework.beans.factory.support.AbstractAutowireCapableBeanFactory.createBeanInstance(AbstractAutowireCapableBeanFactory.java:1193)
	at org.springframework.beans.factory.support.AbstractAutowireCapableBeanFactory.doCreateBean(AbstractAutowireCapableBeanFactory.java:563)
	at org.springframework.beans.factory.support.AbstractAutowireCapableBeanFactory.createBean(AbstractAutowireCapableBeanFactory.java:523)
	at org.springframework.beans.factory.support.AbstractBeanFactory.lambda$doGetBean$0(AbstractBeanFactory.java:325)
	at org.springframework.beans.factory.support.DefaultSingletonBeanRegistry.getSingleton(DefaultSingletonBeanRegistry.java:234)
	at org.springframework.beans.factory.support.AbstractBeanFactory.doGetBean(AbstractBeanFactory.java:323)
	at org.springframework.beans.factory.support.AbstractBeanFactory.getBean(AbstractBeanFactory.java:204)
	at org.springframework.boot.web.servlet.ServletContextInitializerBeans.getOrderedBeansOfType(ServletContextInitializerBeans.java:210)
	at org.springframework.boot.web.servlet.ServletContextInitializerBeans.addAsRegistrationBean(ServletContextInitializerBeans.java:173)
	at org.springframework.boot.web.servlet.ServletContextInitializerBeans.addAsRegistrationBean(ServletContextInitializerBeans.java:168)
	at org.springframework.boot.web.servlet.ServletContextInitializerBeans.addAdaptableBeans(ServletContextInitializerBeans.java:153)
	at org.springframework.boot.web.servlet.ServletContextInitializerBeans.<init>(ServletContextInitializerBeans.java:86)
	at org.springframework.boot.web.servlet.context.ServletWebServerApplicationContext.getServletContextInitializerBeans(ServletWebServerApplicationContext.java:266)
	at org.springframework.boot.web.servlet.context.ServletWebServerApplicationContext.selfInitialize(ServletWebServerApplicationContext.java:240)
	at org.springframework.boot.web.embedded.tomcat.TomcatStarter.onStartup(TomcatStarter.java:52)
	at org.apache.catalina.core.StandardContext.startInternal(StandardContext.java:4850)
	at org.apache.catalina.util.LifecycleBase.start(LifecycleBase.java:171)
	at org.apache.catalina.core.ContainerBase$StartChild.call(ContainerBase.java:1332)
	at org.apache.catalina.core.ContainerBase$StartChild.call(ContainerBase.java:1322)
	at java.base/java.util.concurrent.FutureTask.run(Unknown Source)
	at org.apache.tomcat.util.threads.InlineExecutorService.execute(InlineExecutorService.java:75)
	at java.base/java.util.concurrent.AbstractExecutorService.submit(Unknown Source)
	at org.apache.catalina.core.ContainerBase.startInternal(ContainerBase.java:866)
	at org.apache.catalina.core.StandardHost.startInternal(StandardHost.java:845)
	at org.apache.catalina.util.LifecycleBase.start(LifecycleBase.java:171)
	at org.apache.catalina.core.ContainerBase$StartChild.call(ContainerBase.java:1332)
	at org.apache.catalina.core.ContainerBase$StartChild.call(ContainerBase.java:1322)
	at java.base/java.util.concurrent.FutureTask.run(Unknown Source)
	at org.apache.tomcat.util.threads.InlineExecutorService.execute(InlineExecutorService.java:75)
	at java.base/java.util.concurrent.AbstractExecutorService.submit(Unknown Source)
	at org.apache.catalina.core.ContainerBase.startInternal(ContainerBase.java:866)
	at org.apache.catalina.core.StandardEngine.startInternal(StandardEngine.java:240)
	at org.apache.catalina.util.LifecycleBase.start(LifecycleBase.java:171)
	at org.apache.catalina.core.StandardService.startInternal(StandardService.java:433)
	at org.apache.catalina.util.LifecycleBase.start(LifecycleBase.java:171)
	at org.apache.catalina.core.StandardServer.startInternal(StandardServer.java:917)
	at org.apache.catalina.util.LifecycleBase.start(LifecycleBase.java:171)
	at org.apache.catalina.startup.Tomcat.start(Tomcat.java:488)
	at org.springframework.boot.web.embedded.tomcat.TomcatWebServer.initialize(TomcatWebServer.java:123)
	at org.springframework.boot.web.embedded.tomcat.TomcatWebServer.<init>(TomcatWebServer.java:104)
	at org.springframework.boot.web.embedded.tomcat.TomcatServletWebServerFactory.getTomcatWebServer(TomcatServletWebServerFactory.java:501)
	at org.springframework.boot.web.embedded.tomcat.TomcatServletWebServerFactory.getWebServer(TomcatServletWebServerFactory.java:218)
	at org.springframework.boot.web.servlet.context.ServletWebServerApplicationContext.createWebServer(ServletWebServerApplicationContext.java:188)
	at org.springframework.boot.web.servlet.context.ServletWebServerApplicationContext.onRefresh(ServletWebServerApplicationContext.java:162)
	at org.springframework.context.support.AbstractApplicationContext.refresh(AbstractApplicationContext.java:610)
	at org.springframework.boot.web.servlet.context.ServletWebServerApplicationContext.refresh(ServletWebServerApplicationContext.java:146)
	at org.springframework.boot.SpringApplication.refresh(SpringApplication.java:753)
	at org.springframework.boot.SpringApplication.refreshContext(SpringApplication.java:455)
	at org.springframework.boot.SpringApplication.run(SpringApplication.java:323)
	at org.springframework.boot.SpringApplication.run(SpringApplication.java:1342)
	at org.springframework.boot.SpringApplication.run(SpringApplication.java:1331)
	at com.messenger.SecureMessengerApplication.main(SecureMessengerApplication.java:14)
Caused by: org.postgresql.util.PSQLException: ERROR: column "timestamp" does not exist
	at org.postgresql.core.v3.QueryExecutorImpl.receiveErrorResponse(QueryExecutorImpl.java:2713)
	at org.postgresql.core.v3.QueryExecutorImpl.processResults(QueryExecutorImpl.java:2401)
	at org.postgresql.core.v3.QueryExecutorImpl.execute(QueryExecutorImpl.java:368)
	at org.postgresql.jdbc.PgStatement.executeInternal(PgStatement.java:498)
	at org.postgresql.jdbc.PgStatement.execute(PgStatement.java:415)
	at org.postgresql.jdbc.PgStatement.executeWithFlags(PgStatement.java:335)
	at org.postgresql.jdbc.PgStatement.executeCachedSql(PgStatement.java:321)
	at org.postgresql.jdbc.PgStatement.executeWithFlags(PgStatement.java:297)
	at org.postgresql.jdbc.PgStatement.execute(PgStatement.java:292)
	at com.zaxxer.hikari.pool.ProxyStatement.execute(ProxyStatement.java:94)
	at com.zaxxer.hikari.pool.HikariProxyStatement.execute(HikariProxyStatement.java)
	at org.hibernate.tool.schema.internal.exec.GenerationTargetToDatabase.accept(GenerationTargetToDatabase.java:80)
	... 123 common frames omitted
2026-03-18 20:21:20.165 [main] INFO  [] [] c.m.config.Utf8EncodingFilter - UTF-8 Encoding Filter initialized
2026-03-18 20:21:20.241 [main] INFO  [] [] c.m.config.NetworkAutoConfiguration - 🌐 Starting network auto-configuration...
2026-03-18 20:21:20.248 [main] INFO  [] [] c.m.config.NetworkAutoConfiguration - 📍 Local IP detected: 172.18.0.6
2026-03-18 20:21:20.252 [main] INFO  [] [] c.m.config.NetworkAutoConfiguration - 🌍 Using configured external IP: 192.168.88.183
2026-03-18 20:21:20.253 [main] INFO  [] [] c.m.config.NetworkAutoConfiguration - 🏷️  Hostname: 0abe6c4b1bd3
2026-03-18 20:21:20.254 [main] INFO  [] [] c.m.config.NetworkAutoConfiguration - ✅ Network auto-configuration completed
2026-03-18 20:21:20.254 [main] INFO  [] [] c.m.config.NetworkAutoConfiguration -    Local:  172.18.0.6
2026-03-18 20:21:20.255 [main] INFO  [] [] c.m.config.NetworkAutoConfiguration -    VPN:    Not detected
2026-03-18 20:21:20.262 [main] INFO  [] [] c.m.config.NetworkAutoConfiguration -    Public: 192.168.88.183
2026-03-18 20:21:21.719 [main] INFO  [] [] com.messenger.config.MinioConfig - Initializing MinIO client with endpoint: http://minio:9000
2026-03-18 20:21:21.867 [main] INFO  [] [] c.m.service.AudioProcessingService - 🎵 Audio Processing Service initialized
2026-03-18 20:21:21.873 [main] INFO  [] [] c.m.service.AudioProcessingService -    Sample Rate: 48000 Hz
2026-03-18 20:21:21.877 [main] INFO  [] [] c.m.service.AudioProcessingService -    Channels: 2
2026-03-18 20:21:21.882 [main] INFO  [] [] c.m.service.AudioProcessingService -    Frame Size: 480 samples (10 ms)
2026-03-18 20:21:21.895 [main] INFO  [] [] c.m.service.AudioProcessingService -    Features: Noise Suppression, Echo Cancellation, Limiter
2026-03-18 20:21:21.910 [main] INFO  [] [] c.m.service.FileStorageService - Initializing MinIO bucket 'messenger-files' with public read policy
2026-03-18 20:21:22.094 [main] INFO  [] [] c.m.service.FileStorageService - Set bucket 'messenger-files' policy to public read
2026-03-18 20:21:22.175 [main] INFO  [] [] c.m.s.WebRtcConfigurationService - 🎥 WebRTC Configuration Service initialized
2026-03-18 20:21:22.178 [main] INFO  [] [] c.m.s.WebRtcConfigurationService -    Best IP for TURN: 192.168.88.183
2026-03-18 20:21:22.184 [main] INFO  [] [] c.m.s.WebRtcConfigurationService -    Best IP for clients: 192.168.88.183
2026-03-18 20:21:23.037 [main] INFO  [] [] c.m.service.NotificationService - Push notification service initialized with VAPID
2026-03-18 20:21:24.189 [main] WARN  [] [] o.s.b.a.o.j.JpaBaseConfiguration$JpaWebConfiguration - spring.jpa.open-in-view is enabled by default. Therefore, database queries may be performed during view rendering. Explicitly configure spring.jpa.open-in-view to disable this warning
2026-03-18 20:21:24.930 [main] INFO  [] [] com.messenger.config.SecurityConfig - CORS configured for origins: [https://localhost:5173, https://localhost:8443, https://localhost, http://localhost:5173, http://localhost]
2026-03-18 20:21:26.870 [main] INFO  [] [] c.m.SecureMessengerApplication - Started SecureMessengerApplication in 18.247 seconds (process running for 18.746)
2026-03-18 20:21:26.888 [MessageBroker-2] INFO  [] [] c.m.service.PinnedMessageService - Running cleanup for expired pinned messages
2026-03-18 20:21:27.016 [MessageBroker-1] INFO  [] [] com.messenger.service.DeviceService - Cleaned up 0 stale devices
2026-03-18 20:21:27.020 [MessageBroker-5] INFO  [] [] c.m.service.PresenceScheduler - Presence stats - ONLINE: 0, AWAY: 0, BUSY: 0, OFFLINE: 0
2026-03-18 20:21:28.888 [http-nio-0.0.0.0-8080-exec-1] WARN  [c35d8a8e-0008-4953-9540-06a446a4f1b5] [anonymous] o.s.w.s.h.HandlerMappingIntrospector - Cache miss for REQUEST dispatch to '/actuator/health' (previous null). Performing MatchableHandlerMapping lookup. This is logged once only at WARN level, and every time at TRACE.
2026-03-18 20:21:36.874 [MessageBroker-5] INFO  [] [] com.messenger.service.DeviceService - Cleaned up 0 stale devices
2026-03-18 20:21:46.877 [MessageBroker-4] INFO  [] [] com.messenger.service.DeviceService - Cleaned up 0 stale devices
2026-03-18 20:21:56.877 [MessageBroker-1] INFO  [] [] com.messenger.service.DeviceService - Cleaned up 0 stale devices
2026-03-18 20:22:06.867 [MessageBroker-1] INFO  [] [] com.messenger.service.DeviceService - Cleaned up 0 stale devices
2026-03-18 20:22:16.922 [MessageBroker-2] INFO  [] [] com.messenger.service.DeviceService - Cleaned up 0 stale devices
2026-03-18 20:22:26.856 [MessageBroker-2] INFO  [] [] com.messenger.service.DeviceService - Cleaned up 0 stale devices
2026-03-18 20:22:36.845 [MessageBroker-2] INFO  [] [] com.messenger.service.DeviceService - Cleaned up 0 stale devices
2026-03-18 20:22:46.845 [MessageBroker-8] INFO  [] [] com.messenger.service.DeviceService - Cleaned up 0 stale devices
2026-03-18 20:22:56.852 [MessageBroker-7] INFO  [] [] com.messenger.service.DeviceService - Cleaned up 0 stale devices
2026-03-18 20:23:06.842 [MessageBroker-7] INFO  [] [] com.messenger.service.DeviceService - Cleaned up 0 stale devices
2026-03-18 20:23:16.839 [MessageBroker-6] INFO  [] [] com.messenger.service.DeviceService - Cleaned up 0 stale devices
2026-03-18 20:23:26.894 [MessageBroker-6] INFO  [] [] com.messenger.service.DeviceService - Cleaned up 0 stale devices
2026-03-18 20:23:36.961 [MessageBroker-6] INFO  [] [] com.messenger.service.DeviceService - Cleaned up 0 stale devices
2026-03-18 20:23:46.892 [MessageBroker-1] INFO  [] [] com.messenger.service.DeviceService - Cleaned up 0 stale devices
2026-03-18 20:23:56.847 [MessageBroker-1] INFO  [] [] com.messenger.service.DeviceService - Cleaned up 0 stale devices
2026-03-18 20:24:06.848 [MessageBroker-1] INFO  [] [] com.messenger.service.DeviceService - Cleaned up 0 stale devices
2026-03-18 20:24:16.847 [MessageBroker-5] INFO  [] [] com.messenger.service.DeviceService - Cleaned up 0 stale devices
2026-03-18 20:24:26.829 [MessageBroker-5] INFO  [] [] com.messenger.service.DeviceService - Cleaned up 0 stale devices
2026-03-18 20:24:36.908 [MessageBroker-5] INFO  [] [] com.messenger.service.DeviceService - Cleaned up 0 stale devices
2026-03-18 20:24:46.840 [MessageBroker-2] INFO  [] [] com.messenger.service.DeviceService - Cleaned up 0 stale devices
2026-03-18 20:24:56.966 [MessageBroker-2] INFO  [] [] com.messenger.service.DeviceService - Cleaned up 0 stale devices
2026-03-18 20:25:06.904 [MessageBroker-2] INFO  [] [] com.messenger.service.DeviceService - Cleaned up 0 stale devices
2026-03-18 20:25:16.958 [MessageBroker-1] INFO  [] [] com.messenger.service.DeviceService - Cleaned up 0 stale devices
2026-03-18 20:25:26.978 [MessageBroker-1] INFO  [] [] com.messenger.service.DeviceService - Cleaned up 0 stale devices
2026-03-18 20:25:36.829 [MessageBroker-1] INFO  [] [] com.messenger.service.DeviceService - Cleaned up 0 stale devices
2026-03-18 20:25:46.825 [MessageBroker-4] INFO  [] [] com.messenger.service.DeviceService - Cleaned up 0 stale devices
2026-03-18 20:25:56.814 [MessageBroker-4] INFO  [] [] com.messenger.service.DeviceService - Cleaned up 0 stale devices
2026-03-18 20:26:06.879 [MessageBroker-4] INFO  [] [] com.messenger.service.DeviceService - Cleaned up 0 stale devices
2026-03-18 20:26:16.818 [MessageBroker-1] INFO  [] [] com.messenger.service.DeviceService - Cleaned up 0 stale devices
2026-03-18 20:26:26.813 [MessageBroker-1] INFO  [] [] com.messenger.service.DeviceService - Cleaned up 0 stale devices
2026-03-18 20:26:26.958 [MessageBroker-5] INFO  [] [] c.m.service.PresenceScheduler - Presence stats - ONLINE: 0, AWAY: 0, BUSY: 0, OFFLINE: 0
2026-03-18 20:26:36.812 [MessageBroker-1] INFO  [] [] com.messenger.service.DeviceService - Cleaned up 0 stale devices
2026-03-18 20:26:46.815 [MessageBroker-6] INFO  [] [] com.messenger.service.DeviceService - Cleaned up 0 stale devices
2026-03-18 20:26:56.805 [MessageBroker-6] INFO  [] [] com.messenger.service.DeviceService - Cleaned up 0 stale devices
2026-03-18 20:27:06.946 [MessageBroker-6] INFO  [] [] com.messenger.service.DeviceService - Cleaned up 0 stale devices
2026-03-18 20:27:16.803 [MessageBroker-1] INFO  [] [] com.messenger.service.DeviceService - Cleaned up 0 stale devices
2026-03-18 20:27:26.821 [MessageBroker-2] INFO  [] [] com.messenger.service.DeviceService - Cleaned up 0 stale devices
2026-03-18 20:27:36.808 [MessageBroker-2] INFO  [] [] com.messenger.service.DeviceService - Cleaned up 0 stale devices
2026-03-18 20:27:46.821 [MessageBroker-3] INFO  [] [] com.messenger.service.DeviceService - Cleaned up 0 stale devices
2026-03-18 20:27:56.804 [MessageBroker-3] INFO  [] [] com.messenger.service.DeviceService - Cleaned up 0 stale devices
2026-03-18 20:28:06.803 [MessageBroker-3] INFO  [] [] com.messenger.service.DeviceService - Cleaned up 0 stale devices
2026-03-18 20:28:16.806 [MessageBroker-2] INFO  [] [] com.messenger.service.DeviceService - Cleaned up 0 stale devices
2026-03-18 20:28:26.788 [MessageBroker-2] INFO  [] [] com.messenger.service.DeviceService - Cleaned up 0 stale devices
2026-03-18 20:28:36.794 [MessageBroker-2] INFO  [] [] com.messenger.service.DeviceService - Cleaned up 0 stale devices
2026-03-18 20:28:46.793 [MessageBroker-7] INFO  [] [] com.messenger.service.DeviceService - Cleaned up 0 stale devices
2026-03-18 20:28:56.812 [MessageBroker-7] INFO  [] [] com.messenger.service.DeviceService - Cleaned up 0 stale devices
2026-03-18 20:29:06.795 [MessageBroker-7] INFO  [] [] com.messenger.service.DeviceService - Cleaned up 0 stale devices
2026-03-18 20:29:16.799 [MessageBroker-1] INFO  [] [] com.messenger.service.DeviceService - Cleaned up 0 stale devices
2026-03-18 20:29:26.763 [MessageBroker-1] INFO  [] [] com.messenger.service.DeviceService - Cleaned up 0 stale devices
2026-03-18 20:29:36.758 [MessageBroker-1] INFO  [] [] com.messenger.service.DeviceService - Cleaned up 0 stale devices
2026-03-18 20:29:46.757 [MessageBroker-7] INFO  [] [] com.messenger.service.DeviceService - Cleaned up 0 stale devices
2026-03-18 20:29:56.749 [MessageBroker-7] INFO  [] [] com.messenger.service.DeviceService - Cleaned up 0 stale devices
2026-03-18 20:30:06.764 [MessageBroker-7] INFO  [] [] com.messenger.service.DeviceService - Cleaned up 0 stale devices
2026-03-18 20:30:16.796 [MessageBroker-1] INFO  [] [] com.messenger.service.DeviceService - Cleaned up 0 stale devices
2026-03-18 20:30:26.742 [MessageBroker-1] INFO  [] [] com.messenger.service.DeviceService - Cleaned up 0 stale devices
2026-03-18 20:30:36.757 [MessageBroker-1] INFO  [] [] com.messenger.service.DeviceService - Cleaned up 0 stale devices
2026-03-18 20:30:46.761 [MessageBroker-5] INFO  [] [] com.messenger.service.DeviceService - Cleaned up 0 stale devices
2026-03-18 20:30:56.738 [MessageBroker-5] INFO  [] [] com.messenger.service.DeviceService - Cleaned up 0 stale devices
2026-03-18 20:31:06.761 [MessageBroker-5] INFO  [] [] com.messenger.service.DeviceService - Cleaned up 0 stale devices
2026-03-18 20:31:16.753 [MessageBroker-4] INFO  [] [] com.messenger.service.DeviceService - Cleaned up 0 stale devices
2026-03-18 20:31:26.734 [MessageBroker-5] INFO  [] [] c.m.service.PresenceScheduler - Presence stats - ONLINE: 0, AWAY: 0, BUSY: 0, OFFLINE: 0
2026-03-18 20:31:26.749 [MessageBroker-4] INFO  [] [] com.messenger.service.DeviceService - Cleaned up 0 stale devices
2026-03-18 20:31:36.746 [MessageBroker-4] INFO  [] [] com.messenger.service.DeviceService - Cleaned up 0 stale devices
2026-03-18 20:31:46.748 [MessageBroker-8] INFO  [] [] com.messenger.service.DeviceService - Cleaned up 0 stale devices
2026-03-18 20:31:56.725 [MessageBroker-1] INFO  [] [] com.messenger.service.DeviceService - Cleaned up 0 stale devices
2026-03-18 20:32:06.716 [MessageBroker-1] INFO  [] [] com.messenger.service.DeviceService - Cleaned up 0 stale devices
2026-03-18 20:32:16.716 [MessageBroker-7] INFO  [] [] com.messenger.service.DeviceService - Cleaned up 0 stale devices
2026-03-18 20:32:26.721 [MessageBroker-2] INFO  [] [] com.messenger.service.DeviceService - Cleaned up 0 stale devices
2026-03-18 20:32:36.724 [MessageBroker-2] INFO  [] [] com.messenger.service.DeviceService - Cleaned up 0 stale devices
2026-03-18 20:32:46.726 [MessageBroker-1] INFO  [] [] com.messenger.service.DeviceService - Cleaned up 0 stale devices
2026-03-18 20:32:56.716 [MessageBroker-1] INFO  [] [] com.messenger.service.DeviceService - Cleaned up 0 stale devices
2026-03-18 20:33:06.715 [MessageBroker-1] INFO  [] [] com.messenger.service.DeviceService - Cleaned up 0 stale devices
2026-03-18 20:33:16.720 [MessageBroker-6] INFO  [] [] com.messenger.service.DeviceService - Cleaned up 0 stale devices
2026-03-18 20:33:26.711 [MessageBroker-6] INFO  [] [] com.messenger.service.DeviceService - Cleaned up 0 stale devices
2026-03-18 20:33:36.711 [MessageBroker-6] INFO  [] [] com.messenger.service.DeviceService - Cleaned up 0 stale devices
2026-03-18 20:33:46.711 [MessageBroker-2] INFO  [] [] com.messenger.service.DeviceService - Cleaned up 0 stale devices
2026-03-18 20:33:56.708 [MessageBroker-2] INFO  [] [] com.messenger.service.DeviceService - Cleaned up 0 stale devices
2026-03-18 20:34:06.708 [MessageBroker-2] INFO  [] [] com.messenger.service.DeviceService - Cleaned up 0 stale devices
2026-03-18 20:34:16.708 [MessageBroker-4] INFO  [] [] com.messenger.service.DeviceService - Cleaned up 0 stale devices
2026-03-18 20:34:26.711 [MessageBroker-8] INFO  [] [] com.messenger.service.DeviceService - Cleaned up 0 stale devices
2026-03-18 20:34:36.705 [MessageBroker-8] INFO  [] [] com.messenger.service.DeviceService - Cleaned up 0 stale devices
2026-03-18 20:34:46.705 [MessageBroker-6] INFO  [] [] com.messenger.service.DeviceService - Cleaned up 0 stale devices
2026-03-18 20:34:56.702 [MessageBroker-6] INFO  [] [] com.messenger.service.DeviceService - Cleaned up 0 stale devices
2026-03-18 20:35:06.702 [MessageBroker-6] INFO  [] [] com.messenger.service.DeviceService - Cleaned up 0 stale devices
2026-03-18 20:35:16.718 [MessageBroker-4] INFO  [] [] com.messenger.service.DeviceService - Cleaned up 0 stale devices
2026-03-18 20:35:26.710 [MessageBroker-4] INFO  [] [] com.messenger.service.DeviceService - Cleaned up 0 stale devices
2026-03-18 20:35:36.697 [MessageBroker-4] INFO  [] [] com.messenger.service.DeviceService - Cleaned up 0 stale devices
2026-03-18 20:35:46.697 [MessageBroker-1] INFO  [] [] com.messenger.service.DeviceService - Cleaned up 0 stale devices
2026-03-18 20:35:56.696 [MessageBroker-1] INFO  [] [] com.messenger.service.DeviceService - Cleaned up 0 stale devices
2026-03-18 20:36:06.698 [MessageBroker-1] INFO  [] [] com.messenger.service.DeviceService - Cleaned up 0 stale devices
2026-03-18 20:36:16.696 [MessageBroker-3] INFO  [] [] com.messenger.service.DeviceService - Cleaned up 0 stale devices
2026-03-18 20:36:26.697 [MessageBroker-8] INFO  [] [] c.m.service.PresenceScheduler - Presence stats - ONLINE: 0, AWAY: 0, BUSY: 0, OFFLINE: 0
2026-03-18 20:36:26.688 [MessageBroker-3] INFO  [] [] com.messenger.service.DeviceService - Cleaned up 0 stale devices
2026-03-18 20:36:36.690 [MessageBroker-3] INFO  [] [] com.messenger.service.DeviceService - Cleaned up 0 stale devices
2026-03-18 20:36:46.679 [MessageBroker-7] INFO  [] [] com.messenger.service.DeviceService - Cleaned up 0 stale devices
2026-03-18 20:36:56.671 [MessageBroker-7] INFO  [] [] com.messenger.service.DeviceService - Cleaned up 0 stale devices
2026-03-18 20:37:06.670 [MessageBroker-7] INFO  [] [] com.messenger.service.DeviceService - Cleaned up 0 stale devices
2026-03-18 20:37:16.670 [MessageBroker-1] INFO  [] [] com.messenger.service.DeviceService - Cleaned up 0 stale devices
2026-03-18 20:37:26.660 [MessageBroker-1] INFO  [] [] com.messenger.service.DeviceService - Cleaned up 0 stale devices
2026-03-18 20:37:36.655 [MessageBroker-1] INFO  [] [] com.messenger.service.DeviceService - Cleaned up 0 stale devices
2026-03-18 20:37:46.663 [MessageBroker-2] INFO  [] [] com.messenger.service.DeviceService - Cleaned up 0 stale devices
2026-03-18 20:37:56.654 [MessageBroker-2] INFO  [] [] com.messenger.service.DeviceService - Cleaned up 0 stale devices
2026-03-18 20:38:06.663 [MessageBroker-2] INFO  [] [] com.messenger.service.DeviceService - Cleaned up 0 stale devices
2026-03-18 20:38:16.652 [MessageBroker-6] INFO  [] [] com.messenger.service.DeviceService - Cleaned up 0 stale devices
2026-03-18 20:38:26.645 [MessageBroker-6] INFO  [] [] com.messenger.service.DeviceService - Cleaned up 0 stale devices
2026-03-18 20:38:36.644 [MessageBroker-6] INFO  [] [] com.messenger.service.DeviceService - Cleaned up 0 stale devices
2026-03-18 20:38:46.657 [MessageBroker-4] INFO  [] [] com.messenger.service.DeviceService - Cleaned up 0 stale devices
2026-03-18 20:38:56.630 [MessageBroker-4] INFO  [] [] com.messenger.service.DeviceService - Cleaned up 0 stale devices
2026-03-18 20:39:06.630 [MessageBroker-4] INFO  [] [] com.messenger.service.DeviceService - Cleaned up 0 stale devices
2026-03-18 20:39:16.637 [MessageBroker-2] INFO  [] [] com.messenger.service.DeviceService - Cleaned up 0 stale devices
2026-03-18 20:39:26.628 [MessageBroker-2] INFO  [] [] com.messenger.service.DeviceService - Cleaned up 0 stale devices
2026-03-18 20:39:36.620 [MessageBroker-2] INFO  [] [] com.messenger.service.DeviceService - Cleaned up 0 stale devices
2026-03-18 20:39:46.621 [MessageBroker-1] INFO  [] [] com.messenger.service.DeviceService - Cleaned up 0 stale devices
2026-03-18 20:39:56.618 [MessageBroker-1] INFO  [] [] com.messenger.service.DeviceService - Cleaned up 0 stale devices
2026-03-18 20:40:06.612 [MessageBroker-1] INFO  [] [] com.messenger.service.DeviceService - Cleaned up 0 stale devices
2026-03-18 20:40:16.615 [MessageBroker-8] INFO  [] [] com.messenger.service.DeviceService - Cleaned up 0 stale devices
2026-03-18 20:40:26.608 [MessageBroker-8] INFO  [] [] com.messenger.service.DeviceService - Cleaned up 0 stale devices
2026-03-18 20:40:36.607 [MessageBroker-8] INFO  [] [] com.messenger.service.DeviceService - Cleaned up 0 stale devices
2026-03-18 20:40:46.607 [MessageBroker-6] INFO  [] [] com.messenger.service.DeviceService - Cleaned up 0 stale devices
2026-03-18 20:40:56.604 [MessageBroker-6] INFO  [] [] com.messenger.service.DeviceService - Cleaned up 0 stale devices
2026-03-18 20:41:06.605 [MessageBroker-6] INFO  [] [] com.messenger.service.DeviceService - Cleaned up 0 stale devices
2026-03-18 20:41:16.612 [MessageBroker-8] INFO  [] [] com.messenger.service.DeviceService - Cleaned up 0 stale devices
2026-03-18 20:41:26.631 [MessageBroker-8] INFO  [] [] com.messenger.service.DeviceService - Cleaned up 0 stale devices
2026-03-18 20:41:26.647 [MessageBroker-1] INFO  [] [] c.m.service.PresenceScheduler - Presence stats - ONLINE: 0, AWAY: 0, BUSY: 0, OFFLINE: 0
2026-03-18 20:41:36.600 [MessageBroker-8] INFO  [] [] com.messenger.service.DeviceService - Cleaned up 0 stale devices
2026-03-18 20:41:46.600 [MessageBroker-3] INFO  [] [] com.messenger.service.DeviceService - Cleaned up 0 stale devices
2026-03-18 20:41:56.613 [MessageBroker-3] INFO  [] [] com.messenger.service.DeviceService - Cleaned up 0 stale devices
2026-03-18 20:42:06.606 [MessageBroker-3] INFO  [] [] com.messenger.service.DeviceService - Cleaned up 0 stale devices
2026-03-18 20:42:16.604 [MessageBroker-1] INFO  [] [] com.messenger.service.DeviceService - Cleaned up 0 stale devices
2026-03-18 20:42:26.600 [MessageBroker-6] INFO  [] [] com.messenger.service.DeviceService - Cleaned up 0 stale devices
2026-03-18 20:42:36.601 [MessageBroker-6] INFO  [] [] com.messenger.service.DeviceService - Cleaned up 0 stale devices
2026-03-18 20:42:46.592 [MessageBroker-2] INFO  [] [] com.messenger.service.DeviceService - Cleaned up 0 stale devices
2026-03-18 20:42:56.588 [MessageBroker-2] INFO  [] [] com.messenger.service.DeviceService - Cleaned up 0 stale devices
2026-03-18 20:43:06.589 [MessageBroker-2] INFO  [] [] com.messenger.service.DeviceService - Cleaned up 0 stale devices
2026-03-18 20:43:16.603 [MessageBroker-5] INFO  [] [] com.messenger.service.DeviceService - Cleaned up 0 stale devices
2026-03-18 20:43:26.585 [MessageBroker-5] INFO  [] [] com.messenger.service.DeviceService - Cleaned up 0 stale devices
2026-03-18 20:43:36.593 [MessageBroker-5] INFO  [] [] com.messenger.service.DeviceService - Cleaned up 0 stale devices
2026-03-18 20:43:46.600 [MessageBroker-2] INFO  [] [] com.messenger.service.DeviceService - Cleaned up 0 stale devices
2026-03-18 20:43:56.568 [MessageBroker-2] INFO  [] [] com.messenger.service.DeviceService - Cleaned up 0 stale devices
2026-03-18 20:44:06.633 [MessageBroker-2] INFO  [] [] com.messenger.service.DeviceService - Cleaned up 0 stale devices
2026-03-18 20:44:16.584 [MessageBroker-6] INFO  [] [] com.messenger.service.DeviceService - Cleaned up 0 stale devices
2026-03-18 20:44:26.554 [MessageBroker-6] INFO  [] [] com.messenger.service.DeviceService - Cleaned up 0 stale devices
2026-03-18 20:44:36.592 [MessageBroker-6] INFO  [] [] com.messenger.service.DeviceService - Cleaned up 0 stale devices
2026-03-18 20:44:46.562 [MessageBroker-3] INFO  [] [] com.messenger.service.DeviceService - Cleaned up 0 stale devices
2026-03-18 20:44:56.560 [MessageBroker-3] INFO  [] [] com.messenger.service.DeviceService - Cleaned up 0 stale devices
2026-03-18 20:45:06.577 [MessageBroker-3] INFO  [] [] com.messenger.service.DeviceService - Cleaned up 0 stale devices
2026-03-18 20:45:16.557 [MessageBroker-4] INFO  [] [] com.messenger.service.DeviceService - Cleaned up 0 stale devices
2026-03-18 20:45:26.570 [MessageBroker-4] INFO  [] [] com.messenger.service.DeviceService - Cleaned up 0 stale devices
2026-03-18 20:45:36.556 [MessageBroker-4] INFO  [] [] com.messenger.service.DeviceService - Cleaned up 0 stale devices
2026-03-18 20:45:46.556 [MessageBroker-2] INFO  [] [] com.messenger.service.DeviceService - Cleaned up 0 stale devices
2026-03-18 20:45:56.557 [MessageBroker-8] INFO  [] [] com.messenger.service.DeviceService - Cleaned up 0 stale devices
2026-03-18 20:46:06.557 [MessageBroker-8] INFO  [] [] com.messenger.service.DeviceService - Cleaned up 0 stale devices
2026-03-18 20:46:16.595 [MessageBroker-4] INFO  [] [] com.messenger.service.DeviceService - Cleaned up 0 stale devices
2026-03-18 20:46:26.615 [MessageBroker-7] INFO  [] [] com.messenger.service.DeviceService - Cleaned up 0 stale devices
2026-03-18 20:46:26.617 [MessageBroker-2] INFO  [] [] c.m.service.PresenceScheduler - Presence stats - ONLINE: 0, AWAY: 0, BUSY: 0, OFFLINE: 0
2026-03-18 20:46:36.556 [MessageBroker-7] INFO  [] [] com.messenger.service.DeviceService - Cleaned up 0 stale devices
2026-03-18 20:46:46.571 [MessageBroker-1] INFO  [] [] com.messenger.service.DeviceService - Cleaned up 0 stale devices
2026-03-18 20:46:56.551 [MessageBroker-1] INFO  [] [] com.messenger.service.DeviceService - Cleaned up 0 stale devices
2026-03-18 20:47:06.551 [MessageBroker-1] INFO  [] [] com.messenger.service.DeviceService - Cleaned up 0 stale devices
2026-03-18 20:47:16.552 [MessageBroker-4] INFO  [] [] com.messenger.service.DeviceService - Cleaned up 0 stale devices
2026-03-18 20:47:26.543 [MessageBroker-4] INFO  [] [] com.messenger.service.DeviceService - Cleaned up 0 stale devices
2026-03-18 20:47:36.551 [MessageBroker-4] INFO  [] [] com.messenger.service.DeviceService - Cleaned up 0 stale devices
2026-03-18 20:47:46.543 [MessageBroker-7] INFO  [] [] com.messenger.service.DeviceService - Cleaned up 0 stale devices
2026-03-18 20:47:56.572 [MessageBroker-7] INFO  [] [] com.messenger.service.DeviceService - Cleaned up 0 stale devices
2026-03-18 20:48:06.527 [MessageBroker-7] INFO  [] [] com.messenger.service.DeviceService - Cleaned up 0 stale devices
2026-03-18 20:48:16.527 [MessageBroker-2] INFO  [] [] com.messenger.service.DeviceService - Cleaned up 0 stale devices
2026-03-18 20:48:26.544 [MessageBroker-2] INFO  [] [] com.messenger.service.DeviceService - Cleaned up 0 stale devices
2026-03-18 20:48:36.678 [MessageBroker-2] INFO  [] [] com.messenger.service.DeviceService - Cleaned up 0 stale devices
2026-03-18 20:48:46.547 [MessageBroker-6] INFO  [] [] com.messenger.service.DeviceService - Cleaned up 0 stale devices
2026-03-18 20:48:56.542 [MessageBroker-8] INFO  [] [] com.messenger.service.DeviceService - Cleaned up 0 stale devices
2026-03-18 20:49:06.525 [MessageBroker-8] INFO  [] [] com.messenger.service.DeviceService - Cleaned up 0 stale devices
2026-03-18 20:49:16.540 [MessageBroker-2] INFO  [] [] com.messenger.service.DeviceService - Cleaned up 0 stale devices
2026-03-18 20:49:26.519 [MessageBroker-2] INFO  [] [] com.messenger.service.DeviceService - Cleaned up 0 stale devices
2026-03-18 20:49:36.520 [MessageBroker-2] INFO  [] [] com.messenger.service.DeviceService - Cleaned up 0 stale devices
2026-03-18 20:49:46.533 [MessageBroker-8] INFO  [] [] com.messenger.service.DeviceService - Cleaned up 0 stale devices
2026-03-18 20:49:56.509 [MessageBroker-8] INFO  [] [] com.messenger.service.DeviceService - Cleaned up 0 stale devices
2026-03-18 20:50:06.497 [MessageBroker-8] INFO  [] [] com.messenger.service.DeviceService - Cleaned up 0 stale devices
2026-03-18 20:50:16.534 [MessageBroker-2] INFO  [] [] com.messenger.service.DeviceService - Cleaned up 0 stale devices
2026-03-18 20:50:26.527 [MessageBroker-2] INFO  [] [] com.messenger.service.DeviceService - Cleaned up 0 stale devices
2026-03-18 20:50:36.499 [MessageBroker-2] INFO  [] [] com.messenger.service.DeviceService - Cleaned up 0 stale devices
2026-03-18 20:50:46.498 [MessageBroker-7] INFO  [] [] com.messenger.service.DeviceService - Cleaned up 0 stale devices
2026-03-18 20:50:56.493 [MessageBroker-3] INFO  [] [] com.messenger.service.DeviceService - Cleaned up 0 stale devices
2026-03-18 20:51:06.544 [MessageBroker-3] INFO  [] [] com.messenger.service.DeviceService - Cleaned up 0 stale devices
2026-03-18 20:51:16.508 [MessageBroker-6] INFO  [] [] com.messenger.service.DeviceService - Cleaned up 0 stale devices
2026-03-18 20:51:26.536 [MessageBroker-3] INFO  [] [] c.m.service.PresenceScheduler - Presence stats - ONLINE: 0, AWAY: 0, BUSY: 0, OFFLINE: 0
2026-03-18 20:51:26.531 [MessageBroker-6] INFO  [] [] com.messenger.service.DeviceService - Cleaned up 0 stale devices
2026-03-18 20:51:36.549 [MessageBroker-6] INFO  [] [] com.messenger.service.DeviceService - Cleaned up 0 stale devices
2026-03-18 20:51:46.529 [MessageBroker-4] INFO  [] [] com.messenger.service.DeviceService - Cleaned up 0 stale devices
2026-03-18 20:51:56.503 [MessageBroker-1] INFO  [] [] com.messenger.service.DeviceService - Cleaned up 0 stale devices
2026-03-18 20:52:06.506 [MessageBroker-1] INFO  [] [] com.messenger.service.DeviceService - Cleaned up 0 stale devices
2026-03-18 20:52:16.533 [MessageBroker-3] INFO  [] [] com.messenger.service.DeviceService - Cleaned up 0 stale devices
2026-03-18 20:52:26.499 [MessageBroker-3] INFO  [] [] com.messenger.service.DeviceService - Cleaned up 0 stale devices
2026-03-18 20:52:36.480 [MessageBroker-3] INFO  [] [] com.messenger.service.DeviceService - Cleaned up 0 stale devices
2026-03-18 20:52:46.527 [MessageBroker-4] INFO  [] [] com.messenger.service.DeviceService - Cleaned up 0 stale devices
2026-03-18 20:52:56.511 [MessageBroker-1] INFO  [] [] com.messenger.service.DeviceService - Cleaned up 0 stale devices
2026-03-18 20:53:06.514 [MessageBroker-1] INFO  [] [] com.messenger.service.DeviceService - Cleaned up 0 stale devices
2026-03-18 20:53:16.481 [MessageBroker-3] INFO  [] [] com.messenger.service.DeviceService - Cleaned up 0 stale devices
2026-03-18 20:53:26.463 [MessageBroker-3] INFO  [] [] com.messenger.service.DeviceService - Cleaned up 0 stale devices
2026-03-18 20:53:36.471 [MessageBroker-6] INFO  [] [] com.messenger.service.DeviceService - Cleaned up 0 stale devices
2026-03-18 20:53:46.468 [MessageBroker-1] INFO  [] [] com.messenger.service.DeviceService - Cleaned up 0 stale devices
2026-03-18 20:53:56.464 [MessageBroker-1] INFO  [] [] com.messenger.service.DeviceService - Cleaned up 0 stale devices
2026-03-18 20:54:06.468 [MessageBroker-1] INFO  [] [] com.messenger.service.DeviceService - Cleaned up 0 stale devices
2026-03-18 20:54:16.466 [MessageBroker-6] INFO  [] [] com.messenger.service.DeviceService - Cleaned up 0 stale devices
2026-03-18 20:54:26.461 [MessageBroker-6] INFO  [] [] com.messenger.service.DeviceService - Cleaned up 0 stale devices
2026-03-18 20:54:36.460 [MessageBroker-6] INFO  [] [] com.messenger.service.DeviceService - Cleaned up 0 stale devices
2026-03-18 20:54:46.459 [MessageBroker-4] INFO  [] [] com.messenger.service.DeviceService - Cleaned up 0 stale devices
2026-03-18 20:54:56.457 [MessageBroker-4] INFO  [] [] com.messenger.service.DeviceService - Cleaned up 0 stale devices
2026-03-18 20:55:06.463 [MessageBroker-4] INFO  [] [] com.messenger.service.DeviceService - Cleaned up 0 stale devices
2026-03-18 20:55:16.486 [MessageBroker-2] INFO  [] [] com.messenger.service.DeviceService - Cleaned up 0 stale devices
2026-03-18 20:55:26.467 [MessageBroker-2] INFO  [] [] com.messenger.service.DeviceService - Cleaned up 0 stale devices
2026-03-18 20:55:36.463 [MessageBroker-2] INFO  [] [] com.messenger.service.DeviceService - Cleaned up 0 stale devices
2026-03-18 20:55:46.463 [MessageBroker-1] INFO  [] [] com.messenger.service.DeviceService - Cleaned up 0 stale devices
2026-03-18 20:55:56.456 [MessageBroker-1] INFO  [] [] com.messenger.service.DeviceService - Cleaned up 0 stale devices
2026-03-18 20:56:06.442 [MessageBroker-4] INFO  [] [] com.messenger.service.DeviceService - Cleaned up 0 stale devices
2026-03-18 20:56:16.449 [MessageBroker-5] INFO  [] [] com.messenger.service.DeviceService - Cleaned up 0 stale devices
2026-03-18 20:56:26.461 [MessageBroker-4] INFO  [] [] c.m.service.PresenceScheduler - Presence stats - ONLINE: 0, AWAY: 0, BUSY: 0, OFFLINE: 0
2026-03-18 20:56:26.471 [MessageBroker-5] INFO  [] [] com.messenger.service.DeviceService - Cleaned up 0 stale devices
2026-03-18 20:56:36.481 [MessageBroker-5] INFO  [] [] com.messenger.service.DeviceService - Cleaned up 0 stale devices
2026-03-18 20:56:46.448 [MessageBroker-3] INFO  [] [] com.messenger.service.DeviceService - Cleaned up 0 stale devices
2026-03-18 20:56:56.432 [MessageBroker-3] INFO  [] [] com.messenger.service.DeviceService - Cleaned up 0 stale devices
2026-03-18 20:57:06.443 [MessageBroker-3] INFO  [] [] com.messenger.service.DeviceService - Cleaned up 0 stale devices
2026-03-18 20:57:16.442 [MessageBroker-1] INFO  [] [] com.messenger.service.DeviceService - Cleaned up 0 stale devices
2026-03-18 20:57:26.424 [MessageBroker-1] INFO  [] [] com.messenger.service.DeviceService - Cleaned up 0 stale devices
2026-03-18 20:57:36.444 [MessageBroker-1] INFO  [] [] com.messenger.service.DeviceService - Cleaned up 0 stale devices
2026-03-18 20:57:46.434 [MessageBroker-6] INFO  [] [] com.messenger.service.DeviceService - Cleaned up 0 stale devices
2026-03-18 20:57:56.461 [MessageBroker-6] INFO  [] [] com.messenger.service.DeviceService - Cleaned up 0 stale devices
2026-03-18 20:58:06.453 [MessageBroker-6] INFO  [] [] com.messenger.service.DeviceService - Cleaned up 0 stale devices
2026-03-18 20:58:16.412 [MessageBroker-1] INFO  [] [] com.messenger.service.DeviceService - Cleaned up 0 stale devices
2026-03-18 20:58:26.409 [MessageBroker-2] INFO  [] [] com.messenger.service.DeviceService - Cleaned up 0 stale devices
2026-03-18 20:58:36.416 [MessageBroker-2] INFO  [] [] com.messenger.service.DeviceService - Cleaned up 0 stale devices
2026-03-18 20:58:46.448 [MessageBroker-4] INFO  [] [] com.messenger.service.DeviceService - Cleaned up 0 stale devices
2026-03-18 20:58:56.408 [MessageBroker-8] INFO  [] [] com.messenger.service.DeviceService - Cleaned up 0 stale devices
2026-03-18 20:59:06.411 [MessageBroker-8] INFO  [] [] com.messenger.service.DeviceService - Cleaned up 0 stale devices
2026-03-18 20:59:16.393 [MessageBroker-1] INFO  [] [] com.messenger.service.DeviceService - Cleaned up 0 stale devices
2026-03-18 20:59:26.401 [MessageBroker-5] INFO  [] [] com.messenger.service.DeviceService - Cleaned up 0 stale devices
2026-03-18 20:59:36.425 [MessageBroker-5] INFO  [] [] com.messenger.service.DeviceService - Cleaned up 0 stale devices
2026-03-18 20:59:46.394 [MessageBroker-8] INFO  [] [] com.messenger.service.DeviceService - Cleaned up 0 stale devices
2026-03-18 20:59:56.369 [MessageBroker-8] INFO  [] [] com.messenger.service.DeviceService - Cleaned up 0 stale devices
2026-03-18 21:00:06.371 [MessageBroker-8] INFO  [] [] com.messenger.service.DeviceService - Cleaned up 0 stale devices
2026-03-18 21:00:16.370 [MessageBroker-4] INFO  [] [] com.messenger.service.DeviceService - Cleaned up 0 stale devices
2026-03-18 21:00:26.357 [MessageBroker-2] INFO  [] [] com.messenger.service.DeviceService - Cleaned up 0 stale devices
2026-03-18 21:00:36.383 [MessageBroker-2] INFO  [] [] com.messenger.service.DeviceService - Cleaned up 0 stale devices
2026-03-18 21:00:46.357 [MessageBroker-6] INFO  [] [] com.messenger.service.DeviceService - Cleaned up 0 stale devices
2026-03-18 21:00:56.351 [MessageBroker-6] INFO  [] [] com.messenger.service.DeviceService - Cleaned up 0 stale devices
2026-03-18 21:01:06.350 [MessageBroker-6] INFO  [] [] com.messenger.service.DeviceService - Cleaned up 0 stale devices
2026-03-18 21:01:16.361 [MessageBroker-8] INFO  [] [] com.messenger.service.DeviceService - Cleaned up 0 stale devices
2026-03-18 21:01:26.344 [MessageBroker-8] INFO  [] [] com.messenger.service.DeviceService - Cleaned up 0 stale devices
2026-03-18 21:01:26.369 [MessageBroker-2] INFO  [] [] c.m.service.PresenceScheduler - Presence stats - ONLINE: 0, AWAY: 0, BUSY: 0, OFFLINE: 0
2026-03-18 21:01:36.351 [MessageBroker-8] INFO  [] [] com.messenger.service.DeviceService - Cleaned up 0 stale devices
2026-03-18 21:01:46.350 [MessageBroker-1] INFO  [] [] com.messenger.service.DeviceService - Cleaned up 0 stale devices
2026-03-18 21:01:56.341 [MessageBroker-1] INFO  [] [] com.messenger.service.DeviceService - Cleaned up 0 stale devices
2026-03-18 21:02:06.354 [MessageBroker-1] INFO  [] [] com.messenger.service.DeviceService - Cleaned up 0 stale devices
2026-03-18 21:02:16.342 [MessageBroker-3] INFO  [] [] com.messenger.service.DeviceService - Cleaned up 0 stale devices
2026-03-18 21:02:26.357 [MessageBroker-3] INFO  [] [] com.messenger.service.DeviceService - Cleaned up 0 stale devices
2026-03-18 21:02:36.391 [MessageBroker-3] INFO  [] [] com.messenger.service.DeviceService - Cleaned up 0 stale devices
2026-03-18 21:02:46.339 [MessageBroker-4] INFO  [] [] com.messenger.service.DeviceService - Cleaned up 0 stale devices
2026-03-18 21:02:56.322 [MessageBroker-6] INFO  [] [] com.messenger.service.DeviceService - Cleaned up 0 stale devices
2026-03-18 21:03:06.321 [MessageBroker-6] INFO  [] [] com.messenger.service.DeviceService - Cleaned up 0 stale devices
2026-03-18 21:03:16.462 [MessageBroker-1] INFO  [] [] com.messenger.service.DeviceService - Cleaned up 0 stale devices
2026-03-18 21:03:27.580 [MessageBroker-3] INFO  [] [] com.messenger.service.DeviceService - Cleaned up 0 stale devices
2026-03-18 21:03:36.814 [MessageBroker-3] INFO  [] [] com.messenger.service.DeviceService - Cleaned up 0 stale devices
2026-03-18 21:03:46.328 [MessageBroker-6] INFO  [] [] com.messenger.service.DeviceService - Cleaned up 0 stale devices
2026-03-18 21:03:56.616 [MessageBroker-8] INFO  [] [] com.messenger.service.DeviceService - Cleaned up 0 stale devices
2026-03-18 21:04:06.469 [MessageBroker-8] INFO  [] [] com.messenger.service.DeviceService - Cleaned up 0 stale devices
2026-03-18 21:04:16.583 [MessageBroker-2] INFO  [] [] com.messenger.service.DeviceService - Cleaned up 0 stale devices
2026-03-18 21:04:26.685 [MessageBroker-2] INFO  [] [] com.messenger.service.DeviceService - Cleaned up 0 stale devices
2026-03-18 21:04:36.257 [MessageBroker-2] INFO  [] [] com.messenger.service.DeviceService - Cleaned up 0 stale devices
2026-03-18 21:04:46.374 [MessageBroker-1] INFO  [] [] com.messenger.service.DeviceService - Cleaned up 0 stale devices
2026-03-18 21:04:56.418 [MessageBroker-1] INFO  [] [] com.messenger.service.DeviceService - Cleaned up 0 stale devices
2026-03-18 21:05:06.588 [MessageBroker-1] INFO  [] [] com.messenger.service.DeviceService - Cleaned up 0 stale devices
2026-03-18 21:05:16.925 [MessageBroker-2] INFO  [] [] com.messenger.service.DeviceService - Cleaned up 0 stale devices
2026-03-18 21:05:26.504 [MessageBroker-4] INFO  [] [] com.messenger.service.DeviceService - Cleaned up 0 stale devices
2026-03-18 21:05:37.128 [MessageBroker-4] INFO  [] [] com.messenger.service.DeviceService - Cleaned up 0 stale devices
2026-03-18 21:05:46.316 [MessageBroker-6] INFO  [] [] com.messenger.service.DeviceService - Cleaned up 0 stale devices
2026-03-18 21:05:56.322 [MessageBroker-6] INFO  [] [] com.messenger.service.DeviceService - Cleaned up 0 stale devices
2026-03-18 21:06:06.416 [MessageBroker-6] INFO  [] [] com.messenger.service.DeviceService - Cleaned up 0 stale devices
2026-03-18 21:06:17.351 [MessageBroker-2] INFO  [] [] com.messenger.service.DeviceService - Cleaned up 0 stale devices
2026-03-18 21:06:26.316 [MessageBroker-7] INFO  [] [] com.messenger.service.DeviceService - Cleaned up 0 stale devices
2026-03-18 21:06:27.079 [MessageBroker-4] INFO  [] [] c.m.service.PresenceScheduler - Presence stats - ONLINE: 0, AWAY: 0, BUSY: 0, OFFLINE: 0
2026-03-18 21:06:36.322 [MessageBroker-7] INFO  [] [] com.messenger.service.DeviceService - Cleaned up 0 stale devices
2026-03-18 21:06:47.316 [MessageBroker-2] INFO  [] [] com.messenger.service.DeviceService - Cleaned up 0 stale devices
2026-03-18 21:06:56.262 [MessageBroker-3] INFO  [] [] com.messenger.service.DeviceService - Cleaned up 0 stale devices
2026-03-18 21:07:06.159 [MessageBroker-3] INFO  [] [] com.messenger.service.DeviceService - Cleaned up 0 stale devices
2026-03-18 21:07:16.307 [MessageBroker-4] INFO  [] [] com.messenger.service.DeviceService - Cleaned up 0 stale devices
2026-03-18 21:07:26.162 [MessageBroker-4] INFO  [] [] com.messenger.service.DeviceService - Cleaned up 0 stale devices
2026-03-18 21:07:36.111 [MessageBroker-4] INFO  [] [] com.messenger.service.DeviceService - Cleaned up 0 stale devices
2026-03-18 21:07:46.149 [MessageBroker-1] INFO  [] [] com.messenger.service.DeviceService - Cleaned up 0 stale devices
2026-03-18 21:07:56.282 [MessageBroker-7] INFO  [] [] com.messenger.service.DeviceService - Cleaned up 0 stale devices
2026-03-18 21:08:06.098 [MessageBroker-6] INFO  [] [] com.messenger.service.DeviceService - Cleaned up 0 stale devices
2026-03-18 21:08:16.453 [MessageBroker-3] INFO  [] [] com.messenger.service.DeviceService - Cleaned up 0 stale devices
2026-03-18 21:08:26.645 [MessageBroker-3] INFO  [] [] com.messenger.service.DeviceService - Cleaned up 0 stale devices
2026-03-18 21:08:36.430 [MessageBroker-3] INFO  [] [] com.messenger.service.DeviceService - Cleaned up 0 stale devices
2026-03-18 21:08:46.264 [MessageBroker-6] INFO  [] [] com.messenger.service.DeviceService - Cleaned up 0 stale devices
2026-03-18 21:08:56.127 [MessageBroker-2] INFO  [] [] com.messenger.service.DeviceService - Cleaned up 0 stale devices
2026-03-18 21:09:06.131 [MessageBroker-2] INFO  [] [] com.messenger.service.DeviceService - Cleaned up 0 stale devices
2026-03-18 21:09:16.265 [MessageBroker-5] INFO  [] [] com.messenger.service.DeviceService - Cleaned up 0 stale devices
2026-03-18 21:09:41.223 [MessageBroker-3] INFO  [] [] com.messenger.service.DeviceService - Cleaned up 0 stale devices
2026-03-18 21:09:41.420 [MessageBroker-3] INFO  [] [] com.messenger.service.DeviceService - Cleaned up 0 stale devices
2026-03-18 21:09:46.155 [MessageBroker-3] INFO  [] [] com.messenger.service.DeviceService - Cleaned up 0 stale devices
2026-03-18 21:09:56.067 [MessageBroker-3] INFO  [] [] com.messenger.service.DeviceService - Cleaned up 0 stale devices
2026-03-18 21:10:06.060 [MessageBroker-3] INFO  [] [] com.messenger.service.DeviceService - Cleaned up 0 stale devices
2026-03-18 21:10:16.062 [MessageBroker-1] INFO  [] [] com.messenger.service.DeviceService - Cleaned up 0 stale devices
2026-03-18 21:10:26.052 [MessageBroker-1] INFO  [] [] com.messenger.service.DeviceService - Cleaned up 0 stale devices
2026-03-18 21:10:36.122 [MessageBroker-1] INFO  [] [] com.messenger.service.DeviceService - Cleaned up 0 stale devices
2026-03-18 21:10:46.477 [MessageBroker-2] INFO  [] [] com.messenger.service.DeviceService - Cleaned up 0 stale devices
2026-03-18 21:10:56.063 [MessageBroker-2] INFO  [] [] com.messenger.service.DeviceService - Cleaned up 0 stale devices
2026-03-18 21:11:06.073 [MessageBroker-2] INFO  [] [] com.messenger.service.DeviceService - Cleaned up 0 stale devices
2026-03-18 21:11:16.043 [MessageBroker-6] INFO  [] [] com.messenger.service.DeviceService - Cleaned up 0 stale devices
2026-03-18 21:11:26.045 [MessageBroker-6] INFO  [] [] com.messenger.service.DeviceService - Cleaned up 0 stale devices
2026-03-18 21:11:26.217 [MessageBroker-1] INFO  [] [] c.m.service.PresenceScheduler - Presence stats - ONLINE: 0, AWAY: 0, BUSY: 0, OFFLINE: 0
2026-03-18 21:11:36.052 [MessageBroker-6] INFO  [] [] com.messenger.service.DeviceService - Cleaned up 0 stale devices
2026-03-18 21:11:46.148 [MessageBroker-5] INFO  [] [] com.messenger.service.DeviceService - Cleaned up 0 stale devices
2026-03-18 21:11:56.018 [MessageBroker-5] INFO  [] [] com.messenger.service.DeviceService - Cleaned up 0 stale devices
2026-03-18 21:12:06.428 [MessageBroker-4] INFO  [] [] com.messenger.service.DeviceService - Cleaned up 0 stale devices
2026-03-18 21:12:16.068 [MessageBroker-1] INFO  [] [] com.messenger.service.DeviceService - Cleaned up 0 stale devices
2026-03-18 21:12:26.334 [MessageBroker-7] INFO  [] [] com.messenger.service.DeviceService - Cleaned up 0 stale devices
2026-03-18 21:12:36.022 [MessageBroker-7] INFO  [] [] com.messenger.service.DeviceService - Cleaned up 0 stale devices
2026-03-18 21:12:46.159 [MessageBroker-5] INFO  [] [] com.messenger.service.DeviceService - Cleaned up 0 stale devices
2026-03-18 21:12:55.995 [MessageBroker-5] INFO  [] [] com.messenger.service.DeviceService - Cleaned up 0 stale devices
2026-03-18 21:13:06.225 [MessageBroker-5] INFO  [] [] com.messenger.service.DeviceService - Cleaned up 0 stale devices
2026-03-18 21:13:16.026 [MessageBroker-7] INFO  [] [] com.messenger.service.DeviceService - Cleaned up 0 stale devices
2026-03-18 21:13:26.100 [MessageBroker-7] INFO  [] [] com.messenger.service.DeviceService - Cleaned up 0 stale devices
2026-03-18 21:13:36.023 [MessageBroker-7] INFO  [] [] com.messenger.service.DeviceService - Cleaned up 0 stale devices
2026-03-18 21:13:46.243 [MessageBroker-3] INFO  [] [] com.messenger.service.DeviceService - Cleaned up 0 stale devices
2026-03-18 21:13:55.981 [MessageBroker-3] INFO  [] [] com.messenger.service.DeviceService - Cleaned up 0 stale devices
2026-03-18 21:14:05.995 [MessageBroker-3] INFO  [] [] com.messenger.service.DeviceService - Cleaned up 0 stale devices
2026-03-18 21:14:15.990 [MessageBroker-5] INFO  [] [] com.messenger.service.DeviceService - Cleaned up 0 stale devices
2026-03-18 21:14:26.014 [MessageBroker-5] INFO  [] [] com.messenger.service.DeviceService - Cleaned up 0 stale devices
2026-03-18 21:14:35.988 [MessageBroker-5] INFO  [] [] com.messenger.service.DeviceService - Cleaned up 0 stale devices
2026-03-18 21:14:45.982 [MessageBroker-8] INFO  [] [] com.messenger.service.DeviceService - Cleaned up 0 stale devices
2026-03-18 21:14:55.998 [MessageBroker-8] INFO  [] [] com.messenger.service.DeviceService - Cleaned up 0 stale devices
2026-03-18 21:15:05.960 [MessageBroker-8] INFO  [] [] com.messenger.service.DeviceService - Cleaned up 0 stale devices
2026-03-18 21:15:15.965 [MessageBroker-2] INFO  [] [] com.messenger.service.DeviceService - Cleaned up 0 stale devices
2026-03-18 21:15:25.941 [MessageBroker-2] INFO  [] [] com.messenger.service.DeviceService - Cleaned up 0 stale devices
2026-03-18 21:15:35.944 [MessageBroker-2] INFO  [] [] com.messenger.service.DeviceService - Cleaned up 0 stale devices
2026-03-18 21:15:45.942 [MessageBroker-4] INFO  [] [] com.messenger.service.DeviceService - Cleaned up 0 stale devices
2026-03-18 21:15:55.949 [MessageBroker-4] INFO  [] [] com.messenger.service.DeviceService - Cleaned up 0 stale devices
2026-03-18 21:16:05.957 [MessageBroker-4] INFO  [] [] com.messenger.service.DeviceService - Cleaned up 0 stale devices
2026-03-18 21:16:15.934 [MessageBroker-2] INFO  [] [] com.messenger.service.DeviceService - Cleaned up 0 stale devices
2026-03-18 21:16:25.929 [MessageBroker-5] INFO  [] [] com.messenger.service.DeviceService - Cleaned up 0 stale devices
2026-03-18 21:16:25.977 [MessageBroker-1] INFO  [] [] c.m.service.PresenceScheduler - Presence stats - ONLINE: 0, AWAY: 0, BUSY: 0, OFFLINE: 0
2026-03-18 21:16:35.944 [MessageBroker-5] INFO  [] [] com.messenger.service.DeviceService - Cleaned up 0 stale devices
2026-03-18 21:16:46.188 [MessageBroker-4] INFO  [] [] com.messenger.service.DeviceService - Cleaned up 0 stale devices
2026-03-18 21:16:55.924 [MessageBroker-4] INFO  [] [] com.messenger.service.DeviceService - Cleaned up 0 stale devices
2026-03-18 21:17:05.941 [MessageBroker-4] INFO  [] [] com.messenger.service.DeviceService - Cleaned up 0 stale devices
2026-03-18 21:17:15.923 [MessageBroker-8] INFO  [] [] com.messenger.service.DeviceService - Cleaned up 0 stale devices
2026-03-18 21:17:25.910 [MessageBroker-8] INFO  [] [] com.messenger.service.DeviceService - Cleaned up 0 stale devices
2026-03-18 21:17:35.912 [MessageBroker-8] INFO  [] [] com.messenger.service.DeviceService - Cleaned up 0 stale devices
2026-03-18 21:17:45.911 [MessageBroker-5] INFO  [] [] com.messenger.service.DeviceService - Cleaned up 0 stale devices
2026-03-18 21:17:55.906 [MessageBroker-5] INFO  [] [] com.messenger.service.DeviceService - Cleaned up 0 stale devices
2026-03-18 21:18:05.933 [MessageBroker-5] INFO  [] [] com.messenger.service.DeviceService - Cleaned up 0 stale devices
2026-03-18 21:18:15.906 [MessageBroker-7] INFO  [] [] com.messenger.service.DeviceService - Cleaned up 0 stale devices
2026-03-18 21:18:25.908 [MessageBroker-3] INFO  [] [] com.messenger.service.DeviceService - Cleaned up 0 stale devices
2026-03-18 21:18:35.915 [MessageBroker-3] INFO  [] [] com.messenger.service.DeviceService - Cleaned up 0 stale devices
2026-03-18 21:18:45.904 [MessageBroker-8] INFO  [] [] com.messenger.service.DeviceService - Cleaned up 0 stale devices
2026-03-18 21:18:55.899 [MessageBroker-8] INFO  [] [] com.messenger.service.DeviceService - Cleaned up 0 stale devices
2026-03-18 21:19:05.905 [MessageBroker-8] INFO  [] [] com.messenger.service.DeviceService - Cleaned up 0 stale devices
2026-03-18 21:19:15.911 [MessageBroker-1] INFO  [] [] com.messenger.service.DeviceService - Cleaned up 0 stale devices
2026-03-18 21:19:25.897 [MessageBroker-1] INFO  [] [] com.messenger.service.DeviceService - Cleaned up 0 stale devices
2026-03-18 21:19:35.897 [MessageBroker-1] INFO  [] [] com.messenger.service.DeviceService - Cleaned up 0 stale devices
2026-03-18 21:19:45.898 [MessageBroker-8] INFO  [] [] com.messenger.service.DeviceService - Cleaned up 0 stale devices
2026-03-18 21:19:55.930 [MessageBroker-8] INFO  [] [] com.messenger.service.DeviceService - Cleaned up 0 stale devices
2026-03-18 21:20:05.903 [MessageBroker-8] INFO  [] [] com.messenger.service.DeviceService - Cleaned up 0 stale devices
2026-03-18 21:20:16.099 [MessageBroker-1] INFO  [] [] com.messenger.service.DeviceService - Cleaned up 0 stale devices
2026-03-18 21:20:25.890 [MessageBroker-1] INFO  [] [] com.messenger.service.DeviceService - Cleaned up 0 stale devices
2026-03-18 21:20:35.950 [MessageBroker-1] INFO  [] [] com.messenger.service.DeviceService - Cleaned up 0 stale devices
2026-03-18 21:20:45.896 [MessageBroker-8] INFO  [] [] com.messenger.service.DeviceService - Cleaned up 0 stale devices
2026-03-18 21:20:55.962 [MessageBroker-8] INFO  [] [] com.messenger.service.DeviceService - Cleaned up 0 stale devices
2026-03-18 21:21:06.009 [MessageBroker-8] INFO  [] [] com.messenger.service.DeviceService - Cleaned up 0 stale devices
2026-03-18 21:21:15.816 [MessageBroker-1] INFO  [] [] com.messenger.service.DeviceService - Cleaned up 0 stale devices
2026-03-18 21:21:25.887 [MessageBroker-1] INFO  [] [] com.messenger.service.DeviceService - Cleaned up 0 stale devices
2026-03-18 21:21:25.843 [MessageBroker-4] INFO  [] [] c.m.service.PinnedMessageService - Running cleanup for expired pinned messages
2026-03-18 21:21:26.008 [MessageBroker-8] INFO  [] [] c.m.service.PresenceScheduler - Presence stats - ONLINE: 0, AWAY: 0, BUSY: 0, OFFLINE: 0
2026-03-18 21:21:35.927 [MessageBroker-1] INFO  [] [] com.messenger.service.DeviceService - Cleaned up 0 stale devices
2026-03-18 21:21:46.005 [MessageBroker-6] INFO  [] [] com.messenger.service.DeviceService - Cleaned up 0 stale devices
2026-03-18 21:21:56.187 [MessageBroker-7] INFO  [] [] com.messenger.service.DeviceService - Cleaned up 0 stale devices
2026-03-18 21:22:05.857 [MessageBroker-7] INFO  [] [] com.messenger.service.DeviceService - Cleaned up 0 stale devices
2026-03-18 21:22:15.897 [MessageBroker-1] INFO  [] [] com.messenger.service.DeviceService - Cleaned up 0 stale devices
2026-03-18 21:22:25.857 [MessageBroker-1] INFO  [] [] com.messenger.service.DeviceService - Cleaned up 0 stale devices
2026-03-18 21:22:36.008 [MessageBroker-1] INFO  [] [] com.messenger.service.DeviceService - Cleaned up 0 stale devices
2026-03-18 21:22:45.937 [MessageBroker-5] INFO  [] [] com.messenger.service.DeviceService - Cleaned up 0 stale devices
2026-03-18 21:22:56.003 [MessageBroker-5] INFO  [] [] com.messenger.service.DeviceService - Cleaned up 0 stale devices
2026-03-18 21:23:05.835 [MessageBroker-5] INFO  [] [] com.messenger.service.DeviceService - Cleaned up 0 stale devices
2026-03-18 21:23:15.873 [MessageBroker-1] INFO  [] [] com.messenger.service.DeviceService - Cleaned up 0 stale devices
2026-03-18 21:23:25.830 [MessageBroker-1] INFO  [] [] com.messenger.service.DeviceService - Cleaned up 0 stale devices
2026-03-18 21:23:35.927 [MessageBroker-1] INFO  [] [] com.messenger.service.DeviceService - Cleaned up 0 stale devices
2026-03-18 21:23:45.861 [MessageBroker-7] INFO  [] [] com.messenger.service.DeviceService - Cleaned up 0 stale devices
2026-03-18 21:23:55.818 [MessageBroker-7] INFO  [] [] com.messenger.service.DeviceService - Cleaned up 0 stale devices
2026-03-18 21:24:05.874 [MessageBroker-7] INFO  [] [] com.messenger.service.DeviceService - Cleaned up 0 stale devices
2026-03-18 21:24:15.831 [MessageBroker-2] INFO  [] [] com.messenger.service.DeviceService - Cleaned up 0 stale devices
2026-03-18 21:24:25.803 [MessageBroker-2] INFO  [] [] com.messenger.service.DeviceService - Cleaned up 0 stale devices
2026-03-18 21:24:36.296 [MessageBroker-2] INFO  [] [] com.messenger.service.DeviceService - Cleaned up 0 stale devices
2026-03-18 21:24:45.805 [MessageBroker-1] INFO  [] [] com.messenger.service.DeviceService - Cleaned up 0 stale devices
2026-03-18 21:24:55.798 [MessageBroker-4] INFO  [] [] com.messenger.service.DeviceService - Cleaned up 0 stale devices
2026-03-18 21:25:06.048 [MessageBroker-4] INFO  [] [] com.messenger.service.DeviceService - Cleaned up 0 stale devices
2026-03-18 21:25:15.813 [MessageBroker-3] INFO  [] [] com.messenger.service.DeviceService - Cleaned up 0 stale devices
2026-03-18 21:25:26.389 [MessageBroker-3] INFO  [] [] com.messenger.service.DeviceService - Cleaned up 0 stale devices
2026-03-18 21:25:35.901 [MessageBroker-3] INFO  [] [] com.messenger.service.DeviceService - Cleaned up 0 stale devices
2026-03-18 21:25:45.967 [MessageBroker-7] INFO  [] [] com.messenger.service.DeviceService - Cleaned up 0 stale devices
2026-03-18 21:25:55.974 [MessageBroker-7] INFO  [] [] com.messenger.service.DeviceService - Cleaned up 0 stale devices
2026-03-18 21:26:05.833 [MessageBroker-7] INFO  [] [] com.messenger.service.DeviceService - Cleaned up 0 stale devices
2026-03-18 21:26:15.959 [MessageBroker-2] INFO  [] [] com.messenger.service.DeviceService - Cleaned up 0 stale devices
2026-03-18 21:26:25.790 [MessageBroker-6] INFO  [] [] com.messenger.service.DeviceService - Cleaned up 0 stale devices
2026-03-18 21:26:26.004 [MessageBroker-3] INFO  [] [] c.m.service.PresenceScheduler - Presence stats - ONLINE: 0, AWAY: 0, BUSY: 0, OFFLINE: 0
2026-03-18 21:26:35.803 [MessageBroker-6] INFO  [] [] com.messenger.service.DeviceService - Cleaned up 0 stale devices
2026-03-18 21:26:45.823 [MessageBroker-4] INFO  [] [] com.messenger.service.DeviceService - Cleaned up 0 stale devices
2026-03-18 21:26:55.941 [MessageBroker-4] INFO  [] [] com.messenger.service.DeviceService - Cleaned up 0 stale devices
2026-03-18 21:27:05.910 [MessageBroker-4] INFO  [] [] com.messenger.service.DeviceService - Cleaned up 0 stale devices
2026-03-18 21:27:15.823 [MessageBroker-1] INFO  [] [] com.messenger.service.DeviceService - Cleaned up 0 stale devices
2026-03-18 21:27:25.882 [MessageBroker-8] INFO  [] [] com.messenger.service.DeviceService - Cleaned up 0 stale devices
2026-03-18 21:27:35.845 [MessageBroker-8] INFO  [] [] com.messenger.service.DeviceService - Cleaned up 0 stale devices
2026-03-18 21:27:45.721 [MessageBroker-2] INFO  [] [] com.messenger.service.DeviceService - Cleaned up 0 stale devices
2026-03-18 21:27:55.723 [MessageBroker-2] INFO  [] [] com.messenger.service.DeviceService - Cleaned up 0 stale devices
2026-03-18 21:28:05.710 [MessageBroker-2] INFO  [] [] com.messenger.service.DeviceService - Cleaned up 0 stale devices
2026-03-18 21:28:15.692 [MessageBroker-5] INFO  [] [] com.messenger.service.DeviceService - Cleaned up 0 stale devices
2026-03-18 21:28:25.692 [MessageBroker-5] INFO  [] [] com.messenger.service.DeviceService - Cleaned up 0 stale devices
2026-03-18 21:28:35.701 [MessageBroker-5] INFO  [] [] com.messenger.service.DeviceService - Cleaned up 0 stale devices
2026-03-18 21:28:45.690 [MessageBroker-2] INFO  [] [] com.messenger.service.DeviceService - Cleaned up 0 stale devices
2026-03-18 21:28:55.693 [MessageBroker-1] INFO  [] [] com.messenger.service.DeviceService - Cleaned up 0 stale devices
2026-03-18 21:28:58.656 [org.springframework.amqp.rabbit.RabbitListenerEndpointContainer#0-11] ERROR [] [] o.s.a.r.l.SimpleMessageListenerContainer - Failed to check/redeclare auto-delete queue(s).
org.springframework.amqp.AmqpConnectException: java.net.ConnectException: Connection refused
	at org.springframework.amqp.rabbit.support.RabbitExceptionTranslator.convertRabbitAccessException(RabbitExceptionTranslator.java:61)
	at org.springframework.amqp.rabbit.connection.AbstractConnectionFactory.createBareConnection(AbstractConnectionFactory.java:594)
	at org.springframework.amqp.rabbit.connection.CachingConnectionFactory.createConnection(CachingConnectionFactory.java:711)
	at org.springframework.amqp.rabbit.connection.CachingConnectionFactory.createBareChannel(CachingConnectionFactory.java:662)
	at org.springframework.amqp.rabbit.connection.CachingConnectionFactory.getCachedChannelProxy(CachingConnectionFactory.java:636)
	at org.springframework.amqp.rabbit.connection.CachingConnectionFactory.getChannel(CachingConnectionFactory.java:526)
	at org.springframework.amqp.rabbit.connection.CachingConnectionFactory$ChannelCachingConnectionProxy.createChannel(CachingConnectionFactory.java:1423)
	at org.springframework.amqp.rabbit.core.RabbitTemplate.doExecute(RabbitTemplate.java:2231)
	at org.springframework.amqp.rabbit.core.RabbitTemplate.execute(RabbitTemplate.java:2198)
	at org.springframework.amqp.rabbit.core.RabbitTemplate.execute(RabbitTemplate.java:2178)
	at org.springframework.amqp.rabbit.core.RabbitAdmin.getQueueInfo(RabbitAdmin.java:465)
	at org.springframework.amqp.rabbit.core.RabbitAdmin.getQueueProperties(RabbitAdmin.java:449)
	at org.springframework.amqp.rabbit.listener.AbstractMessageListenerContainer.attemptDeclarations(AbstractMessageListenerContainer.java:1936)
	at org.springframework.amqp.rabbit.listener.AbstractMessageListenerContainer.redeclareElementsIfNecessary(AbstractMessageListenerContainer.java:1904)
	at org.springframework.amqp.rabbit.listener.SimpleMessageListenerContainer$AsyncMessageProcessingConsumer.initialize(SimpleMessageListenerContainer.java:1383)
	at org.springframework.amqp.rabbit.listener.SimpleMessageListenerContainer$AsyncMessageProcessingConsumer.run(SimpleMessageListenerContainer.java:1225)
	at java.base/java.lang.Thread.run(Unknown Source)
Caused by: java.net.ConnectException: Connection refused
	at java.base/sun.nio.ch.Net.pollConnect(Native Method)
	at java.base/sun.nio.ch.Net.pollConnectNow(Unknown Source)
	at java.base/sun.nio.ch.NioSocketImpl.timedFinishConnect(Unknown Source)
	at java.base/sun.nio.ch.NioSocketImpl.connect(Unknown Source)
	at java.base/java.net.SocksSocketImpl.connect(Unknown Source)
	at java.base/java.net.Socket.connect(Unknown Source)
	at com.rabbitmq.client.impl.SocketFrameHandlerFactory.create(SocketFrameHandlerFactory.java:61)
	at com.rabbitmq.client.ConnectionFactory.newConnection(ConnectionFactory.java:1249)
	at com.rabbitmq.client.ConnectionFactory.newConnection(ConnectionFactory.java:1198)
	at org.springframework.amqp.rabbit.connection.AbstractConnectionFactory.connectAddresses(AbstractConnectionFactory.java:632)
	at org.springframework.amqp.rabbit.connection.AbstractConnectionFactory.connect(AbstractConnectionFactory.java:607)
	at org.springframework.amqp.rabbit.connection.AbstractConnectionFactory.createBareConnection(AbstractConnectionFactory.java:557)
	... 15 common frames omitted
2026-03-18 21:28:58.716 [org.springframework.amqp.rabbit.RabbitListenerEndpointContainer#0-16] ERROR [] [] o.s.a.r.l.SimpleMessageListenerContainer - Failed to check/redeclare auto-delete queue(s).
2026-03-18 21:28:58.733 [org.springframework.amqp.rabbit.RabbitListenerEndpointContainer#0-15] ERROR [] [] o.s.a.r.l.SimpleMessageListenerContainer - Failed to check/redeclare auto-delete queue(s).
2026-03-18 21:28:58.756 [org.springframework.amqp.rabbit.RabbitListenerEndpointContainer#0-14] ERROR [] [] o.s.a.r.l.SimpleMessageListenerContainer - Failed to check/redeclare auto-delete queue(s).
2026-03-18 21:28:58.758 [org.springframework.amqp.rabbit.RabbitListenerEndpointContainer#0-13] ERROR [] [] o.s.a.r.l.SimpleMessageListenerContainer - Failed to check/redeclare auto-delete queue(s).
2026-03-18 21:28:58.861 [org.springframework.amqp.rabbit.RabbitListenerEndpointContainer#0-12] ERROR [] [] o.s.a.r.l.SimpleMessageListenerContainer - Failed to check/redeclare auto-delete queue(s).
2026-03-18 21:28:58.874 [org.springframework.amqp.rabbit.RabbitListenerEndpointContainer#0-17] ERROR [] [] o.s.a.r.l.SimpleMessageListenerContainer - Failed to check/redeclare auto-delete queue(s).
2026-03-18 21:28:59.007 [org.springframework.amqp.rabbit.RabbitListenerEndpointContainer#0-18] ERROR [] [] o.s.a.r.l.SimpleMessageListenerContainer - Failed to check/redeclare auto-delete queue(s).
2026-03-18 21:28:59.160 [org.springframework.amqp.rabbit.RabbitListenerEndpointContainer#0-19] ERROR [] [] o.s.a.r.l.SimpleMessageListenerContainer - Failed to check/redeclare auto-delete queue(s).
2026-03-18 21:28:59.199 [org.springframework.amqp.rabbit.RabbitListenerEndpointContainer#0-20] ERROR [] [] o.s.a.r.l.SimpleMessageListenerContainer - Failed to check/redeclare auto-delete queue(s).
2026-03-18 21:29:03.828 [org.springframework.amqp.rabbit.RabbitListenerEndpointContainer#0-11] WARN  [] [] o.s.a.r.l.SimpleMessageListenerContainer - Consumer raised exception, processing can restart if the connection factory supports it. Exception summary: org.springframework.amqp.AmqpConnectException: java.net.ConnectException: Connection refused
2026-03-18 21:29:03.828 [org.springframework.amqp.rabbit.RabbitListenerEndpointContainer#0-14] WARN  [] [] o.s.a.r.l.SimpleMessageListenerContainer - Consumer raised exception, processing can restart if the connection factory supports it. Exception summary: org.springframework.amqp.AmqpConnectException: java.net.ConnectException: Connection refused
2026-03-18 21:29:03.828 [org.springframework.amqp.rabbit.RabbitListenerEndpointContainer#0-16] WARN  [] [] o.s.a.r.l.SimpleMessageListenerContainer - Consumer raised exception, processing can restart if the connection factory supports it. Exception summary: org.springframework.amqp.AmqpConnectException: java.net.ConnectException: Connection refused
2026-03-18 21:29:03.828 [org.springframework.amqp.rabbit.RabbitListenerEndpointContainer#0-15] WARN  [] [] o.s.a.r.l.SimpleMessageListenerContainer - Consumer raised exception, processing can restart if the connection factory supports it. Exception summary: org.springframework.amqp.AmqpConnectException: java.net.ConnectException: Connection refused
2026-03-18 21:29:03.847 [org.springframework.amqp.rabbit.RabbitListenerEndpointContainer#0-21] ERROR [] [] o.s.a.r.l.SimpleMessageListenerContainer - Failed to check/redeclare auto-delete queue(s).
2026-03-18 21:29:03.856 [org.springframework.amqp.rabbit.RabbitListenerEndpointContainer#0-24] ERROR [] [] o.s.a.r.l.SimpleMessageListenerContainer - Failed to check/redeclare auto-delete queue(s).
2026-03-18 21:29:03.858 [org.springframework.amqp.rabbit.RabbitListenerEndpointContainer#0-23] ERROR [] [] o.s.a.r.l.SimpleMessageListenerContainer - Failed to check/redeclare auto-delete queue(s).
2026-03-18 21:29:03.863 [org.springframework.amqp.rabbit.RabbitListenerEndpointContainer#0-13] WARN  [] [] o.s.a.r.l.SimpleMessageListenerContainer - Consumer raised exception, processing can restart if the connection factory supports it. Exception summary: org.springframework.amqp.AmqpConnectException: java.net.ConnectException: Connection refused
2026-03-18 21:29:03.902 [org.springframework.amqp.rabbit.RabbitListenerEndpointContainer#0-12] WARN  [] [] o.s.a.r.l.SimpleMessageListenerContainer - Consumer raised exception, processing can restart if the connection factory supports it. Exception summary: org.springframework.amqp.AmqpConnectException: java.net.ConnectException: Connection refused
2026-03-18 21:29:03.924 [org.springframework.amqp.rabbit.RabbitListenerEndpointContainer#0-22] ERROR [] [] o.s.a.r.l.SimpleMessageListenerContainer - Failed to check/redeclare auto-delete queue(s).
2026-03-18 21:29:03.925 [org.springframework.amqp.rabbit.RabbitListenerEndpointContainer#0-26] ERROR [] [] o.s.a.r.l.SimpleMessageListenerContainer - Failed to check/redeclare auto-delete queue(s).
2026-03-18 21:29:03.926 [org.springframework.amqp.rabbit.RabbitListenerEndpointContainer#0-25] ERROR [] [] o.s.a.r.l.SimpleMessageListenerContainer - Failed to check/redeclare auto-delete queue(s).
2026-03-18 21:29:04.028 [org.springframework.amqp.rabbit.RabbitListenerEndpointContainer#0-17] WARN  [] [] o.s.a.r.l.SimpleMessageListenerContainer - Consumer raised exception, processing can restart if the connection factory supports it. Exception summary: org.springframework.amqp.AmqpConnectException: java.net.ConnectException: Connection refused
2026-03-18 21:29:04.036 [org.springframework.amqp.rabbit.RabbitListenerEndpointContainer#0-27] ERROR [] [] o.s.a.r.l.SimpleMessageListenerContainer - Failed to check/redeclare auto-delete queue(s).
2026-03-18 21:29:04.054 [org.springframework.amqp.rabbit.RabbitListenerEndpointContainer#0-18] WARN  [] [] o.s.a.r.l.SimpleMessageListenerContainer - Consumer raised exception, processing can restart if the connection factory supports it. Exception summary: org.springframework.amqp.AmqpConnectException: java.net.ConnectException: Connection refused
2026-03-18 21:29:04.085 [org.springframework.amqp.rabbit.RabbitListenerEndpointContainer#0-28] ERROR [] [] o.s.a.r.l.SimpleMessageListenerContainer - Failed to check/redeclare auto-delete queue(s).
2026-03-18 21:29:04.198 [org.springframework.amqp.rabbit.RabbitListenerEndpointContainer#0-19] WARN  [] [] o.s.a.r.l.SimpleMessageListenerContainer - Consumer raised exception, processing can restart if the connection factory supports it. Exception summary: org.springframework.amqp.AmqpConnectException: java.net.ConnectException: Connection refused
2026-03-18 21:29:04.228 [org.springframework.amqp.rabbit.RabbitListenerEndpointContainer#0-29] ERROR [] [] o.s.a.r.l.SimpleMessageListenerContainer - Failed to check/redeclare auto-delete queue(s).
2026-03-18 21:29:04.243 [org.springframework.amqp.rabbit.RabbitListenerEndpointContainer#0-20] WARN  [] [] o.s.a.r.l.SimpleMessageListenerContainer - Consumer raised exception, processing can restart if the connection factory supports it. Exception summary: org.springframework.amqp.AmqpConnectException: java.net.ConnectException: Connection refused
2026-03-18 21:29:04.299 [org.springframework.amqp.rabbit.RabbitListenerEndpointContainer#0-30] ERROR [] [] o.s.a.r.l.SimpleMessageListenerContainer - Failed to check/redeclare auto-delete queue(s).
2026-03-18 21:29:05.726 [MessageBroker-1] INFO  [] [] com.messenger.service.DeviceService - Cleaned up 0 stale devices
2026-03-18 21:29:08.864 [org.springframework.amqp.rabbit.RabbitListenerEndpointContainer#0-24] WARN  [] [] o.s.a.r.l.SimpleMessageListenerContainer - Consumer raised exception, processing can restart if the connection factory supports it. Exception summary: org.springframework.amqp.AmqpConnectException: java.net.ConnectException: Connection refused
2026-03-18 21:29:08.887 [org.springframework.amqp.rabbit.RabbitListenerEndpointContainer#0-31] ERROR [] [] o.s.a.r.l.SimpleMessageListenerContainer - Failed to check/redeclare auto-delete queue(s).
2026-03-18 21:29:08.892 [org.springframework.amqp.rabbit.RabbitListenerEndpointContainer#0-21] WARN  [] [] o.s.a.r.l.SimpleMessageListenerContainer - Consumer raised exception, processing can restart if the connection factory supports it. Exception summary: org.springframework.amqp.AmqpConnectException: java.net.ConnectException: Connection refused
2026-03-18 21:29:08.938 [org.springframework.amqp.rabbit.RabbitListenerEndpointContainer#0-22] WARN  [] [] o.s.a.r.l.SimpleMessageListenerContainer - Consumer raised exception, processing can restart if the connection factory supports it. Exception summary: org.springframework.amqp.AmqpConnectException: java.net.ConnectException: Connection refused
2026-03-18 21:29:08.948 [org.springframework.amqp.rabbit.RabbitListenerEndpointContainer#0-23] WARN  [] [] o.s.a.r.l.SimpleMessageListenerContainer - Consumer raised exception, processing can restart if the connection factory supports it. Exception summary: org.springframework.amqp.AmqpConnectException: java.net.ConnectException: Connection refused
2026-03-18 21:29:08.954 [org.springframework.amqp.rabbit.RabbitListenerEndpointContainer#0-32] ERROR [] [] o.s.a.r.l.SimpleMessageListenerContainer - Failed to check/redeclare auto-delete queue(s).
2026-03-18 21:29:08.956 [org.springframework.amqp.rabbit.RabbitListenerEndpointContainer#0-26] WARN  [] [] o.s.a.r.l.SimpleMessageListenerContainer - Consumer raised exception, processing can restart if the connection factory supports it. Exception summary: org.springframework.amqp.AmqpConnectException: java.net.ConnectException: Connection refused
2026-03-18 21:29:08.987 [org.springframework.amqp.rabbit.RabbitListenerEndpointContainer#0-33] ERROR [] [] o.s.a.r.l.SimpleMessageListenerContainer - Failed to check/redeclare auto-delete queue(s).
2026-03-18 21:29:08.988 [org.springframework.amqp.rabbit.RabbitListenerEndpointContainer#0-35] ERROR [] [] o.s.a.r.l.SimpleMessageListenerContainer - Failed to check/redeclare auto-delete queue(s).
2026-03-18 21:29:08.995 [org.springframework.amqp.rabbit.RabbitListenerEndpointContainer#0-34] ERROR [] [] o.s.a.r.l.SimpleMessageListenerContainer - Failed to check/redeclare auto-delete queue(s).
2026-03-18 21:29:08.997 [org.springframework.amqp.rabbit.RabbitListenerEndpointContainer#0-25] WARN  [] [] o.s.a.r.l.SimpleMessageListenerContainer - Consumer raised exception, processing can restart if the connection factory supports it. Exception summary: org.springframework.amqp.AmqpConnectException: java.net.ConnectException: Connection refused
2026-03-18 21:29:09.007 [org.springframework.amqp.rabbit.RabbitListenerEndpointContainer#0-36] ERROR [] [] o.s.a.r.l.SimpleMessageListenerContainer - Failed to check/redeclare auto-delete queue(s).
2026-03-18 21:29:09.065 [org.springframework.amqp.rabbit.RabbitListenerEndpointContainer#0-27] WARN  [] [] o.s.a.r.l.SimpleMessageListenerContainer - Consumer raised exception, processing can restart if the connection factory supports it. Exception summary: org.springframework.amqp.AmqpConnectException: java.net.ConnectException: Connection refused
2026-03-18 21:29:09.072 [org.springframework.amqp.rabbit.RabbitListenerEndpointContainer#0-37] ERROR [] [] o.s.a.r.l.SimpleMessageListenerContainer - Failed to check/redeclare auto-delete queue(s).
2026-03-18 21:29:09.091 [org.springframework.amqp.rabbit.RabbitListenerEndpointContainer#0-28] WARN  [] [] o.s.a.r.l.SimpleMessageListenerContainer - Consumer raised exception, processing can restart if the connection factory supports it. Exception summary: org.springframework.amqp.AmqpConnectException: java.net.ConnectException: Connection refused
2026-03-18 21:29:09.124 [org.springframework.amqp.rabbit.RabbitListenerEndpointContainer#0-38] ERROR [] [] o.s.a.r.l.SimpleMessageListenerContainer - Failed to check/redeclare auto-delete queue(s).
2026-03-18 21:29:09.322 [org.springframework.amqp.rabbit.RabbitListenerEndpointContainer#0-29] WARN  [] [] o.s.a.r.l.SimpleMessageListenerContainer - Consumer raised exception, processing can restart if the connection factory supports it. Exception summary: org.springframework.amqp.AmqpConnectException: java.net.ConnectException: Connection refused
2026-03-18 21:29:09.323 [org.springframework.amqp.rabbit.RabbitListenerEndpointContainer#0-30] WARN  [] [] o.s.a.r.l.SimpleMessageListenerContainer - Consumer raised exception, processing can restart if the connection factory supports it. Exception summary: org.springframework.amqp.AmqpConnectException: java.net.ConnectException: Connection refused
2026-03-18 21:29:09.370 [org.springframework.amqp.rabbit.RabbitListenerEndpointContainer#0-39] ERROR [] [] o.s.a.r.l.SimpleMessageListenerContainer - Failed to check/redeclare auto-delete queue(s).
2026-03-18 21:29:09.416 [org.springframework.amqp.rabbit.RabbitListenerEndpointContainer#0-40] ERROR [] [] o.s.a.r.l.SimpleMessageListenerContainer - Failed to check/redeclare auto-delete queue(s).
2026-03-18 21:29:11.550 [http-nio-0.0.0.0-8080-exec-7] WARN  [96ac6041-bc5a-47ec-8ffe-2a79782f6283] [anonymous] o.s.b.a.amqp.RabbitHealthIndicator - Rabbit health check failed
org.springframework.amqp.AmqpConnectException: java.net.ConnectException: Connection refused
	at org.springframework.amqp.rabbit.support.RabbitExceptionTranslator.convertRabbitAccessException(RabbitExceptionTranslator.java:61)
	at org.springframework.amqp.rabbit.connection.AbstractConnectionFactory.createBareConnection(AbstractConnectionFactory.java:594)
	at org.springframework.amqp.rabbit.connection.CachingConnectionFactory.createConnection(CachingConnectionFactory.java:711)
	at org.springframework.amqp.rabbit.connection.ConnectionFactoryUtils.createConnection(ConnectionFactoryUtils.java:257)
	at org.springframework.amqp.rabbit.core.RabbitTemplate.doExecute(RabbitTemplate.java:2225)
	at org.springframework.amqp.rabbit.core.RabbitTemplate.execute(RabbitTemplate.java:2198)
	at org.springframework.amqp.rabbit.core.RabbitTemplate.execute(RabbitTemplate.java:2178)
	at org.springframework.boot.actuate.amqp.RabbitHealthIndicator.getVersion(RabbitHealthIndicator.java:49)
	at org.springframework.boot.actuate.amqp.RabbitHealthIndicator.doHealthCheck(RabbitHealthIndicator.java:44)
	at org.springframework.boot.actuate.health.AbstractHealthIndicator.health(AbstractHealthIndicator.java:82)
	at org.springframework.boot.actuate.health.HealthIndicator.getHealth(HealthIndicator.java:37)
	at org.springframework.boot.actuate.health.HealthEndpointWebExtension.getHealth(HealthEndpointWebExtension.java:94)
	at org.springframework.boot.actuate.health.HealthEndpointWebExtension.getHealth(HealthEndpointWebExtension.java:47)
	at org.springframework.boot.actuate.health.HealthEndpointSupport.getLoggedHealth(HealthEndpointSupport.java:172)
	at org.springframework.boot.actuate.health.HealthEndpointSupport.getContribution(HealthEndpointSupport.java:145)
	at org.springframework.boot.actuate.health.HealthEndpointSupport.getAggregateContribution(HealthEndpointSupport.java:156)
	at org.springframework.boot.actuate.health.HealthEndpointSupport.getContribution(HealthEndpointSupport.java:141)
	at org.springframework.boot.actuate.health.HealthEndpointSupport.getHealth(HealthEndpointSupport.java:110)
	at org.springframework.boot.actuate.health.HealthEndpointSupport.getHealth(HealthEndpointSupport.java:81)
	at org.springframework.boot.actuate.health.HealthEndpointWebExtension.health(HealthEndpointWebExtension.java:80)
	at org.springframework.boot.actuate.health.HealthEndpointWebExtension.health(HealthEndpointWebExtension.java:69)
	at jdk.internal.reflect.GeneratedMethodAccessor66.invoke(Unknown Source)
	at java.base/jdk.internal.reflect.DelegatingMethodAccessorImpl.invoke(Unknown Source)
	at java.base/java.lang.reflect.Method.invoke(Unknown Source)
	at org.springframework.util.ReflectionUtils.invokeMethod(ReflectionUtils.java:281)
	at org.springframework.boot.actuate.endpoint.invoke.reflect.ReflectiveOperationInvoker.invoke(ReflectiveOperationInvoker.java:74)
	at org.springframework.boot.actuate.endpoint.annotation.AbstractDiscoveredOperation.invoke(AbstractDiscoveredOperation.java:60)
	at org.springframework.boot.actuate.endpoint.web.servlet.AbstractWebMvcEndpointHandlerMapping$ServletWebOperationAdapter.handle(AbstractWebMvcEndpointHandlerMapping.java:321)
	at org.springframework.boot.actuate.endpoint.web.servlet.AbstractWebMvcEndpointHandlerMapping$OperationHandler.handle(AbstractWebMvcEndpointHandlerMapping.java:428)
	at jdk.internal.reflect.GeneratedMethodAccessor65.invoke(Unknown Source)
	at java.base/jdk.internal.reflect.DelegatingMethodAccessorImpl.invoke(Unknown Source)
	at java.base/java.lang.reflect.Method.invoke(Unknown Source)
	at org.springframework.web.method.support.InvocableHandlerMethod.doInvoke(InvocableHandlerMethod.java:254)
	at org.springframework.web.method.support.InvocableHandlerMethod.invokeForRequest(InvocableHandlerMethod.java:182)
	at org.springframework.web.servlet.mvc.method.annotation.ServletInvocableHandlerMethod.invokeAndHandle(ServletInvocableHandlerMethod.java:118)
	at org.springframework.web.servlet.mvc.method.annotation.RequestMappingHandlerAdapter.invokeHandlerMethod(RequestMappingHandlerAdapter.java:917)
	at org.springframework.web.servlet.mvc.method.annotation.RequestMappingHandlerAdapter.handleInternal(RequestMappingHandlerAdapter.java:829)
	at org.springframework.web.servlet.mvc.method.AbstractHandlerMethodAdapter.handle(AbstractHandlerMethodAdapter.java:87)
	at org.springframework.web.servlet.DispatcherServlet.doDispatch(DispatcherServlet.java:1089)
	at org.springframework.web.servlet.DispatcherServlet.doService(DispatcherServlet.java:979)
	at org.springframework.web.servlet.FrameworkServlet.processRequest(FrameworkServlet.java:1014)
	at org.springframework.web.servlet.FrameworkServlet.doGet(FrameworkServlet.java:903)
	at jakarta.servlet.http.HttpServlet.service(HttpServlet.java:564)
	at org.springframework.web.servlet.FrameworkServlet.service(FrameworkServlet.java:885)
	at jakarta.servlet.http.HttpServlet.service(HttpServlet.java:658)
	at org.apache.catalina.core.ApplicationFilterChain.internalDoFilter(ApplicationFilterChain.java:205)
	at org.apache.catalina.core.ApplicationFilterChain.doFilter(ApplicationFilterChain.java:149)
	at org.apache.tomcat.websocket.server.WsFilter.doFilter(WsFilter.java:51)
	at org.apache.catalina.core.ApplicationFilterChain.internalDoFilter(ApplicationFilterChain.java:174)
	at org.apache.catalina.core.ApplicationFilterChain.doFilter(ApplicationFilterChain.java:149)
	at com.messenger.security.JwtAuthenticationFilter.doFilterInternal(JwtAuthenticationFilter.java:74)
	at org.springframework.web.filter.OncePerRequestFilter.doFilter(OncePerRequestFilter.java:116)
	at org.apache.catalina.core.ApplicationFilterChain.internalDoFilter(ApplicationFilterChain.java:174)
	at org.apache.catalina.core.ApplicationFilterChain.doFilter(ApplicationFilterChain.java:149)
	at com.messenger.filter.AuthRateLimitFilter.doFilterInternal(AuthRateLimitFilter.java:80)
	at org.springframework.web.filter.OncePerRequestFilter.doFilter(OncePerRequestFilter.java:116)
	at org.apache.catalina.core.ApplicationFilterChain.internalDoFilter(ApplicationFilterChain.java:174)
	at org.apache.catalina.core.ApplicationFilterChain.doFilter(ApplicationFilterChain.java:149)
	at org.springframework.security.web.ObservationFilterChainDecorator$FilterObservation$SimpleFilterObservation.lambda$wrap$1(ObservationFilterChainDecorator.java:479)
	at org.springframework.security.web.ObservationFilterChainDecorator.lambda$wrapUnsecured$1(ObservationFilterChainDecorator.java:90)
	at org.springframework.security.web.FilterChainProxy.doFilterInternal(FilterChainProxy.java:219)
	at org.springframework.security.web.FilterChainProxy.doFilter(FilterChainProxy.java:191)
	at org.springframework.web.filter.DelegatingFilterProxy.invokeDelegate(DelegatingFilterProxy.java:352)
	at org.springframework.web.filter.DelegatingFilterProxy.doFilter(DelegatingFilterProxy.java:268)
	at org.apache.catalina.core.ApplicationFilterChain.internalDoFilter(ApplicationFilterChain.java:174)
	at org.apache.catalina.core.ApplicationFilterChain.doFilter(ApplicationFilterChain.java:149)
	at org.springframework.web.filter.RequestContextFilter.doFilterInternal(RequestContextFilter.java:100)
	at org.springframework.web.filter.OncePerRequestFilter.doFilter(OncePerRequestFilter.java:116)
	at org.apache.catalina.core.ApplicationFilterChain.internalDoFilter(ApplicationFilterChain.java:174)
	at org.apache.catalina.core.ApplicationFilterChain.doFilter(ApplicationFilterChain.java:149)
	at org.springframework.web.filter.FormContentFilter.doFilterInternal(FormContentFilter.java:93)
	at org.springframework.web.filter.OncePerRequestFilter.doFilter(OncePerRequestFilter.java:116)
	at org.apache.catalina.core.ApplicationFilterChain.internalDoFilter(ApplicationFilterChain.java:174)
	at org.apache.catalina.core.ApplicationFilterChain.doFilter(ApplicationFilterChain.java:149)
	at com.messenger.security.RateLimitingFilter.doFilterInternal(RateLimitingFilter.java:60)
	at org.springframework.web.filter.OncePerRequestFilter.doFilter(OncePerRequestFilter.java:116)
	at org.apache.catalina.core.ApplicationFilterChain.internalDoFilter(ApplicationFilterChain.java:174)
	at org.apache.catalina.core.ApplicationFilterChain.doFilter(ApplicationFilterChain.java:149)
	at org.springframework.web.filter.ServerHttpObservationFilter.doFilterInternal(ServerHttpObservationFilter.java:109)
	at org.springframework.web.filter.OncePerRequestFilter.doFilter(OncePerRequestFilter.java:116)
	at org.apache.catalina.core.ApplicationFilterChain.internalDoFilter(ApplicationFilterChain.java:174)
	at org.apache.catalina.core.ApplicationFilterChain.doFilter(ApplicationFilterChain.java:149)
	at org.springframework.web.filter.CharacterEncodingFilter.doFilterInternal(CharacterEncodingFilter.java:201)
	at org.springframework.web.filter.OncePerRequestFilter.doFilter(OncePerRequestFilter.java:116)
	at org.apache.catalina.core.ApplicationFilterChain.internalDoFilter(ApplicationFilterChain.java:174)
	at org.apache.catalina.core.ApplicationFilterChain.doFilter(ApplicationFilterChain.java:149)
	at com.messenger.logging.MDCLoggingFilter.doFilterInternal(MDCLoggingFilter.java:56)
	at org.springframework.web.filter.OncePerRequestFilter.doFilter(OncePerRequestFilter.java:116)
	at org.apache.catalina.core.ApplicationFilterChain.internalDoFilter(ApplicationFilterChain.java:174)
	at org.apache.catalina.core.ApplicationFilterChain.doFilter(ApplicationFilterChain.java:149)
	at com.messenger.config.Utf8EncodingFilter.doFilter(Utf8EncodingFilter.java:53)
	at org.apache.catalina.core.ApplicationFilterChain.internalDoFilter(ApplicationFilterChain.java:174)
	at org.apache.catalina.core.ApplicationFilterChain.doFilter(ApplicationFilterChain.java:149)
	at org.apache.catalina.core.StandardWrapperValve.invoke(StandardWrapperValve.java:167)
	at org.apache.catalina.core.StandardContextValve.invoke(StandardContextValve.java:90)
	at org.apache.catalina.authenticator.AuthenticatorBase.invoke(AuthenticatorBase.java:482)
	at org.apache.catalina.core.StandardHostValve.invoke(StandardHostValve.java:115)
	at org.apache.catalina.valves.ErrorReportValve.invoke(ErrorReportValve.java:93)
	at org.apache.catalina.core.StandardEngineValve.invoke(StandardEngineValve.java:74)
	at org.apache.catalina.connector.CoyoteAdapter.service(CoyoteAdapter.java:340)
	at org.apache.coyote.http11.Http11Processor.service(Http11Processor.java:391)
	at org.apache.coyote.AbstractProcessorLight.process(AbstractProcessorLight.java:63)
	at org.apache.coyote.AbstractProtocol$ConnectionHandler.process(AbstractProtocol.java:896)
	at org.apache.tomcat.util.net.NioEndpoint$SocketProcessor.doRun(NioEndpoint.java:1744)
	at org.apache.tomcat.util.net.SocketProcessorBase.run(SocketProcessorBase.java:52)
	at org.apache.tomcat.util.threads.ThreadPoolExecutor.runWorker(ThreadPoolExecutor.java:1191)
	at org.apache.tomcat.util.threads.ThreadPoolExecutor$Worker.run(ThreadPoolExecutor.java:659)
	at org.apache.tomcat.util.threads.TaskThread$WrappingRunnable.run(TaskThread.java:61)
	at java.base/java.lang.Thread.run(Unknown Source)
Caused by: java.net.ConnectException: Connection refused
	at java.base/sun.nio.ch.Net.pollConnect(Native Method)
	at java.base/sun.nio.ch.Net.pollConnectNow(Unknown Source)
	at java.base/sun.nio.ch.NioSocketImpl.timedFinishConnect(Unknown Source)
	at java.base/sun.nio.ch.NioSocketImpl.connect(Unknown Source)
	at java.base/java.net.SocksSocketImpl.connect(Unknown Source)
	at java.base/java.net.Socket.connect(Unknown Source)
	at com.rabbitmq.client.impl.SocketFrameHandlerFactory.create(SocketFrameHandlerFactory.java:61)
	at com.rabbitmq.client.ConnectionFactory.newConnection(ConnectionFactory.java:1249)
	at com.rabbitmq.client.ConnectionFactory.newConnection(ConnectionFactory.java:1198)
	at org.springframework.amqp.rabbit.connection.AbstractConnectionFactory.connectAddresses(AbstractConnectionFactory.java:632)
	at org.springframework.amqp.rabbit.connection.AbstractConnectionFactory.connect(AbstractConnectionFactory.java:607)
	at org.springframework.amqp.rabbit.connection.AbstractConnectionFactory.createBareConnection(AbstractConnectionFactory.java:557)
	... 107 common frames omitted
2026-03-18 21:29:12.951 [http-nio-0.0.0.0-8080-exec-8] WARN  [ca222ac1-8157-4efb-94e6-64afa3fa2dd5] [anonymous] o.s.b.a.amqp.RabbitHealthIndicator - Rabbit health check failed
org.springframework.amqp.AmqpConnectException: java.net.ConnectException: Connection refused
	at org.springframework.amqp.rabbit.support.RabbitExceptionTranslator.convertRabbitAccessException(RabbitExceptionTranslator.java:61)
	at org.springframework.amqp.rabbit.connection.AbstractConnectionFactory.createBareConnection(AbstractConnectionFactory.java:594)
	at org.springframework.amqp.rabbit.connection.CachingConnectionFactory.createConnection(CachingConnectionFactory.java:711)
	at org.springframework.amqp.rabbit.connection.ConnectionFactoryUtils.createConnection(ConnectionFactoryUtils.java:257)
	at org.springframework.amqp.rabbit.core.RabbitTemplate.doExecute(RabbitTemplate.java:2225)
	at org.springframework.amqp.rabbit.core.RabbitTemplate.execute(RabbitTemplate.java:2198)
	at org.springframework.amqp.rabbit.core.RabbitTemplate.execute(RabbitTemplate.java:2178)
	at org.springframework.boot.actuate.amqp.RabbitHealthIndicator.getVersion(RabbitHealthIndicator.java:49)
	at org.springframework.boot.actuate.amqp.RabbitHealthIndicator.doHealthCheck(RabbitHealthIndicator.java:44)
	at org.springframework.boot.actuate.health.AbstractHealthIndicator.health(AbstractHealthIndicator.java:82)
	at org.springframework.boot.actuate.health.HealthIndicator.getHealth(HealthIndicator.java:37)
	at org.springframework.boot.actuate.health.HealthEndpointWebExtension.getHealth(HealthEndpointWebExtension.java:94)
	at org.springframework.boot.actuate.health.HealthEndpointWebExtension.getHealth(HealthEndpointWebExtension.java:47)
	at org.springframework.boot.actuate.health.HealthEndpointSupport.getLoggedHealth(HealthEndpointSupport.java:172)
	at org.springframework.boot.actuate.health.HealthEndpointSupport.getContribution(HealthEndpointSupport.java:145)
	at org.springframework.boot.actuate.health.HealthEndpointSupport.getAggregateContribution(HealthEndpointSupport.java:156)
	at org.springframework.boot.actuate.health.HealthEndpointSupport.getContribution(HealthEndpointSupport.java:141)
	at org.springframework.boot.actuate.health.HealthEndpointSupport.getHealth(HealthEndpointSupport.java:110)
	at org.springframework.boot.actuate.health.HealthEndpointSupport.getHealth(HealthEndpointSupport.java:81)
	at org.springframework.boot.actuate.health.HealthEndpointWebExtension.health(HealthEndpointWebExtension.java:80)
	at org.springframework.boot.actuate.health.HealthEndpointWebExtension.health(HealthEndpointWebExtension.java:69)
	at jdk.internal.reflect.GeneratedMethodAccessor66.invoke(Unknown Source)
	at java.base/jdk.internal.reflect.DelegatingMethodAccessorImpl.invoke(Unknown Source)
	at java.base/java.lang.reflect.Method.invoke(Unknown Source)
	at org.springframework.util.ReflectionUtils.invokeMethod(ReflectionUtils.java:281)
	at org.springframework.boot.actuate.endpoint.invoke.reflect.ReflectiveOperationInvoker.invoke(ReflectiveOperationInvoker.java:74)
	at org.springframework.boot.actuate.endpoint.annotation.AbstractDiscoveredOperation.invoke(AbstractDiscoveredOperation.java:60)
	at org.springframework.boot.actuate.endpoint.web.servlet.AbstractWebMvcEndpointHandlerMapping$ServletWebOperationAdapter.handle(AbstractWebMvcEndpointHandlerMapping.java:321)
	at org.springframework.boot.actuate.endpoint.web.servlet.AbstractWebMvcEndpointHandlerMapping$OperationHandler.handle(AbstractWebMvcEndpointHandlerMapping.java:428)
	at jdk.internal.reflect.GeneratedMethodAccessor65.invoke(Unknown Source)
	at java.base/jdk.internal.reflect.DelegatingMethodAccessorImpl.invoke(Unknown Source)
	at java.base/java.lang.reflect.Method.invoke(Unknown Source)
	at org.springframework.web.method.support.InvocableHandlerMethod.doInvoke(InvocableHandlerMethod.java:254)
	at org.springframework.web.method.support.InvocableHandlerMethod.invokeForRequest(InvocableHandlerMethod.java:182)
	at org.springframework.web.servlet.mvc.method.annotation.ServletInvocableHandlerMethod.invokeAndHandle(ServletInvocableHandlerMethod.java:118)
	at org.springframework.web.servlet.mvc.method.annotation.RequestMappingHandlerAdapter.invokeHandlerMethod(RequestMappingHandlerAdapter.java:917)
	at org.springframework.web.servlet.mvc.method.annotation.RequestMappingHandlerAdapter.handleInternal(RequestMappingHandlerAdapter.java:829)
	at org.springframework.web.servlet.mvc.method.AbstractHandlerMethodAdapter.handle(AbstractHandlerMethodAdapter.java:87)
	at org.springframework.web.servlet.DispatcherServlet.doDispatch(DispatcherServlet.java:1089)
	at org.springframework.web.servlet.DispatcherServlet.doService(DispatcherServlet.java:979)
	at org.springframework.web.servlet.FrameworkServlet.processRequest(FrameworkServlet.java:1014)
	at org.springframework.web.servlet.FrameworkServlet.doGet(FrameworkServlet.java:903)
	at jakarta.servlet.http.HttpServlet.service(HttpServlet.java:564)
	at org.springframework.web.servlet.FrameworkServlet.service(FrameworkServlet.java:885)
	at jakarta.servlet.http.HttpServlet.service(HttpServlet.java:658)
	at org.apache.catalina.core.ApplicationFilterChain.internalDoFilter(ApplicationFilterChain.java:205)
	at org.apache.catalina.core.ApplicationFilterChain.doFilter(ApplicationFilterChain.java:149)
	at org.apache.tomcat.websocket.server.WsFilter.doFilter(WsFilter.java:51)
	at org.apache.catalina.core.ApplicationFilterChain.internalDoFilter(ApplicationFilterChain.java:174)
	at org.apache.catalina.core.ApplicationFilterChain.doFilter(ApplicationFilterChain.java:149)
	at com.messenger.security.JwtAuthenticationFilter.doFilterInternal(JwtAuthenticationFilter.java:74)
	at org.springframework.web.filter.OncePerRequestFilter.doFilter(OncePerRequestFilter.java:116)
	at org.apache.catalina.core.ApplicationFilterChain.internalDoFilter(ApplicationFilterChain.java:174)
	at org.apache.catalina.core.ApplicationFilterChain.doFilter(ApplicationFilterChain.java:149)
	at com.messenger.filter.AuthRateLimitFilter.doFilterInternal(AuthRateLimitFilter.java:80)
	at org.springframework.web.filter.OncePerRequestFilter.doFilter(OncePerRequestFilter.java:116)
	at org.apache.catalina.core.ApplicationFilterChain.internalDoFilter(ApplicationFilterChain.java:174)
	at org.apache.catalina.core.ApplicationFilterChain.doFilter(ApplicationFilterChain.java:149)
	at org.springframework.security.web.ObservationFilterChainDecorator$FilterObservation$SimpleFilterObservation.lambda$wrap$1(ObservationFilterChainDecorator.java:479)
	at org.springframework.security.web.ObservationFilterChainDecorator.lambda$wrapUnsecured$1(ObservationFilterChainDecorator.java:90)
	at org.springframework.security.web.FilterChainProxy.doFilterInternal(FilterChainProxy.java:219)
	at org.springframework.security.web.FilterChainProxy.doFilter(FilterChainProxy.java:191)
	at org.springframework.web.filter.DelegatingFilterProxy.invokeDelegate(DelegatingFilterProxy.java:352)
	at org.springframework.web.filter.DelegatingFilterProxy.doFilter(DelegatingFilterProxy.java:268)
	at org.apache.catalina.core.ApplicationFilterChain.internalDoFilter(ApplicationFilterChain.java:174)
	at org.apache.catalina.core.ApplicationFilterChain.doFilter(ApplicationFilterChain.java:149)
	at org.springframework.web.filter.RequestContextFilter.doFilterInternal(RequestContextFilter.java:100)
	at org.springframework.web.filter.OncePerRequestFilter.doFilter(OncePerRequestFilter.java:116)
	at org.apache.catalina.core.ApplicationFilterChain.internalDoFilter(ApplicationFilterChain.java:174)
	at org.apache.catalina.core.ApplicationFilterChain.doFilter(ApplicationFilterChain.java:149)
	at org.springframework.web.filter.FormContentFilter.doFilterInternal(FormContentFilter.java:93)
	at org.springframework.web.filter.OncePerRequestFilter.doFilter(OncePerRequestFilter.java:116)
	at org.apache.catalina.core.ApplicationFilterChain.internalDoFilter(ApplicationFilterChain.java:174)
	at org.apache.catalina.core.ApplicationFilterChain.doFilter(ApplicationFilterChain.java:149)
	at com.messenger.security.RateLimitingFilter.doFilterInternal(RateLimitingFilter.java:60)
	at org.springframework.web.filter.OncePerRequestFilter.doFilter(OncePerRequestFilter.java:116)
	at org.apache.catalina.core.ApplicationFilterChain.internalDoFilter(ApplicationFilterChain.java:174)
	at org.apache.catalina.core.ApplicationFilterChain.doFilter(ApplicationFilterChain.java:149)
	at org.springframework.web.filter.ServerHttpObservationFilter.doFilterInternal(ServerHttpObservationFilter.java:109)
	at org.springframework.web.filter.OncePerRequestFilter.doFilter(OncePerRequestFilter.java:116)
	at org.apache.catalina.core.ApplicationFilterChain.internalDoFilter(ApplicationFilterChain.java:174)
	at org.apache.catalina.core.ApplicationFilterChain.doFilter(ApplicationFilterChain.java:149)
	at org.springframework.web.filter.CharacterEncodingFilter.doFilterInternal(CharacterEncodingFilter.java:201)
	at org.springframework.web.filter.OncePerRequestFilter.doFilter(OncePerRequestFilter.java:116)
	at org.apache.catalina.core.ApplicationFilterChain.internalDoFilter(ApplicationFilterChain.java:174)
	at org.apache.catalina.core.ApplicationFilterChain.doFilter(ApplicationFilterChain.java:149)
	at com.messenger.logging.MDCLoggingFilter.doFilterInternal(MDCLoggingFilter.java:56)
	at org.springframework.web.filter.OncePerRequestFilter.doFilter(OncePerRequestFilter.java:116)
	at org.apache.catalina.core.ApplicationFilterChain.internalDoFilter(ApplicationFilterChain.java:174)
	at org.apache.catalina.core.ApplicationFilterChain.doFilter(ApplicationFilterChain.java:149)
	at com.messenger.config.Utf8EncodingFilter.doFilter(Utf8EncodingFilter.java:53)
	at org.apache.catalina.core.ApplicationFilterChain.internalDoFilter(ApplicationFilterChain.java:174)
	at org.apache.catalina.core.ApplicationFilterChain.doFilter(ApplicationFilterChain.java:149)
	at org.apache.catalina.core.StandardWrapperValve.invoke(StandardWrapperValve.java:167)
	at org.apache.catalina.core.StandardContextValve.invoke(StandardContextValve.java:90)
	at org.apache.catalina.authenticator.AuthenticatorBase.invoke(AuthenticatorBase.java:482)
	at org.apache.catalina.core.StandardHostValve.invoke(StandardHostValve.java:115)
	at org.apache.catalina.valves.ErrorReportValve.invoke(ErrorReportValve.java:93)
	at org.apache.catalina.core.StandardEngineValve.invoke(StandardEngineValve.java:74)
	at org.apache.catalina.connector.CoyoteAdapter.service(CoyoteAdapter.java:340)
	at org.apache.coyote.http11.Http11Processor.service(Http11Processor.java:391)
	at org.apache.coyote.AbstractProcessorLight.process(AbstractProcessorLight.java:63)
	at org.apache.coyote.AbstractProtocol$ConnectionHandler.process(AbstractProtocol.java:896)
	at org.apache.tomcat.util.net.NioEndpoint$SocketProcessor.doRun(NioEndpoint.java:1744)
	at org.apache.tomcat.util.net.SocketProcessorBase.run(SocketProcessorBase.java:52)
	at org.apache.tomcat.util.threads.ThreadPoolExecutor.runWorker(ThreadPoolExecutor.java:1191)
	at org.apache.tomcat.util.threads.ThreadPoolExecutor$Worker.run(ThreadPoolExecutor.java:659)
	at org.apache.tomcat.util.threads.TaskThread$WrappingRunnable.run(TaskThread.java:61)
	at java.base/java.lang.Thread.run(Unknown Source)
Caused by: java.net.ConnectException: Connection refused
	at java.base/sun.nio.ch.Net.pollConnect(Native Method)
	at java.base/sun.nio.ch.Net.pollConnectNow(Unknown Source)
	at java.base/sun.nio.ch.NioSocketImpl.timedFinishConnect(Unknown Source)
	at java.base/sun.nio.ch.NioSocketImpl.connect(Unknown Source)
	at java.base/java.net.SocksSocketImpl.connect(Unknown Source)
	at java.base/java.net.Socket.connect(Unknown Source)
	at com.rabbitmq.client.impl.SocketFrameHandlerFactory.create(SocketFrameHandlerFactory.java:61)
	at com.rabbitmq.client.ConnectionFactory.newConnection(ConnectionFactory.java:1249)
	at com.rabbitmq.client.ConnectionFactory.newConnection(ConnectionFactory.java:1198)
	at org.springframework.amqp.rabbit.connection.AbstractConnectionFactory.connectAddresses(AbstractConnectionFactory.java:632)
	at org.springframework.amqp.rabbit.connection.AbstractConnectionFactory.connect(AbstractConnectionFactory.java:607)
	at org.springframework.amqp.rabbit.connection.AbstractConnectionFactory.createBareConnection(AbstractConnectionFactory.java:557)
	... 107 common frames omitted
2026-03-18 21:29:14.008 [org.springframework.amqp.rabbit.RabbitListenerEndpointContainer#0-31] WARN  [] [] o.s.a.r.l.SimpleMessageListenerContainer - Consumer raised exception, processing can restart if the connection factory supports it. Exception summary: org.springframework.amqp.AmqpConnectException: java.net.ConnectException: Connection refused
2026-03-18 21:29:14.012 [org.springframework.amqp.rabbit.RabbitListenerEndpointContainer#0-41] ERROR [] [] o.s.a.r.l.SimpleMessageListenerContainer - Failed to check/redeclare auto-delete queue(s).
2026-03-18 21:29:14.019 [org.springframework.amqp.rabbit.RabbitListenerEndpointContainer#0-35] WARN  [] [] o.s.a.r.l.SimpleMessageListenerContainer - Consumer raised exception, processing can restart if the connection factory supports it. Exception summary: org.springframework.amqp.AmqpConnectException: java.net.ConnectException: Connection refused
2026-03-18 21:29:14.020 [org.springframework.amqp.rabbit.RabbitListenerEndpointContainer#0-34] WARN  [] [] o.s.a.r.l.SimpleMessageListenerContainer - Consumer raised exception, processing can restart if the connection factory supports it. Exception summary: org.springframework.amqp.AmqpConnectException: java.net.ConnectException: Connection refused
2026-03-18 21:29:14.034 [org.springframework.amqp.rabbit.RabbitListenerEndpointContainer#0-42] ERROR [] [] o.s.a.r.l.SimpleMessageListenerContainer - Failed to check/redeclare auto-delete queue(s).
2026-03-18 21:29:14.041 [org.springframework.amqp.rabbit.RabbitListenerEndpointContainer#0-32] WARN  [] [] o.s.a.r.l.SimpleMessageListenerContainer - Consumer raised exception, processing can restart if the connection factory supports it. Exception summary: org.springframework.amqp.AmqpConnectException: java.net.ConnectException: Connection refused
2026-03-18 21:29:14.043 [org.springframework.amqp.rabbit.RabbitListenerEndpointContainer#0-43] ERROR [] [] o.s.a.r.l.SimpleMessageListenerContainer - Failed to check/redeclare auto-delete queue(s).
2026-03-18 21:29:14.058 [org.springframework.amqp.rabbit.RabbitListenerEndpointContainer#0-36] WARN  [] [] o.s.a.r.l.SimpleMessageListenerContainer - Consumer raised exception, processing can restart if the connection factory supports it. Exception summary: org.springframework.amqp.AmqpConnectException: java.net.ConnectException: Connection refused
2026-03-18 21:29:14.052 [org.springframework.amqp.rabbit.RabbitListenerEndpointContainer#0-33] WARN  [] [] o.s.a.r.l.SimpleMessageListenerContainer - Consumer raised exception, processing can restart if the connection factory supports it. Exception summary: org.springframework.amqp.AmqpConnectException: java.net.ConnectException: Connection refused
2026-03-18 21:29:14.090 [org.springframework.amqp.rabbit.RabbitListenerEndpointContainer#0-44] ERROR [] [] o.s.a.r.l.SimpleMessageListenerContainer - Failed to check/redeclare auto-delete queue(s).
2026-03-18 21:29:14.099 [org.springframework.amqp.rabbit.RabbitListenerEndpointContainer#0-45] ERROR [] [] o.s.a.r.l.SimpleMessageListenerContainer - Failed to check/redeclare auto-delete queue(s).
2026-03-18 21:29:14.101 [org.springframework.amqp.rabbit.RabbitListenerEndpointContainer#0-46] ERROR [] [] o.s.a.r.l.SimpleMessageListenerContainer - Failed to check/redeclare auto-delete queue(s).
2026-03-18 21:29:14.120 [org.springframework.amqp.rabbit.RabbitListenerEndpointContainer#0-37] WARN  [] [] o.s.a.r.l.SimpleMessageListenerContainer - Consumer raised exception, processing can restart if the connection factory supports it. Exception summary: org.springframework.amqp.AmqpConnectException: java.net.ConnectException: Connection refused
2026-03-18 21:29:14.122 [org.springframework.amqp.rabbit.RabbitListenerEndpointContainer#0-47] ERROR [] [] o.s.a.r.l.SimpleMessageListenerContainer - Failed to check/redeclare auto-delete queue(s).
2026-03-18 21:29:14.173 [org.springframework.amqp.rabbit.RabbitListenerEndpointContainer#0-38] WARN  [] [] o.s.a.r.l.SimpleMessageListenerContainer - Consumer raised exception, processing can restart if the connection factory supports it. Exception summary: org.springframework.amqp.AmqpConnectException: java.net.ConnectException: Connection refused
2026-03-18 21:29:14.180 [org.springframework.amqp.rabbit.RabbitListenerEndpointContainer#0-48] ERROR [] [] o.s.a.r.l.SimpleMessageListenerContainer - Failed to check/redeclare auto-delete queue(s).
2026-03-18 21:29:14.437 [org.springframework.amqp.rabbit.RabbitListenerEndpointContainer#0-39] WARN  [] [] o.s.a.r.l.SimpleMessageListenerContainer - Consumer raised exception, processing can restart if the connection factory supports it. Exception summary: org.springframework.amqp.AmqpConnectException: java.net.ConnectException: Connection refused
2026-03-18 21:29:14.441 [org.springframework.amqp.rabbit.RabbitListenerEndpointContainer#0-49] ERROR [] [] o.s.a.r.l.SimpleMessageListenerContainer - Failed to check/redeclare auto-delete queue(s).
2026-03-18 21:29:14.470 [org.springframework.amqp.rabbit.RabbitListenerEndpointContainer#0-40] WARN  [] [] o.s.a.r.l.SimpleMessageListenerContainer - Consumer raised exception, processing can restart if the connection factory supports it. Exception summary: org.springframework.amqp.AmqpConnectException: java.net.ConnectException: Connection refused
2026-03-18 21:29:14.472 [org.springframework.amqp.rabbit.RabbitListenerEndpointContainer#0-50] ERROR [] [] o.s.a.r.l.SimpleMessageListenerContainer - Failed to check/redeclare auto-delete queue(s).
2026-03-18 21:29:15.681 [MessageBroker-5] INFO  [] [] com.messenger.service.DeviceService - Cleaned up 0 stale devices
2026-03-18 21:29:19.047 [org.springframework.amqp.rabbit.RabbitListenerEndpointContainer#0-42] WARN  [] [] o.s.a.r.l.SimpleMessageListenerContainer - Consumer raised exception, processing can restart if the connection factory supports it. Exception summary: org.springframework.amqp.AmqpConnectException: java.net.ConnectException: Connection refused
2026-03-18 21:29:19.052 [org.springframework.amqp.rabbit.RabbitListenerEndpointContainer#0-51] ERROR [] [] o.s.a.r.l.SimpleMessageListenerContainer - Failed to check/redeclare auto-delete queue(s).
2026-03-18 21:29:19.067 [org.springframework.amqp.rabbit.RabbitListenerEndpointContainer#0-41] WARN  [] [] o.s.a.r.l.SimpleMessageListenerContainer - Consumer raised exception, processing can restart if the connection factory supports it. Exception summary: org.springframework.amqp.AmqpConnectException: java.net.ConnectException: Connection refused
2026-03-18 21:29:19.071 [org.springframework.amqp.rabbit.RabbitListenerEndpointContainer#0-52] ERROR [] [] o.s.a.r.l.SimpleMessageListenerContainer - Failed to check/redeclare auto-delete queue(s).
2026-03-18 21:29:19.107 [org.springframework.amqp.rabbit.RabbitListenerEndpointContainer#0-43] WARN  [] [] o.s.a.r.l.SimpleMessageListenerContainer - Consumer raised exception, processing can restart if the connection factory supports it. Exception summary: org.springframework.amqp.AmqpConnectException: java.net.ConnectException: Connection refused
2026-03-18 21:29:19.109 [org.springframework.amqp.rabbit.RabbitListenerEndpointContainer#0-53] ERROR [] [] o.s.a.r.l.SimpleMessageListenerContainer - Failed to check/redeclare auto-delete queue(s).
2026-03-18 21:29:19.112 [org.springframework.amqp.rabbit.RabbitListenerEndpointContainer#0-45] WARN  [] [] o.s.a.r.l.SimpleMessageListenerContainer - Consumer raised exception, processing can restart if the connection factory supports it. Exception summary: org.springframework.amqp.AmqpConnectException: java.net.ConnectException: Connection refused
2026-03-18 21:29:19.113 [org.springframework.amqp.rabbit.RabbitListenerEndpointContainer#0-54] ERROR [] [] o.s.a.r.l.SimpleMessageListenerContainer - Failed to check/redeclare auto-delete queue(s).
2026-03-18 21:29:19.115 [org.springframework.amqp.rabbit.RabbitListenerEndpointContainer#0-44] WARN  [] [] o.s.a.r.l.SimpleMessageListenerContainer - Consumer raised exception, processing can restart if the connection factory supports it. Exception summary: org.springframework.amqp.AmqpConnectException: java.net.ConnectException: Connection refused
2026-03-18 21:29:19.115 [org.springframework.amqp.rabbit.RabbitListenerEndpointContainer#0-46] WARN  [] [] o.s.a.r.l.SimpleMessageListenerContainer - Consumer raised exception, processing can restart if the connection factory supports it. Exception summary: org.springframework.amqp.AmqpConnectException: java.net.ConnectException: Connection refused
2026-03-18 21:29:19.122 [org.springframework.amqp.rabbit.RabbitListenerEndpointContainer#0-55] ERROR [] [] o.s.a.r.l.SimpleMessageListenerContainer - Failed to check/redeclare auto-delete queue(s).
2026-03-18 21:29:19.139 [org.springframework.amqp.rabbit.RabbitListenerEndpointContainer#0-47] WARN  [] [] o.s.a.r.l.SimpleMessageListenerContainer - Consumer raised exception, processing can restart if the connection factory supports it. Exception summary: org.springframework.amqp.AmqpConnectException: java.net.ConnectException: Connection refused
2026-03-18 21:29:19.145 [org.springframework.amqp.rabbit.RabbitListenerEndpointContainer#0-56] ERROR [] [] o.s.a.r.l.SimpleMessageListenerContainer - Failed to check/redeclare auto-delete queue(s).
2026-03-18 21:29:19.148 [org.springframework.amqp.rabbit.RabbitListenerEndpointContainer#0-57] ERROR [] [] o.s.a.r.l.SimpleMessageListenerContainer - Failed to check/redeclare auto-delete queue(s).
2026-03-18 21:29:19.206 [org.springframework.amqp.rabbit.RabbitListenerEndpointContainer#0-48] WARN  [] [] o.s.a.r.l.SimpleMessageListenerContainer - Consumer raised exception, processing can restart if the connection factory supports it. Exception summary: org.springframework.amqp.AmqpConnectException: java.net.ConnectException: Connection refused
2026-03-18 21:29:19.209 [org.springframework.amqp.rabbit.RabbitListenerEndpointContainer#0-58] ERROR [] [] o.s.a.r.l.SimpleMessageListenerContainer - Failed to check/redeclare auto-delete queue(s).
2026-03-18 21:29:19.457 [org.springframework.amqp.rabbit.RabbitListenerEndpointContainer#0-49] WARN  [] [] o.s.a.r.l.SimpleMessageListenerContainer - Consumer raised exception, processing can restart if the connection factory supports it. Exception summary: org.springframework.amqp.AmqpConnectException: java.net.ConnectException: Connection refused
2026-03-18 21:29:19.459 [org.springframework.amqp.rabbit.RabbitListenerEndpointContainer#0-59] ERROR [] [] o.s.a.r.l.SimpleMessageListenerContainer - Failed to check/redeclare auto-delete queue(s).
2026-03-18 21:29:19.478 [org.springframework.amqp.rabbit.RabbitListenerEndpointContainer#0-50] WARN  [] [] o.s.a.r.l.SimpleMessageListenerContainer - Consumer raised exception, processing can restart if the connection factory supports it. Exception summary: org.springframework.amqp.AmqpConnectException: java.net.ConnectException: Connection refused
2026-03-18 21:29:19.480 [org.springframework.amqp.rabbit.RabbitListenerEndpointContainer#0-60] ERROR [] [] o.s.a.r.l.SimpleMessageListenerContainer - Failed to check/redeclare auto-delete queue(s).
2026-03-18 21:29:24.070 [org.springframework.amqp.rabbit.RabbitListenerEndpointContainer#0-51] WARN  [] [] o.s.a.r.l.SimpleMessageListenerContainer - Consumer raised exception, processing can restart if the connection factory supports it. Exception summary: org.springframework.amqp.AmqpConnectException: java.net.ConnectException: Connection refused
2026-03-18 21:29:24.073 [org.springframework.amqp.rabbit.RabbitListenerEndpointContainer#0-61] ERROR [] [] o.s.a.r.l.SimpleMessageListenerContainer - Failed to check/redeclare auto-delete queue(s).
2026-03-18 21:29:24.094 [org.springframework.amqp.rabbit.RabbitListenerEndpointContainer#0-52] WARN  [] [] o.s.a.r.l.SimpleMessageListenerContainer - Consumer raised exception, processing can restart if the connection factory supports it. Exception summary: org.springframework.amqp.AmqpConnectException: java.net.ConnectException: Connection refused
2026-03-18 21:29:24.097 [org.springframework.amqp.rabbit.RabbitListenerEndpointContainer#0-62] ERROR [] [] o.s.a.r.l.SimpleMessageListenerContainer - Failed to check/redeclare auto-delete queue(s).
2026-03-18 21:29:24.112 [org.springframework.amqp.rabbit.RabbitListenerEndpointContainer#0-53] WARN  [] [] o.s.a.r.l.SimpleMessageListenerContainer - Consumer raised exception, processing can restart if the connection factory supports it. Exception summary: org.springframework.amqp.AmqpConnectException: java.net.ConnectException: Connection refused
2026-03-18 21:29:24.116 [org.springframework.amqp.rabbit.RabbitListenerEndpointContainer#0-63] ERROR [] [] o.s.a.r.l.SimpleMessageListenerContainer - Failed to check/redeclare auto-delete queue(s).
2026-03-18 21:29:24.129 [org.springframework.amqp.rabbit.RabbitListenerEndpointContainer#0-55] WARN  [] [] o.s.a.r.l.SimpleMessageListenerContainer - Consumer raised exception, processing can restart if the connection factory supports it. Exception summary: org.springframework.amqp.AmqpConnectException: java.net.ConnectException: Connection refused
2026-03-18 21:29:24.150 [org.springframework.amqp.rabbit.RabbitListenerEndpointContainer#0-56] WARN  [] [] o.s.a.r.l.SimpleMessageListenerContainer - Consumer raised exception, processing can restart if the connection factory supports it. Exception summary: org.springframework.amqp.AmqpConnectException: java.net.ConnectException: Connection refused
2026-03-18 21:29:24.151 [org.springframework.amqp.rabbit.RabbitListenerEndpointContainer#0-57] WARN  [] [] o.s.a.r.l.SimpleMessageListenerContainer - Consumer raised exception, processing can restart if the connection factory supports it. Exception summary: org.springframework.amqp.AmqpConnectException: java.net.ConnectException: Connection refused
2026-03-18 21:29:24.163 [org.springframework.amqp.rabbit.RabbitListenerEndpointContainer#0-66] ERROR [] [] o.s.a.r.l.SimpleMessageListenerContainer - Failed to check/redeclare auto-delete queue(s).
2026-03-18 21:29:24.152 [org.springframework.amqp.rabbit.RabbitListenerEndpointContainer#0-54] WARN  [] [] o.s.a.r.l.SimpleMessageListenerContainer - Consumer raised exception, processing can restart if the connection factory supports it. Exception summary: org.springframework.amqp.AmqpConnectException: java.net.ConnectException: Connection refused
2026-03-18 21:29:24.213 [org.springframework.amqp.rabbit.RabbitListenerEndpointContainer#0-58] WARN  [] [] o.s.a.r.l.SimpleMessageListenerContainer - Consumer raised exception, processing can restart if the connection factory supports it. Exception summary: org.springframework.amqp.AmqpConnectException: java.net.ConnectException: Connection refused
2026-03-18 21:29:24.209 [org.springframework.amqp.rabbit.RabbitListenerEndpointContainer#0-65] ERROR [] [] o.s.a.r.l.SimpleMessageListenerContainer - Failed to check/redeclare auto-delete queue(s).
2026-03-18 21:29:24.228 [org.springframework.amqp.rabbit.RabbitListenerEndpointContainer#0-64] ERROR [] [] o.s.a.r.l.SimpleMessageListenerContainer - Failed to check/redeclare auto-delete queue(s).
2026-03-18 21:29:24.232 [org.springframework.amqp.rabbit.RabbitListenerEndpointContainer#0-68] ERROR [] [] o.s.a.r.l.SimpleMessageListenerContainer - Failed to check/redeclare auto-delete queue(s).
2026-03-18 21:29:24.233 [org.springframework.amqp.rabbit.RabbitListenerEndpointContainer#0-67] ERROR [] [] o.s.a.r.l.SimpleMessageListenerContainer - Failed to check/redeclare auto-delete queue(s).
2026-03-18 21:29:24.463 [org.springframework.amqp.rabbit.RabbitListenerEndpointContainer#0-59] WARN  [] [] o.s.a.r.l.SimpleMessageListenerContainer - Consumer raised exception, processing can restart if the connection factory supports it. Exception summary: org.springframework.amqp.AmqpConnectException: java.net.ConnectException: Connection refused
2026-03-18 21:29:24.465 [org.springframework.amqp.rabbit.RabbitListenerEndpointContainer#0-69] ERROR [] [] o.s.a.r.l.SimpleMessageListenerContainer - Failed to check/redeclare auto-delete queue(s).
2026-03-18 21:29:24.485 [org.springframework.amqp.rabbit.RabbitListenerEndpointContainer#0-60] WARN  [] [] o.s.a.r.l.SimpleMessageListenerContainer - Consumer raised exception, processing can restart if the connection factory supports it. Exception summary: org.springframework.amqp.AmqpConnectException: java.net.ConnectException: Connection refused
2026-03-18 21:29:24.504 [org.springframework.amqp.rabbit.RabbitListenerEndpointContainer#0-70] ERROR [] [] o.s.a.r.l.SimpleMessageListenerContainer - Failed to check/redeclare auto-delete queue(s).
2026-03-18 21:29:25.681 [MessageBroker-5] INFO  [] [] com.messenger.service.DeviceService - Cleaned up 0 stale devices
2026-03-18 21:29:29.232 [org.springframework.amqp.rabbit.RabbitListenerEndpointContainer#0-62] WARN  [] [] o.s.a.r.l.SimpleMessageListenerContainer - Consumer raised exception, processing can restart if the connection factory supports it. Exception summary: org.springframework.amqp.AmqpConnectException: java.net.ConnectException: Connection refused
2026-03-18 21:29:29.232 [org.springframework.amqp.rabbit.RabbitListenerEndpointContainer#0-61] WARN  [] [] o.s.a.r.l.SimpleMessageListenerContainer - Consumer raised exception, processing can restart if the connection factory supports it. Exception summary: org.springframework.amqp.AmqpConnectException: java.net.ConnectException: Connection refused
2026-03-18 21:29:29.332 [org.springframework.amqp.rabbit.RabbitListenerEndpointContainer#0-66] WARN  [] [] o.s.a.r.l.SimpleMessageListenerContainer - Consumer raised exception, processing can restart if the connection factory supports it. Exception summary: org.springframework.amqp.AmqpConnectException: java.net.ConnectException: Connection refused
2026-03-18 21:29:29.352 [org.springframework.amqp.rabbit.RabbitListenerEndpointContainer#0-63] WARN  [] [] o.s.a.r.l.SimpleMessageListenerContainer - Consumer raised exception, processing can restart if the connection factory supports it. Exception summary: org.springframework.amqp.AmqpConnectException: java.net.ConnectException: Connection refused
2026-03-18 21:29:29.367 [org.springframework.amqp.rabbit.RabbitListenerEndpointContainer#0-65] WARN  [] [] o.s.a.r.l.SimpleMessageListenerContainer - Consumer raised exception, processing can restart if the connection factory supports it. Exception summary: org.springframework.amqp.AmqpConnectException: java.net.ConnectException: Connection refused
2026-03-18 21:29:29.367 [org.springframework.amqp.rabbit.RabbitListenerEndpointContainer#0-68] WARN  [] [] o.s.a.r.l.SimpleMessageListenerContainer - Consumer raised exception, processing can restart if the connection factory supports it. Exception summary: org.springframework.amqp.AmqpConnectException: java.net.ConnectException: Connection refused
2026-03-18 21:29:29.388 [org.springframework.amqp.rabbit.RabbitListenerEndpointContainer#0-64] WARN  [] [] o.s.a.r.l.SimpleMessageListenerContainer - Consumer raised exception, processing can restart if the connection factory supports it. Exception summary: org.springframework.amqp.AmqpConnectException: java.net.ConnectException: Connection refused
2026-03-18 21:29:29.443 [org.springframework.amqp.rabbit.RabbitListenerEndpointContainer#0-67] WARN  [] [] o.s.a.r.l.SimpleMessageListenerContainer - Consumer raised exception, processing can restart if the connection factory supports it. Exception summary: org.springframework.amqp.AmqpConnectException: java.net.ConnectException: Connection refused
2026-03-18 21:29:29.520 [org.springframework.amqp.rabbit.RabbitListenerEndpointContainer#0-70] WARN  [] [] o.s.a.r.l.SimpleMessageListenerContainer - Consumer raised exception, processing can restart if the connection factory supports it. Exception summary: org.springframework.amqp.AmqpConnectException: java.net.ConnectException: Connection refused
2026-03-18 21:29:29.648 [org.springframework.amqp.rabbit.RabbitListenerEndpointContainer#0-69] WARN  [] [] o.s.a.r.l.SimpleMessageListenerContainer - Consumer raised exception, processing can restart if the connection factory supports it. Exception summary: org.springframework.amqp.AmqpConnectException: java.net.ConnectException: Connection refused
2026-03-18 21:29:35.600 [MessageBroker-5] INFO  [] [] com.messenger.service.DeviceService - Cleaned up 0 stale devices
2026-03-18 21:29:45.601 [MessageBroker-6] INFO  [] [] com.messenger.service.DeviceService - Cleaned up 0 stale devices
2026-03-18 21:29:55.599 [MessageBroker-6] INFO  [] [] com.messenger.service.DeviceService - Cleaned up 0 stale devices
2026-03-18 21:30:05.567 [MessageBroker-6] INFO  [] [] com.messenger.service.DeviceService - Cleaned up 0 stale devices
2026-03-18 21:30:15.568 [MessageBroker-8] INFO  [] [] com.messenger.service.DeviceService - Cleaned up 0 stale devices
2026-03-18 21:30:25.565 [MessageBroker-8] INFO  [] [] com.messenger.service.DeviceService - Cleaned up 0 stale devices
2026-03-18 21:30:35.557 [MessageBroker-1] INFO  [] [] com.messenger.service.DeviceService - Cleaned up 0 stale devices
2026-03-18 21:30:45.557 [MessageBroker-2] INFO  [] [] com.messenger.service.DeviceService - Cleaned up 0 stale devices
2026-03-18 21:30:55.615 [MessageBroker-7] INFO  [] [] com.messenger.service.DeviceService - Cleaned up 0 stale devices
2026-03-18 21:31:05.532 [MessageBroker-7] INFO  [] [] com.messenger.service.DeviceService - Cleaned up 0 stale devices
2026-03-18 21:31:15.530 [MessageBroker-3] INFO  [] [] com.messenger.service.DeviceService - Cleaned up 0 stale devices
2026-03-18 21:31:25.531 [MessageBroker-3] INFO  [] [] com.messenger.service.DeviceService - Cleaned up 0 stale devices
2026-03-18 21:31:25.739 [MessageBroker-7] INFO  [] [] c.m.service.PresenceScheduler - Presence stats - ONLINE: 0, AWAY: 0, BUSY: 0, OFFLINE: 0
2026-03-18 21:31:35.571 [MessageBroker-3] INFO  [] [] com.messenger.service.DeviceService - Cleaned up 0 stale devices
2026-03-18 21:31:45.562 [MessageBroker-8] INFO  [] [] com.messenger.service.DeviceService - Cleaned up 0 stale devices
2026-03-18 21:31:55.526 [MessageBroker-8] INFO  [] [] com.messenger.service.DeviceService - Cleaned up 0 stale devices
2026-03-18 21:32:05.606 [MessageBroker-8] INFO  [] [] com.messenger.service.DeviceService - Cleaned up 0 stale devices
2026-03-18 21:32:15.531 [MessageBroker-4] INFO  [] [] com.messenger.service.DeviceService - Cleaned up 0 stale devices
2026-03-18 21:32:25.587 [MessageBroker-5] INFO  [] [] com.messenger.service.DeviceService - Cleaned up 0 stale devices
2026-03-18 21:32:35.470 [MessageBroker-5] INFO  [] [] com.messenger.service.DeviceService - Cleaned up 0 stale devices
2026-03-18 21:32:45.504 [MessageBroker-8] INFO  [] [] com.messenger.service.DeviceService - Cleaned up 0 stale devices
2026-03-18 21:32:55.469 [MessageBroker-8] INFO  [] [] com.messenger.service.DeviceService - Cleaned up 0 stale devices
2026-03-18 21:33:05.483 [MessageBroker-8] INFO  [] [] com.messenger.service.DeviceService - Cleaned up 0 stale devices
2026-03-18 21:33:15.494 [MessageBroker-3] INFO  [] [] com.messenger.service.DeviceService - Cleaned up 0 stale devices
2026-03-18 21:33:25.515 [MessageBroker-3] INFO  [] [] com.messenger.service.DeviceService - Cleaned up 0 stale devices
2026-03-18 21:33:35.486 [MessageBroker-3] INFO  [] [] com.messenger.service.DeviceService - Cleaned up 0 stale devices
2026-03-18 21:33:45.520 [MessageBroker-2] INFO  [] [] com.messenger.service.DeviceService - Cleaned up 0 stale devices
2026-03-18 21:33:55.488 [MessageBroker-2] INFO  [] [] com.messenger.service.DeviceService - Cleaned up 0 stale devices
2026-03-18 21:34:05.526 [MessageBroker-2] INFO  [] [] com.messenger.service.DeviceService - Cleaned up 0 stale devices
2026-03-18 21:34:15.478 [MessageBroker-3] INFO  [] [] com.messenger.service.DeviceService - Cleaned up 0 stale devices
2026-03-18 21:34:25.509 [MessageBroker-3] INFO  [] [] com.messenger.service.DeviceService - Cleaned up 0 stale devices
2026-03-18 21:34:35.436 [MessageBroker-3] INFO  [] [] com.messenger.service.DeviceService - Cleaned up 0 stale devices
2026-03-18 21:34:45.451 [MessageBroker-5] INFO  [] [] com.messenger.service.DeviceService - Cleaned up 0 stale devices
2026-03-18 21:34:55.451 [MessageBroker-1] INFO  [] [] com.messenger.service.DeviceService - Cleaned up 0 stale devices
2026-03-18 21:35:05.431 [MessageBroker-1] INFO  [] [] com.messenger.service.DeviceService - Cleaned up 0 stale devices
2026-03-18 21:35:15.452 [MessageBroker-3] INFO  [] [] com.messenger.service.DeviceService - Cleaned up 0 stale devices
2026-03-18 21:35:25.447 [MessageBroker-3] INFO  [] [] com.messenger.service.DeviceService - Cleaned up 0 stale devices
2026-03-18 21:35:35.453 [MessageBroker-3] INFO  [] [] com.messenger.service.DeviceService - Cleaned up 0 stale devices
2026-03-18 21:35:45.442 [MessageBroker-8] INFO  [] [] com.messenger.service.DeviceService - Cleaned up 0 stale devices
2026-03-18 21:35:55.446 [MessageBroker-8] INFO  [] [] com.messenger.service.DeviceService - Cleaned up 0 stale devices
2026-03-18 21:36:05.443 [MessageBroker-8] INFO  [] [] com.messenger.service.DeviceService - Cleaned up 0 stale devices
2026-03-18 21:36:15.442 [MessageBroker-6] INFO  [] [] com.messenger.service.DeviceService - Cleaned up 0 stale devices
2026-03-18 21:36:25.444 [MessageBroker-6] INFO  [] [] com.messenger.service.DeviceService - Cleaned up 0 stale devices
2026-03-18 21:36:25.586 [MessageBroker-8] INFO  [] [] c.m.service.PresenceScheduler - Presence stats - ONLINE: 0, AWAY: 0, BUSY: 0, OFFLINE: 0
2026-03-18 21:36:35.454 [MessageBroker-6] INFO  [] [] com.messenger.service.DeviceService - Cleaned up 0 stale devices
2026-03-18 21:36:45.456 [MessageBroker-1] INFO  [] [] com.messenger.service.DeviceService - Cleaned up 0 stale devices
2026-03-18 21:36:55.449 [MessageBroker-1] INFO  [] [] com.messenger.service.DeviceService - Cleaned up 0 stale devices
2026-03-18 21:37:05.472 [MessageBroker-1] INFO  [] [] com.messenger.service.DeviceService - Cleaned up 0 stale devices
2026-03-18 21:37:15.418 [MessageBroker-6] INFO  [] [] com.messenger.service.DeviceService - Cleaned up 0 stale devices
2026-03-18 21:37:25.419 [MessageBroker-6] INFO  [] [] com.messenger.service.DeviceService - Cleaned up 0 stale devices
2026-03-18 21:37:35.460 [MessageBroker-6] INFO  [] [] com.messenger.service.DeviceService - Cleaned up 0 stale devices
2026-03-18 21:37:45.475 [MessageBroker-5] INFO  [] [] com.messenger.service.DeviceService - Cleaned up 0 stale devices
2026-03-18 21:37:55.457 [MessageBroker-5] INFO  [] [] com.messenger.service.DeviceService - Cleaned up 0 stale devices
2026-03-18 21:38:05.415 [MessageBroker-5] INFO  [] [] com.messenger.service.DeviceService - Cleaned up 0 stale devices
2026-03-18 21:38:15.421 [MessageBroker-1] INFO  [] [] com.messenger.service.DeviceService - Cleaned up 0 stale devices
2026-03-18 21:38:25.612 [MessageBroker-1] INFO  [] [] com.messenger.service.DeviceService - Cleaned up 0 stale devices
2026-03-18 21:38:35.416 [MessageBroker-1] INFO  [] [] com.messenger.service.DeviceService - Cleaned up 0 stale devices
2026-03-18 21:38:45.425 [MessageBroker-2] INFO  [] [] com.messenger.service.DeviceService - Cleaned up 0 stale devices
2026-03-18 21:38:55.427 [MessageBroker-2] INFO  [] [] com.messenger.service.DeviceService - Cleaned up 0 stale devices
2026-03-18 21:39:05.413 [MessageBroker-2] INFO  [] [] com.messenger.service.DeviceService - Cleaned up 0 stale devices
2026-03-18 21:39:15.413 [MessageBroker-5] INFO  [] [] com.messenger.service.DeviceService - Cleaned up 0 stale devices
2026-03-18 21:39:25.422 [MessageBroker-5] INFO  [] [] com.messenger.service.DeviceService - Cleaned up 0 stale devices
2026-03-18 21:39:35.407 [MessageBroker-5] INFO  [] [] com.messenger.service.DeviceService - Cleaned up 0 stale devices
2026-03-18 21:39:45.408 [MessageBroker-1] INFO  [] [] com.messenger.service.DeviceService - Cleaned up 0 stale devices
2026-03-18 21:39:55.407 [MessageBroker-1] INFO  [] [] com.messenger.service.DeviceService - Cleaned up 0 stale devices
2026-03-18 21:40:05.405 [MessageBroker-1] INFO  [] [] com.messenger.service.DeviceService - Cleaned up 0 stale devices
2026-03-18 21:40:15.405 [MessageBroker-5] INFO  [] [] com.messenger.service.DeviceService - Cleaned up 0 stale devices
2026-03-18 21:40:25.405 [MessageBroker-5] INFO  [] [] com.messenger.service.DeviceService - Cleaned up 0 stale devices
2026-03-18 21:40:35.400 [MessageBroker-5] INFO  [] [] com.messenger.service.DeviceService - Cleaned up 0 stale devices
2026-03-18 21:40:45.411 [MessageBroker-4] INFO  [] [] com.messenger.service.DeviceService - Cleaned up 0 stale devices
2026-03-18 21:40:55.400 [MessageBroker-4] INFO  [] [] com.messenger.service.DeviceService - Cleaned up 0 stale devices
2026-03-18 21:41:05.398 [MessageBroker-4] INFO  [] [] com.messenger.service.DeviceService - Cleaned up 0 stale devices
2026-03-18 21:41:15.402 [MessageBroker-2] INFO  [] [] com.messenger.service.DeviceService - Cleaned up 0 stale devices
2026-03-18 21:41:25.398 [MessageBroker-2] INFO  [] [] com.messenger.service.DeviceService - Cleaned up 0 stale devices
2026-03-18 21:41:25.415 [MessageBroker-4] INFO  [] [] c.m.service.PresenceScheduler - Presence stats - ONLINE: 0, AWAY: 0, BUSY: 0, OFFLINE: 0
2026-03-18 21:41:35.445 [MessageBroker-2] INFO  [] [] com.messenger.service.DeviceService - Cleaned up 0 stale devices
2026-03-18 21:41:45.410 [MessageBroker-3] INFO  [] [] com.messenger.service.DeviceService - Cleaned up 0 stale devices
2026-03-18 21:41:55.396 [MessageBroker-3] INFO  [] [] com.messenger.service.DeviceService - Cleaned up 0 stale devices
2026-03-18 21:42:05.395 [MessageBroker-3] INFO  [] [] com.messenger.service.DeviceService - Cleaned up 0 stale devices
2026-03-18 21:42:15.394 [MessageBroker-2] INFO  [] [] com.messenger.service.DeviceService - Cleaned up 0 stale devices
2026-03-18 21:42:25.394 [MessageBroker-2] INFO  [] [] com.messenger.service.DeviceService - Cleaned up 0 stale devices
2026-03-18 21:42:35.398 [MessageBroker-2] INFO  [] [] com.messenger.service.DeviceService - Cleaned up 0 stale devices
2026-03-18 21:42:45.391 [MessageBroker-3] INFO  [] [] com.messenger.service.DeviceService - Cleaned up 0 stale devices
2026-03-18 21:42:55.391 [MessageBroker-3] INFO  [] [] com.messenger.service.DeviceService - Cleaned up 0 stale devices
2026-03-18 21:43:05.390 [MessageBroker-3] INFO  [] [] com.messenger.service.DeviceService - Cleaned up 0 stale devices
2026-03-18 21:43:15.389 [MessageBroker-2] INFO  [] [] com.messenger.service.DeviceService - Cleaned up 0 stale devices
2026-03-18 21:43:25.393 [MessageBroker-2] INFO  [] [] com.messenger.service.DeviceService - Cleaned up 0 stale devices
2026-03-18 21:43:35.388 [MessageBroker-2] INFO  [] [] com.messenger.service.DeviceService - Cleaned up 0 stale devices
2026-03-18 21:43:45.388 [MessageBroker-3] INFO  [] [] com.messenger.service.DeviceService - Cleaned up 0 stale devices
2026-03-18 21:43:55.388 [MessageBroker-3] INFO  [] [] com.messenger.service.DeviceService - Cleaned up 0 stale devices
2026-03-18 21:44:05.394 [MessageBroker-3] INFO  [] [] com.messenger.service.DeviceService - Cleaned up 0 stale devices
2026-03-18 21:44:15.386 [MessageBroker-2] INFO  [] [] com.messenger.service.DeviceService - Cleaned up 0 stale devices
2026-03-18 21:44:25.386 [MessageBroker-2] INFO  [] [] com.messenger.service.DeviceService - Cleaned up 0 stale devices
2026-03-18 21:44:35.384 [MessageBroker-2] INFO  [] [] com.messenger.service.DeviceService - Cleaned up 0 stale devices
2026-03-18 21:44:45.384 [MessageBroker-7] INFO  [] [] com.messenger.service.DeviceService - Cleaned up 0 stale devices
2026-03-18 21:44:55.386 [MessageBroker-7] INFO  [] [] com.messenger.service.DeviceService - Cleaned up 0 stale devices
2026-03-18 21:45:05.391 [MessageBroker-7] INFO  [] [] com.messenger.service.DeviceService - Cleaned up 0 stale devices
2026-03-18 21:45:15.382 [MessageBroker-5] INFO  [] [] com.messenger.service.DeviceService - Cleaned up 0 stale devices
2026-03-18 21:45:25.382 [MessageBroker-5] INFO  [] [] com.messenger.service.DeviceService - Cleaned up 0 stale devices
2026-03-18 21:45:35.381 [MessageBroker-5] INFO  [] [] com.messenger.service.DeviceService - Cleaned up 0 stale devices
2026-03-18 21:45:45.381 [MessageBroker-6] INFO  [] [] com.messenger.service.DeviceService - Cleaned up 0 stale devices
2026-03-18 21:45:55.381 [MessageBroker-6] INFO  [] [] com.messenger.service.DeviceService - Cleaned up 0 stale devices
2026-03-18 21:46:05.403 [MessageBroker-6] INFO  [] [] com.messenger.service.DeviceService - Cleaned up 0 stale devices
2026-03-18 21:46:15.379 [MessageBroker-3] INFO  [] [] com.messenger.service.DeviceService - Cleaned up 0 stale devices
2026-03-18 21:46:25.378 [MessageBroker-3] INFO  [] [] com.messenger.service.DeviceService - Cleaned up 0 stale devices
2026-03-18 21:46:25.389 [MessageBroker-5] INFO  [] [] c.m.service.PresenceScheduler - Presence stats - ONLINE: 0, AWAY: 0, BUSY: 0, OFFLINE: 0
2026-03-18 21:46:35.377 [MessageBroker-3] INFO  [] [] com.messenger.service.DeviceService - Cleaned up 0 stale devices
2026-03-18 21:46:45.377 [MessageBroker-7] INFO  [] [] com.messenger.service.DeviceService - Cleaned up 0 stale devices
2026-03-18 21:46:55.377 [MessageBroker-7] INFO  [] [] com.messenger.service.DeviceService - Cleaned up 0 stale devices
2026-03-18 21:47:05.389 [MessageBroker-7] INFO  [] [] com.messenger.service.DeviceService - Cleaned up 0 stale devices
2026-03-18 21:47:15.375 [MessageBroker-8] INFO  [] [] com.messenger.service.DeviceService - Cleaned up 0 stale devices
2026-03-18 21:47:25.375 [MessageBroker-2] INFO  [] [] com.messenger.service.DeviceService - Cleaned up 0 stale devices
2026-03-18 21:47:35.373 [MessageBroker-1] INFO  [] [] com.messenger.service.DeviceService - Cleaned up 0 stale devices
2026-03-18 21:47:45.375 [MessageBroker-6] INFO  [] [] com.messenger.service.DeviceService - Cleaned up 0 stale devices
2026-03-18 21:47:55.373 [MessageBroker-6] INFO  [] [] com.messenger.service.DeviceService - Cleaned up 0 stale devices
2026-03-18 21:48:05.371 [MessageBroker-6] INFO  [] [] com.messenger.service.DeviceService - Cleaned up 0 stale devices
2026-03-18 21:48:15.371 [MessageBroker-3] INFO  [] [] com.messenger.service.DeviceService - Cleaned up 0 stale devices
2026-03-18 21:48:25.371 [MessageBroker-3] INFO  [] [] com.messenger.service.DeviceService - Cleaned up 0 stale devices
2026-03-18 21:48:35.369 [MessageBroker-3] INFO  [] [] com.messenger.service.DeviceService - Cleaned up 0 stale devices
2026-03-18 21:48:45.370 [MessageBroker-1] INFO  [] [] com.messenger.service.DeviceService - Cleaned up 0 stale devices
2026-03-18 21:48:55.369 [MessageBroker-1] INFO  [] [] com.messenger.service.DeviceService - Cleaned up 0 stale devices
2026-03-18 21:49:05.371 [MessageBroker-1] INFO  [] [] com.messenger.service.DeviceService - Cleaned up 0 stale devices
2026-03-18 21:49:15.364 [MessageBroker-5] INFO  [] [] com.messenger.service.DeviceService - Cleaned up 0 stale devices
2026-03-18 21:49:25.364 [MessageBroker-5] INFO  [] [] com.messenger.service.DeviceService - Cleaned up 0 stale devices
2026-03-18 21:49:35.392 [MessageBroker-5] INFO  [] [] com.messenger.service.DeviceService - Cleaned up 0 stale devices
2026-03-18 21:49:45.394 [MessageBroker-1] INFO  [] [] com.messenger.service.DeviceService - Cleaned up 0 stale devices
2026-03-18 21:49:55.410 [MessageBroker-1] INFO  [] [] com.messenger.service.DeviceService - Cleaned up 0 stale devices
2026-03-18 21:50:05.369 [MessageBroker-1] INFO  [] [] com.messenger.service.DeviceService - Cleaned up 0 stale devices
2026-03-18 21:50:15.364 [MessageBroker-5] INFO  [] [] com.messenger.service.DeviceService - Cleaned up 0 stale devices
2026-03-18 21:50:25.390 [MessageBroker-5] INFO  [] [] com.messenger.service.DeviceService - Cleaned up 0 stale devices
2026-03-18 21:50:35.422 [MessageBroker-5] INFO  [] [] com.messenger.service.DeviceService - Cleaned up 0 stale devices
2026-03-18 21:50:45.490 [MessageBroker-6] INFO  [] [] com.messenger.service.DeviceService - Cleaned up 0 stale devices
2026-03-18 21:50:55.402 [MessageBroker-7] INFO  [] [] com.messenger.service.DeviceService - Cleaned up 0 stale devices
2026-03-18 21:51:05.359 [MessageBroker-7] INFO  [] [] com.messenger.service.DeviceService - Cleaned up 0 stale devices
2026-03-18 21:51:15.361 [MessageBroker-3] INFO  [] [] com.messenger.service.DeviceService - Cleaned up 0 stale devices
2026-03-18 21:51:25.374 [MessageBroker-3] INFO  [] [] com.messenger.service.DeviceService - Cleaned up 0 stale devices
2026-03-18 21:51:25.428 [MessageBroker-2] INFO  [] [] c.m.service.PresenceScheduler - Presence stats - ONLINE: 0, AWAY: 0, BUSY: 0, OFFLINE: 0
2026-03-18 21:51:35.364 [MessageBroker-3] INFO  [] [] com.messenger.service.DeviceService - Cleaned up 0 stale devices
2026-03-18 21:51:45.360 [MessageBroker-7] INFO  [] [] com.messenger.service.DeviceService - Cleaned up 0 stale devices
2026-03-18 21:51:55.358 [MessageBroker-7] INFO  [] [] com.messenger.service.DeviceService - Cleaned up 0 stale devices
2026-03-18 21:52:05.356 [MessageBroker-7] INFO  [] [] com.messenger.service.DeviceService - Cleaned up 0 stale devices
2026-03-18 21:52:15.357 [MessageBroker-1] INFO  [] [] com.messenger.service.DeviceService - Cleaned up 0 stale devices
2026-03-18 21:52:25.356 [MessageBroker-1] INFO  [] [] com.messenger.service.DeviceService - Cleaned up 0 stale devices
2026-03-18 21:52:35.365 [MessageBroker-1] INFO  [] [] com.messenger.service.DeviceService - Cleaned up 0 stale devices
2026-03-18 21:52:45.359 [MessageBroker-8] INFO  [] [] com.messenger.service.DeviceService - Cleaned up 0 stale devices
2026-03-18 21:52:55.355 [MessageBroker-8] INFO  [] [] com.messenger.service.DeviceService - Cleaned up 0 stale devices
2026-03-18 21:53:05.310 [MessageBroker-8] INFO  [] [] com.messenger.service.DeviceService - Cleaned up 0 stale devices
2026-03-18 21:53:15.319 [MessageBroker-2] INFO  [] [] com.messenger.service.DeviceService - Cleaned up 0 stale devices
2026-03-18 21:53:25.320 [MessageBroker-2] INFO  [] [] com.messenger.service.DeviceService - Cleaned up 0 stale devices
2026-03-18 21:53:35.341 [MessageBroker-2] INFO  [] [] com.messenger.service.DeviceService - Cleaned up 0 stale devices
2026-03-18 21:53:45.341 [MessageBroker-3] INFO  [] [] com.messenger.service.DeviceService - Cleaned up 0 stale devices
2026-03-18 21:53:55.345 [MessageBroker-4] INFO  [] [] com.messenger.service.DeviceService - Cleaned up 0 stale devices
2026-03-18 21:54:05.335 [MessageBroker-4] INFO  [] [] com.messenger.service.DeviceService - Cleaned up 0 stale devices
2026-03-18 21:54:14.548 [http-nio-0.0.0.0-8080-exec-5] ERROR [f0bbf1d0-2851-4717-a15e-82394f06daa9] [anonymous] c.m.exception.GlobalExceptionHandler - Business logic error: JSON parse error: Unexpected character ('\' (code 92)): was expecting double-quote to start field name
2026-03-18 21:54:15.338 [MessageBroker-8] INFO  [] [] com.messenger.service.DeviceService - Cleaned up 0 stale devices
2026-03-18 21:54:25.335 [MessageBroker-8] INFO  [] [] com.messenger.service.DeviceService - Cleaned up 0 stale devices
2026-03-18 21:54:35.329 [MessageBroker-8] INFO  [] [] com.messenger.service.DeviceService - Cleaned up 0 stale devices
2026-03-18 21:54:39.702 [http-nio-0.0.0.0-8080-exec-7] ERROR [f622585d-99ca-45b1-8f54-de01ef67a770] [anonymous] c.m.exception.GlobalExceptionHandler - Business logic error: JSON parse error: Unexpected character ('u' (code 117)): was expecting double-quote to start field name
2026-03-18 21:54:45.337 [MessageBroker-3] INFO  [] [] com.messenger.service.DeviceService - Cleaned up 0 stale devices
2026-03-18 21:54:55.329 [MessageBroker-3] INFO  [] [] com.messenger.service.DeviceService - Cleaned up 0 stale devices
2026-03-18 21:55:05.326 [MessageBroker-3] INFO  [] [] com.messenger.service.DeviceService - Cleaned up 0 stale devices
2026-03-18 21:55:15.324 [MessageBroker-1] INFO  [] [] com.messenger.service.DeviceService - Cleaned up 0 stale devices
2026-03-18 21:55:20.747 [http-nio-0.0.0.0-8080-exec-2] INFO  [47127f18-1b01-41ae-97a7-e65fd03cb14c] [anonymous] c.m.controller.AuthController - Login attempt for user: alice
2026-03-18 21:55:20.773 [http-nio-0.0.0.0-8080-exec-2] INFO  [47127f18-1b01-41ae-97a7-e65fd03cb14c] [anonymous] c.m.controller.AuthController - Login request - username: alice, deviceId: null, deviceName: null
2026-03-18 21:55:21.106 [http-nio-0.0.0.0-8080-exec-2] ERROR [47127f18-1b01-41ae-97a7-e65fd03cb14c] [anonymous] com.messenger.logging.LoggingAspect - [ERROR] User: anonymousUser | CustomUserDetailsService.loadUserByUsername() threw exception: User not found: alice
org.springframework.security.core.userdetails.UsernameNotFoundException: User not found: alice
	at com.messenger.security.CustomUserDetailsService.lambda$loadUserByUsername$1(CustomUserDetailsService.java:31)
	at java.base/java.util.Optional.orElseThrow(Unknown Source)
	at com.messenger.security.CustomUserDetailsService.loadUserByUsername(CustomUserDetailsService.java:30)
	at java.base/jdk.internal.reflect.NativeMethodAccessorImpl.invoke0(Native Method)
	at java.base/jdk.internal.reflect.NativeMethodAccessorImpl.invoke(Unknown Source)
	at java.base/jdk.internal.reflect.DelegatingMethodAccessorImpl.invoke(Unknown Source)
	at java.base/java.lang.reflect.Method.invoke(Unknown Source)
	at org.springframework.aop.support.AopUtils.invokeJoinpointUsingReflection(AopUtils.java:352)
	at org.springframework.aop.framework.ReflectiveMethodInvocation.invokeJoinpoint(ReflectiveMethodInvocation.java:196)
	at org.springframework.aop.framework.ReflectiveMethodInvocation.proceed(ReflectiveMethodInvocation.java:163)
	at org.springframework.aop.framework.CglibAopProxy$CglibMethodInvocation.proceed(CglibAopProxy.java:765)
	at org.springframework.aop.aspectj.AspectJAfterThrowingAdvice.invoke(AspectJAfterThrowingAdvice.java:64)
	at org.springframework.aop.framework.ReflectiveMethodInvocation.proceed(ReflectiveMethodInvocation.java:184)
	at org.springframework.aop.framework.CglibAopProxy$CglibMethodInvocation.proceed(CglibAopProxy.java:765)
	at org.springframework.aop.interceptor.ExposeInvocationInterceptor.invoke(ExposeInvocationInterceptor.java:97)
	at org.springframework.aop.framework.ReflectiveMethodInvocation.proceed(ReflectiveMethodInvocation.java:184)
	at org.springframework.aop.framework.CglibAopProxy$CglibMethodInvocation.proceed(CglibAopProxy.java:765)
	at org.springframework.aop.framework.CglibAopProxy$DynamicAdvisedInterceptor.intercept(CglibAopProxy.java:717)
	at com.messenger.security.CustomUserDetailsService$$SpringCGLIB$$0.loadUserByUsername(<generated>)
	at org.springframework.security.authentication.dao.DaoAuthenticationProvider.retrieveUser(DaoAuthenticationProvider.java:103)
	at org.springframework.security.authentication.dao.AbstractUserDetailsAuthenticationProvider.authenticate(AbstractUserDetailsAuthenticationProvider.java:133)
	at org.springframework.security.authentication.ProviderManager.authenticate(ProviderManager.java:182)
	at com.messenger.service.AuthService.authenticateAndGenerateTokens(AuthService.java:114)
	at com.messenger.service.AuthService.login(AuthService.java:102)
	at java.base/jdk.internal.reflect.NativeMethodAccessorImpl.invoke0(Native Method)
	at java.base/jdk.internal.reflect.NativeMethodAccessorImpl.invoke(Unknown Source)
	at java.base/jdk.internal.reflect.DelegatingMethodAccessorImpl.invoke(Unknown Source)
	at java.base/java.lang.reflect.Method.invoke(Unknown Source)
	at org.springframework.aop.support.AopUtils.invokeJoinpointUsingReflection(AopUtils.java:352)
	at org.springframework.aop.framework.ReflectiveMethodInvocation.invokeJoinpoint(ReflectiveMethodInvocation.java:196)
	at org.springframework.aop.framework.ReflectiveMethodInvocation.proceed(ReflectiveMethodInvocation.java:163)
	at org.springframework.aop.framework.CglibAopProxy$CglibMethodInvocation.proceed(CglibAopProxy.java:765)
	at org.springframework.aop.aspectj.AspectJAfterThrowingAdvice.invoke(AspectJAfterThrowingAdvice.java:64)
	at org.springframework.aop.framework.ReflectiveMethodInvocation.proceed(ReflectiveMethodInvocation.java:184)
	at org.springframework.aop.framework.CglibAopProxy$CglibMethodInvocation.proceed(CglibAopProxy.java:765)
	at org.springframework.aop.aspectj.MethodInvocationProceedingJoinPoint.proceed(MethodInvocationProceedingJoinPoint.java:89)
	at com.messenger.logging.LoggingAspect.logServiceExecutionTime(LoggingAspect.java:89)
	at jdk.internal.reflect.GeneratedMethodAccessor59.invoke(Unknown Source)
	at java.base/jdk.internal.reflect.DelegatingMethodAccessorImpl.invoke(Unknown Source)
	at java.base/java.lang.reflect.Method.invoke(Unknown Source)
	at org.springframework.aop.aspectj.AbstractAspectJAdvice.invokeAdviceMethodWithGivenArgs(AbstractAspectJAdvice.java:637)
	at org.springframework.aop.aspectj.AbstractAspectJAdvice.invokeAdviceMethod(AbstractAspectJAdvice.java:627)
	at org.springframework.aop.aspectj.AspectJAroundAdvice.invoke(AspectJAroundAdvice.java:71)
	at org.springframework.aop.framework.ReflectiveMethodInvocation.proceed(ReflectiveMethodInvocation.java:184)
	at org.springframework.aop.framework.CglibAopProxy$CglibMethodInvocation.proceed(CglibAopProxy.java:765)
	at org.springframework.aop.interceptor.ExposeInvocationInterceptor.invoke(ExposeInvocationInterceptor.java:97)
	at org.springframework.aop.framework.ReflectiveMethodInvocation.proceed(ReflectiveMethodInvocation.java:184)
	at org.springframework.aop.framework.CglibAopProxy$CglibMethodInvocation.proceed(CglibAopProxy.java:765)
	at org.springframework.aop.framework.CglibAopProxy$DynamicAdvisedInterceptor.intercept(CglibAopProxy.java:717)
	at com.messenger.service.AuthService$$SpringCGLIB$$0.login(<generated>)
	at com.messenger.controller.AuthController.login(AuthController.java:49)
	at java.base/jdk.internal.reflect.NativeMethodAccessorImpl.invoke0(Native Method)
	at java.base/jdk.internal.reflect.NativeMethodAccessorImpl.invoke(Unknown Source)
	at java.base/jdk.internal.reflect.DelegatingMethodAccessorImpl.invoke(Unknown Source)
	at java.base/java.lang.reflect.Method.invoke(Unknown Source)
	at org.springframework.aop.support.AopUtils.invokeJoinpointUsingReflection(AopUtils.java:352)
	at org.springframework.aop.framework.ReflectiveMethodInvocation.invokeJoinpoint(ReflectiveMethodInvocation.java:196)
	at org.springframework.aop.framework.ReflectiveMethodInvocation.proceed(ReflectiveMethodInvocation.java:163)
	at org.springframework.aop.framework.CglibAopProxy$CglibMethodInvocation.proceed(CglibAopProxy.java:765)
	at org.springframework.aop.aspectj.AspectJAfterThrowingAdvice.invoke(AspectJAfterThrowingAdvice.java:64)
	at org.springframework.aop.framework.ReflectiveMethodInvocation.proceed(ReflectiveMethodInvocation.java:184)
	at org.springframework.aop.framework.CglibAopProxy$CglibMethodInvocation.proceed(CglibAopProxy.java:765)
	at org.springframework.aop.framework.adapter.AfterReturningAdviceInterceptor.invoke(AfterReturningAdviceInterceptor.java:57)
	at org.springframework.aop.framework.ReflectiveMethodInvocation.proceed(ReflectiveMethodInvocation.java:184)
	at org.springframework.aop.framework.CglibAopProxy$CglibMethodInvocation.proceed(CglibAopProxy.java:765)
	at org.springframework.aop.framework.adapter.MethodBeforeAdviceInterceptor.invoke(MethodBeforeAdviceInterceptor.java:58)
	at org.springframework.aop.framework.ReflectiveMethodInvocation.proceed(ReflectiveMethodInvocation.java:184)
	at org.springframework.aop.framework.CglibAopProxy$CglibMethodInvocation.proceed(CglibAopProxy.java:765)
	at org.springframework.aop.interceptor.ExposeInvocationInterceptor.invoke(ExposeInvocationInterceptor.java:97)
	at org.springframework.aop.framework.ReflectiveMethodInvocation.proceed(ReflectiveMethodInvocation.java:184)
	at org.springframework.aop.framework.CglibAopProxy$CglibMethodInvocation.proceed(CglibAopProxy.java:765)
	at org.springframework.aop.framework.CglibAopProxy$DynamicAdvisedInterceptor.intercept(CglibAopProxy.java:717)
	at com.messenger.controller.AuthController$$SpringCGLIB$$0.login(<generated>)
	at java.base/jdk.internal.reflect.NativeMethodAccessorImpl.invoke0(Native Method)
	at java.base/jdk.internal.reflect.NativeMethodAccessorImpl.invoke(Unknown Source)
	at java.base/jdk.internal.reflect.DelegatingMethodAccessorImpl.invoke(Unknown Source)
	at java.base/java.lang.reflect.Method.invoke(Unknown Source)
	at org.springframework.web.method.support.InvocableHandlerMethod.doInvoke(InvocableHandlerMethod.java:254)
	at org.springframework.web.method.support.InvocableHandlerMethod.invokeForRequest(InvocableHandlerMethod.java:182)
	at org.springframework.web.servlet.mvc.method.annotation.ServletInvocableHandlerMethod.invokeAndHandle(ServletInvocableHandlerMethod.java:118)
	at org.springframework.web.servlet.mvc.method.annotation.RequestMappingHandlerAdapter.invokeHandlerMethod(RequestMappingHandlerAdapter.java:917)
	at org.springframework.web.servlet.mvc.method.annotation.RequestMappingHandlerAdapter.handleInternal(RequestMappingHandlerAdapter.java:829)
	at org.springframework.web.servlet.mvc.method.AbstractHandlerMethodAdapter.handle(AbstractHandlerMethodAdapter.java:87)
	at org.springframework.web.servlet.DispatcherServlet.doDispatch(DispatcherServlet.java:1089)
	at org.springframework.web.servlet.DispatcherServlet.doService(DispatcherServlet.java:979)
	at org.springframework.web.servlet.FrameworkServlet.processRequest(FrameworkServlet.java:1014)
	at org.springframework.web.servlet.FrameworkServlet.doPost(FrameworkServlet.java:914)
	at jakarta.servlet.http.HttpServlet.service(HttpServlet.java:590)
	at org.springframework.web.servlet.FrameworkServlet.service(FrameworkServlet.java:885)
	at jakarta.servlet.http.HttpServlet.service(HttpServlet.java:658)
	at org.apache.catalina.core.ApplicationFilterChain.internalDoFilter(ApplicationFilterChain.java:205)
	at org.apache.catalina.core.ApplicationFilterChain.doFilter(ApplicationFilterChain.java:149)
	at org.apache.tomcat.websocket.server.WsFilter.doFilter(WsFilter.java:51)
	at org.apache.catalina.core.ApplicationFilterChain.internalDoFilter(ApplicationFilterChain.java:174)
	at org.apache.catalina.core.ApplicationFilterChain.doFilter(ApplicationFilterChain.java:149)
	at org.springframework.web.filter.OncePerRequestFilter.doFilter(OncePerRequestFilter.java:110)
	at org.apache.catalina.core.ApplicationFilterChain.internalDoFilter(ApplicationFilterChain.java:174)
	at org.apache.catalina.core.ApplicationFilterChain.doFilter(ApplicationFilterChain.java:149)
	at org.springframework.web.filter.OncePerRequestFilter.doFilter(OncePerRequestFilter.java:110)
	at org.apache.catalina.core.ApplicationFilterChain.internalDoFilter(ApplicationFilterChain.java:174)
	at org.apache.catalina.core.ApplicationFilterChain.doFilter(ApplicationFilterChain.java:149)
	at org.springframework.security.web.FilterChainProxy.lambda$doFilterInternal$3(FilterChainProxy.java:231)
	at org.springframework.security.web.ObservationFilterChainDecorator$FilterObservation$SimpleFilterObservation.lambda$wrap$1(ObservationFilterChainDecorator.java:479)
	at org.springframework.security.web.ObservationFilterChainDecorator$AroundFilterObservation$SimpleAroundFilterObservation.lambda$wrap$1(ObservationFilterChainDecorator.java:340)
	at org.springframework.security.web.ObservationFilterChainDecorator.lambda$wrapSecured$0(ObservationFilterChainDecorator.java:82)
	at org.springframework.security.web.ObservationFilterChainDecorator$VirtualFilterChain.doFilter(ObservationFilterChainDecorator.java:128)
	at org.springframework.security.web.access.intercept.AuthorizationFilter.doFilter(AuthorizationFilter.java:100)
	at org.springframework.security.web.ObservationFilterChainDecorator$ObservationFilter.wrapFilter(ObservationFilterChainDecorator.java:240)
	at org.springframework.security.web.ObservationFilterChainDecorator$ObservationFilter.doFilter(ObservationFilterChainDecorator.java:227)
	at org.springframework.security.web.ObservationFilterChainDecorator$VirtualFilterChain.doFilter(ObservationFilterChainDecorator.java:137)
	at org.springframework.security.web.access.ExceptionTranslationFilter.doFilter(ExceptionTranslationFilter.java:126)
	at org.springframework.security.web.access.ExceptionTranslationFilter.doFilter(ExceptionTranslationFilter.java:120)
	at org.springframework.security.web.ObservationFilterChainDecorator$ObservationFilter.wrapFilter(ObservationFilterChainDecorator.java:240)
	at org.springframework.security.web.ObservationFilterChainDecorator$ObservationFilter.doFilter(ObservationFilterChainDecorator.java:227)
	at org.springframework.security.web.ObservationFilterChainDecorator$VirtualFilterChain.doFilter(ObservationFilterChainDecorator.java:137)
	at org.springframework.security.web.session.SessionManagementFilter.doFilter(SessionManagementFilter.java:131)
	at org.springframework.security.web.session.SessionManagementFilter.doFilter(SessionManagementFilter.java:85)
	at org.springframework.security.web.ObservationFilterChainDecorator$ObservationFilter.wrapFilter(ObservationFilterChainDecorator.java:240)
	at org.springframework.security.web.ObservationFilterChainDecorator$ObservationFilter.doFilter(ObservationFilterChainDecorator.java:227)
	at org.springframework.security.web.ObservationFilterChainDecorator$VirtualFilterChain.doFilter(ObservationFilterChainDecorator.java:137)
	at org.springframework.security.web.authentication.AnonymousAuthenticationFilter.doFilter(AnonymousAuthenticationFilter.java:100)
	at org.springframework.security.web.ObservationFilterChainDecorator$ObservationFilter.wrapFilter(ObservationFilterChainDecorator.java:240)
	at org.springframework.security.web.ObservationFilterChainDecorator$ObservationFilter.doFilter(ObservationFilterChainDecorator.java:227)
	at org.springframework.security.web.ObservationFilterChainDecorator$VirtualFilterChain.doFilter(ObservationFilterChainDecorator.java:137)
	at org.springframework.security.web.servletapi.SecurityContextHolderAwareRequestFilter.doFilter(SecurityContextHolderAwareRequestFilter.java:179)
	at org.springframework.security.web.ObservationFilterChainDecorator$ObservationFilter.wrapFilter(ObservationFilterChainDecorator.java:240)
	at org.springframework.security.web.ObservationFilterChainDecorator$ObservationFilter.doFilter(ObservationFilterChainDecorator.java:227)
	at org.springframework.security.web.ObservationFilterChainDecorator$VirtualFilterChain.doFilter(ObservationFilterChainDecorator.java:137)
	at org.springframework.security.web.savedrequest.RequestCacheAwareFilter.doFilter(RequestCacheAwareFilter.java:63)
	at org.springframework.security.web.ObservationFilterChainDecorator$ObservationFilter.wrapFilter(ObservationFilterChainDecorator.java:240)
	at org.springframework.security.web.ObservationFilterChainDecorator$ObservationFilter.doFilter(ObservationFilterChainDecorator.java:227)
	at org.springframework.security.web.ObservationFilterChainDecorator$VirtualFilterChain.doFilter(ObservationFilterChainDecorator.java:137)
	at com.messenger.filter.AuthRateLimitFilter.doFilterInternal(AuthRateLimitFilter.java:80)
	at org.springframework.web.filter.OncePerRequestFilter.doFilter(OncePerRequestFilter.java:116)
	at org.springframework.security.web.ObservationFilterChainDecorator$ObservationFilter.wrapFilter(ObservationFilterChainDecorator.java:240)
	at org.springframework.security.web.ObservationFilterChainDecorator$ObservationFilter.doFilter(ObservationFilterChainDecorator.java:227)
	at org.springframework.security.web.ObservationFilterChainDecorator$VirtualFilterChain.doFilter(ObservationFilterChainDecorator.java:137)
	at com.messenger.security.JwtAuthenticationFilter.doFilterInternal(JwtAuthenticationFilter.java:74)
	at org.springframework.web.filter.OncePerRequestFilter.doFilter(OncePerRequestFilter.java:116)
	at org.springframework.security.web.ObservationFilterChainDecorator$ObservationFilter.wrapFilter(ObservationFilterChainDecorator.java:240)
	at org.springframework.security.web.ObservationFilterChainDecorator$ObservationFilter.doFilter(ObservationFilterChainDecorator.java:227)
	at org.springframework.security.web.ObservationFilterChainDecorator$VirtualFilterChain.doFilter(ObservationFilterChainDecorator.java:137)
	at org.springframework.security.web.authentication.logout.LogoutFilter.doFilter(LogoutFilter.java:107)
	at org.springframework.security.web.authentication.logout.LogoutFilter.doFilter(LogoutFilter.java:93)
	at org.springframework.security.web.ObservationFilterChainDecorator$ObservationFilter.wrapFilter(ObservationFilterChainDecorator.java:240)
	at org.springframework.security.web.ObservationFilterChainDecorator$ObservationFilter.doFilter(ObservationFilterChainDecorator.java:227)
	at org.springframework.security.web.ObservationFilterChainDecorator$VirtualFilterChain.doFilter(ObservationFilterChainDecorator.java:137)
	at org.springframework.security.web.csrf.CsrfFilter.doFilterInternal(CsrfFilter.java:117)
	at org.springframework.web.filter.OncePerRequestFilter.doFilter(OncePerRequestFilter.java:116)
	at org.springframework.security.web.ObservationFilterChainDecorator$ObservationFilter.wrapFilter(ObservationFilterChainDecorator.java:240)
	at org.springframework.security.web.ObservationFilterChainDecorator$ObservationFilter.doFilter(ObservationFilterChainDecorator.java:227)
	at org.springframework.security.web.ObservationFilterChainDecorator$VirtualFilterChain.doFilter(ObservationFilterChainDecorator.java:137)
	at org.springframework.web.filter.CorsFilter.doFilterInternal(CorsFilter.java:91)
	at org.springframework.web.filter.OncePerRequestFilter.doFilter(OncePerRequestFilter.java:116)
	at org.springframework.security.web.ObservationFilterChainDecorator$ObservationFilter.wrapFilter(ObservationFilterChainDecorator.java:240)
	at org.springframework.security.web.ObservationFilterChainDecorator$ObservationFilter.doFilter(ObservationFilterChainDecorator.java:227)
	at org.springframework.security.web.ObservationFilterChainDecorator$VirtualFilterChain.doFilter(ObservationFilterChainDecorator.java:137)
	at org.springframework.security.web.header.HeaderWriterFilter.doHeadersAfter(HeaderWriterFilter.java:90)
	at org.springframework.security.web.header.HeaderWriterFilter.doFilterInternal(HeaderWriterFilter.java:75)
	at org.springframework.web.filter.OncePerRequestFilter.doFilter(OncePerRequestFilter.java:116)
	at org.springframework.security.web.ObservationFilterChainDecorator$ObservationFilter.wrapFilter(ObservationFilterChainDecorator.java:240)
	at org.springframework.security.web.ObservationFilterChainDecorator$ObservationFilter.doFilter(ObservationFilterChainDecorator.java:227)
	at org.springframework.security.web.ObservationFilterChainDecorator$VirtualFilterChain.doFilter(ObservationFilterChainDecorator.java:137)
	at org.springframework.security.web.context.SecurityContextHolderFilter.doFilter(SecurityContextHolderFilter.java:82)
	at org.springframework.security.web.context.SecurityContextHolderFilter.doFilter(SecurityContextHolderFilter.java:69)
	at org.springframework.security.web.ObservationFilterChainDecorator$ObservationFilter.wrapFilter(ObservationFilterChainDecorator.java:240)
	at org.springframework.security.web.ObservationFilterChainDecorator$ObservationFilter.doFilter(ObservationFilterChainDecorator.java:227)
	at org.springframework.security.web.ObservationFilterChainDecorator$VirtualFilterChain.doFilter(ObservationFilterChainDecorator.java:137)
	at org.springframework.security.web.context.request.async.WebAsyncManagerIntegrationFilter.doFilterInternal(WebAsyncManagerIntegrationFilter.java:62)
	at org.springframework.web.filter.OncePerRequestFilter.doFilter(OncePerRequestFilter.java:116)
	at org.springframework.security.web.ObservationFilterChainDecorator$ObservationFilter.wrapFilter(ObservationFilterChainDecorator.java:240)
	at org.springframework.security.web.ObservationFilterChainDecorator$ObservationFilter.doFilter(ObservationFilterChainDecorator.java:227)
	at org.springframework.security.web.ObservationFilterChainDecorator$VirtualFilterChain.doFilter(ObservationFilterChainDecorator.java:137)
	at org.springframework.security.web.session.DisableEncodeUrlFilter.doFilterInternal(DisableEncodeUrlFilter.java:42)
	at org.springframework.web.filter.OncePerRequestFilter.doFilter(OncePerRequestFilter.java:116)
	at org.springframework.security.web.ObservationFilterChainDecorator$ObservationFilter.wrapFilter(ObservationFilterChainDecorator.java:240)
	at org.springframework.security.web.ObservationFilterChainDecorator$AroundFilterObservation$SimpleAroundFilterObservation.lambda$wrap$0(ObservationFilterChainDecorator.java:323)
	at org.springframework.security.web.ObservationFilterChainDecorator$ObservationFilter.doFilter(ObservationFilterChainDecorator.java:224)
	at org.springframework.security.web.ObservationFilterChainDecorator$VirtualFilterChain.doFilter(ObservationFilterChainDecorator.java:137)
	at org.springframework.security.web.FilterChainProxy.doFilterInternal(FilterChainProxy.java:233)
	at org.springframework.security.web.FilterChainProxy.doFilter(FilterChainProxy.java:191)
	at org.springframework.web.filter.DelegatingFilterProxy.invokeDelegate(DelegatingFilterProxy.java:352)
	at org.springframework.web.filter.DelegatingFilterProxy.doFilter(DelegatingFilterProxy.java:268)
	at org.apache.catalina.core.ApplicationFilterChain.internalDoFilter(ApplicationFilterChain.java:174)
	at org.apache.catalina.core.ApplicationFilterChain.doFilter(ApplicationFilterChain.java:149)
	at org.springframework.web.filter.RequestContextFilter.doFilterInternal(RequestContextFilter.java:100)
	at org.springframework.web.filter.OncePerRequestFilter.doFilter(OncePerRequestFilter.java:116)
	at org.apache.catalina.core.ApplicationFilterChain.internalDoFilter(ApplicationFilterChain.java:174)
	at org.apache.catalina.core.ApplicationFilterChain.doFilter(ApplicationFilterChain.java:149)
	at org.springframework.web.filter.FormContentFilter.doFilterInternal(FormContentFilter.java:93)
	at org.springframework.web.filter.OncePerRequestFilter.doFilter(OncePerRequestFilter.java:116)
	at org.apache.catalina.core.ApplicationFilterChain.internalDoFilter(ApplicationFilterChain.java:174)
	at org.apache.catalina.core.ApplicationFilterChain.doFilter(ApplicationFilterChain.java:149)
	at com.messenger.security.RateLimitingFilter.doFilterInternal(RateLimitingFilter.java:70)
	at org.springframework.web.filter.OncePerRequestFilter.doFilter(OncePerRequestFilter.java:116)
	at org.apache.catalina.core.ApplicationFilterChain.internalDoFilter(ApplicationFilterChain.java:174)
	at org.apache.catalina.core.ApplicationFilterChain.doFilter(ApplicationFilterChain.java:149)
	at org.springframework.web.filter.ServerHttpObservationFilter.doFilterInternal(ServerHttpObservationFilter.java:109)
	at org.springframework.web.filter.OncePerRequestFilter.doFilter(OncePerRequestFilter.java:116)
	at org.apache.catalina.core.ApplicationFilterChain.internalDoFilter(ApplicationFilterChain.java:174)
	at org.apache.catalina.core.ApplicationFilterChain.doFilter(ApplicationFilterChain.java:149)
	at org.springframework.web.filter.CharacterEncodingFilter.doFilterInternal(CharacterEncodingFilter.java:201)
	at org.springframework.web.filter.OncePerRequestFilter.doFilter(OncePerRequestFilter.java:116)
	at org.apache.catalina.core.ApplicationFilterChain.internalDoFilter(ApplicationFilterChain.java:174)
	at org.apache.catalina.core.ApplicationFilterChain.doFilter(ApplicationFilterChain.java:149)
	at com.messenger.logging.MDCLoggingFilter.doFilterInternal(MDCLoggingFilter.java:56)
	at org.springframework.web.filter.OncePerRequestFilter.doFilter(OncePerRequestFilter.java:116)
	at org.apache.catalina.core.ApplicationFilterChain.internalDoFilter(ApplicationFilterChain.java:174)
	at org.apache.catalina.core.ApplicationFilterChain.doFilter(ApplicationFilterChain.java:149)
	at com.messenger.config.Utf8EncodingFilter.doFilter(Utf8EncodingFilter.java:53)
	at org.apache.catalina.core.ApplicationFilterChain.internalDoFilter(ApplicationFilterChain.java:174)
	at org.apache.catalina.core.ApplicationFilterChain.doFilter(ApplicationFilterChain.java:149)
	at org.apache.catalina.core.StandardWrapperValve.invoke(StandardWrapperValve.java:167)
	at org.apache.catalina.core.StandardContextValve.invoke(StandardContextValve.java:90)
	at org.apache.catalina.authenticator.AuthenticatorBase.invoke(AuthenticatorBase.java:482)
	at org.apache.catalina.core.StandardHostValve.invoke(StandardHostValve.java:115)
	at org.apache.catalina.valves.ErrorReportValve.invoke(ErrorReportValve.java:93)
	at org.apache.catalina.core.StandardEngineValve.invoke(StandardEngineValve.java:74)
	at org.apache.catalina.connector.CoyoteAdapter.service(CoyoteAdapter.java:340)
	at org.apache.coyote.http11.Http11Processor.service(Http11Processor.java:391)
	at org.apache.coyote.AbstractProcessorLight.process(AbstractProcessorLight.java:63)
	at org.apache.coyote.AbstractProtocol$ConnectionHandler.process(AbstractProtocol.java:896)
	at org.apache.tomcat.util.net.NioEndpoint$SocketProcessor.doRun(NioEndpoint.java:1744)
	at org.apache.tomcat.util.net.SocketProcessorBase.run(SocketProcessorBase.java:52)
	at org.apache.tomcat.util.threads.ThreadPoolExecutor.runWorker(ThreadPoolExecutor.java:1191)
	at org.apache.tomcat.util.threads.ThreadPoolExecutor$Worker.run(ThreadPoolExecutor.java:659)
	at org.apache.tomcat.util.threads.TaskThread$WrappingRunnable.run(TaskThread.java:61)
	at java.base/java.lang.Thread.run(Unknown Source)
2026-03-18 21:55:21.548 [http-nio-0.0.0.0-8080-exec-2] ERROR [47127f18-1b01-41ae-97a7-e65fd03cb14c] [anonymous] com.messenger.logging.LoggingAspect - [ERROR] User: anonymousUser | AuthService.login() threw exception: Bad credentials
org.springframework.security.authentication.BadCredentialsException: Bad credentials
	at org.springframework.security.authentication.dao.AbstractUserDetailsAuthenticationProvider.authenticate(AbstractUserDetailsAuthenticationProvider.java:141)
	at org.springframework.security.authentication.ProviderManager.authenticate(ProviderManager.java:182)
	at com.messenger.service.AuthService.authenticateAndGenerateTokens(AuthService.java:114)
	at com.messenger.service.AuthService.login(AuthService.java:102)
	at java.base/jdk.internal.reflect.NativeMethodAccessorImpl.invoke0(Native Method)
	at java.base/jdk.internal.reflect.NativeMethodAccessorImpl.invoke(Unknown Source)
	at java.base/jdk.internal.reflect.DelegatingMethodAccessorImpl.invoke(Unknown Source)
	at java.base/java.lang.reflect.Method.invoke(Unknown Source)
	at org.springframework.aop.support.AopUtils.invokeJoinpointUsingReflection(AopUtils.java:352)
	at org.springframework.aop.framework.ReflectiveMethodInvocation.invokeJoinpoint(ReflectiveMethodInvocation.java:196)
	at org.springframework.aop.framework.ReflectiveMethodInvocation.proceed(ReflectiveMethodInvocation.java:163)
	at org.springframework.aop.framework.CglibAopProxy$CglibMethodInvocation.proceed(CglibAopProxy.java:765)
	at org.springframework.aop.aspectj.AspectJAfterThrowingAdvice.invoke(AspectJAfterThrowingAdvice.java:64)
	at org.springframework.aop.framework.ReflectiveMethodInvocation.proceed(ReflectiveMethodInvocation.java:184)
	at org.springframework.aop.framework.CglibAopProxy$CglibMethodInvocation.proceed(CglibAopProxy.java:765)
	at org.springframework.aop.aspectj.MethodInvocationProceedingJoinPoint.proceed(MethodInvocationProceedingJoinPoint.java:89)
	at com.messenger.logging.LoggingAspect.logServiceExecutionTime(LoggingAspect.java:89)
	at jdk.internal.reflect.GeneratedMethodAccessor59.invoke(Unknown Source)
	at java.base/jdk.internal.reflect.DelegatingMethodAccessorImpl.invoke(Unknown Source)
	at java.base/java.lang.reflect.Method.invoke(Unknown Source)
	at org.springframework.aop.aspectj.AbstractAspectJAdvice.invokeAdviceMethodWithGivenArgs(AbstractAspectJAdvice.java:637)
	at org.springframework.aop.aspectj.AbstractAspectJAdvice.invokeAdviceMethod(AbstractAspectJAdvice.java:627)
	at org.springframework.aop.aspectj.AspectJAroundAdvice.invoke(AspectJAroundAdvice.java:71)
	at org.springframework.aop.framework.ReflectiveMethodInvocation.proceed(ReflectiveMethodInvocation.java:184)
	at org.springframework.aop.framework.CglibAopProxy$CglibMethodInvocation.proceed(CglibAopProxy.java:765)
	at org.springframework.aop.interceptor.ExposeInvocationInterceptor.invoke(ExposeInvocationInterceptor.java:97)
	at org.springframework.aop.framework.ReflectiveMethodInvocation.proceed(ReflectiveMethodInvocation.java:184)
	at org.springframework.aop.framework.CglibAopProxy$CglibMethodInvocation.proceed(CglibAopProxy.java:765)
	at org.springframework.aop.framework.CglibAopProxy$DynamicAdvisedInterceptor.intercept(CglibAopProxy.java:717)
	at com.messenger.service.AuthService$$SpringCGLIB$$0.login(<generated>)
	at com.messenger.controller.AuthController.login(AuthController.java:49)
	at java.base/jdk.internal.reflect.NativeMethodAccessorImpl.invoke0(Native Method)
	at java.base/jdk.internal.reflect.NativeMethodAccessorImpl.invoke(Unknown Source)
	at java.base/jdk.internal.reflect.DelegatingMethodAccessorImpl.invoke(Unknown Source)
	at java.base/java.lang.reflect.Method.invoke(Unknown Source)
	at org.springframework.aop.support.AopUtils.invokeJoinpointUsingReflection(AopUtils.java:352)
	at org.springframework.aop.framework.ReflectiveMethodInvocation.invokeJoinpoint(ReflectiveMethodInvocation.java:196)
	at org.springframework.aop.framework.ReflectiveMethodInvocation.proceed(ReflectiveMethodInvocation.java:163)
	at org.springframework.aop.framework.CglibAopProxy$CglibMethodInvocation.proceed(CglibAopProxy.java:765)
	at org.springframework.aop.aspectj.AspectJAfterThrowingAdvice.invoke(AspectJAfterThrowingAdvice.java:64)
	at org.springframework.aop.framework.ReflectiveMethodInvocation.proceed(ReflectiveMethodInvocation.java:184)
	at org.springframework.aop.framework.CglibAopProxy$CglibMethodInvocation.proceed(CglibAopProxy.java:765)
	at org.springframework.aop.framework.adapter.AfterReturningAdviceInterceptor.invoke(AfterReturningAdviceInterceptor.java:57)
	at org.springframework.aop.framework.ReflectiveMethodInvocation.proceed(ReflectiveMethodInvocation.java:184)
	at org.springframework.aop.framework.CglibAopProxy$CglibMethodInvocation.proceed(CglibAopProxy.java:765)
	at org.springframework.aop.framework.adapter.MethodBeforeAdviceInterceptor.invoke(MethodBeforeAdviceInterceptor.java:58)
	at org.springframework.aop.framework.ReflectiveMethodInvocation.proceed(ReflectiveMethodInvocation.java:184)
	at org.springframework.aop.framework.CglibAopProxy$CglibMethodInvocation.proceed(CglibAopProxy.java:765)
	at org.springframework.aop.interceptor.ExposeInvocationInterceptor.invoke(ExposeInvocationInterceptor.java:97)
	at org.springframework.aop.framework.ReflectiveMethodInvocation.proceed(ReflectiveMethodInvocation.java:184)
	at org.springframework.aop.framework.CglibAopProxy$CglibMethodInvocation.proceed(CglibAopProxy.java:765)
	at org.springframework.aop.framework.CglibAopProxy$DynamicAdvisedInterceptor.intercept(CglibAopProxy.java:717)
	at com.messenger.controller.AuthController$$SpringCGLIB$$0.login(<generated>)
	at java.base/jdk.internal.reflect.NativeMethodAccessorImpl.invoke0(Native Method)
	at java.base/jdk.internal.reflect.NativeMethodAccessorImpl.invoke(Unknown Source)
	at java.base/jdk.internal.reflect.DelegatingMethodAccessorImpl.invoke(Unknown Source)
	at java.base/java.lang.reflect.Method.invoke(Unknown Source)
	at org.springframework.web.method.support.InvocableHandlerMethod.doInvoke(InvocableHandlerMethod.java:254)
	at org.springframework.web.method.support.InvocableHandlerMethod.invokeForRequest(InvocableHandlerMethod.java:182)
	at org.springframework.web.servlet.mvc.method.annotation.ServletInvocableHandlerMethod.invokeAndHandle(ServletInvocableHandlerMethod.java:118)
	at org.springframework.web.servlet.mvc.method.annotation.RequestMappingHandlerAdapter.invokeHandlerMethod(RequestMappingHandlerAdapter.java:917)
	at org.springframework.web.servlet.mvc.method.annotation.RequestMappingHandlerAdapter.handleInternal(RequestMappingHandlerAdapter.java:829)
	at org.springframework.web.servlet.mvc.method.AbstractHandlerMethodAdapter.handle(AbstractHandlerMethodAdapter.java:87)
	at org.springframework.web.servlet.DispatcherServlet.doDispatch(DispatcherServlet.java:1089)
	at org.springframework.web.servlet.DispatcherServlet.doService(DispatcherServlet.java:979)
	at org.springframework.web.servlet.FrameworkServlet.processRequest(FrameworkServlet.java:1014)
	at org.springframework.web.servlet.FrameworkServlet.doPost(FrameworkServlet.java:914)
	at jakarta.servlet.http.HttpServlet.service(HttpServlet.java:590)
	at org.springframework.web.servlet.FrameworkServlet.service(FrameworkServlet.java:885)
	at jakarta.servlet.http.HttpServlet.service(HttpServlet.java:658)
	at org.apache.catalina.core.ApplicationFilterChain.internalDoFilter(ApplicationFilterChain.java:205)
	at org.apache.catalina.core.ApplicationFilterChain.doFilter(ApplicationFilterChain.java:149)
	at org.apache.tomcat.websocket.server.WsFilter.doFilter(WsFilter.java:51)
	at org.apache.catalina.core.ApplicationFilterChain.internalDoFilter(ApplicationFilterChain.java:174)
	at org.apache.catalina.core.ApplicationFilterChain.doFilter(ApplicationFilterChain.java:149)
	at org.springframework.web.filter.OncePerRequestFilter.doFilter(OncePerRequestFilter.java:110)
	at org.apache.catalina.core.ApplicationFilterChain.internalDoFilter(ApplicationFilterChain.java:174)
	at org.apache.catalina.core.ApplicationFilterChain.doFilter(ApplicationFilterChain.java:149)
	at org.springframework.web.filter.OncePerRequestFilter.doFilter(OncePerRequestFilter.java:110)
	at org.apache.catalina.core.ApplicationFilterChain.internalDoFilter(ApplicationFilterChain.java:174)
	at org.apache.catalina.core.ApplicationFilterChain.doFilter(ApplicationFilterChain.java:149)
	at org.springframework.security.web.FilterChainProxy.lambda$doFilterInternal$3(FilterChainProxy.java:231)
	at org.springframework.security.web.ObservationFilterChainDecorator$FilterObservation$SimpleFilterObservation.lambda$wrap$1(ObservationFilterChainDecorator.java:479)
	at org.springframework.security.web.ObservationFilterChainDecorator$AroundFilterObservation$SimpleAroundFilterObservation.lambda$wrap$1(ObservationFilterChainDecorator.java:340)
	at org.springframework.security.web.ObservationFilterChainDecorator.lambda$wrapSecured$0(ObservationFilterChainDecorator.java:82)
	at org.springframework.security.web.ObservationFilterChainDecorator$VirtualFilterChain.doFilter(ObservationFilterChainDecorator.java:128)
	at org.springframework.security.web.access.intercept.AuthorizationFilter.doFilter(AuthorizationFilter.java:100)
	at org.springframework.security.web.ObservationFilterChainDecorator$ObservationFilter.wrapFilter(ObservationFilterChainDecorator.java:240)
	at org.springframework.security.web.ObservationFilterChainDecorator$ObservationFilter.doFilter(ObservationFilterChainDecorator.java:227)
	at org.springframework.security.web.ObservationFilterChainDecorator$VirtualFilterChain.doFilter(ObservationFilterChainDecorator.java:137)
	at org.springframework.security.web.access.ExceptionTranslationFilter.doFilter(ExceptionTranslationFilter.java:126)
	at org.springframework.security.web.access.ExceptionTranslationFilter.doFilter(ExceptionTranslationFilter.java:120)
	at org.springframework.security.web.ObservationFilterChainDecorator$ObservationFilter.wrapFilter(ObservationFilterChainDecorator.java:240)
	at org.springframework.security.web.ObservationFilterChainDecorator$ObservationFilter.doFilter(ObservationFilterChainDecorator.java:227)
	at org.springframework.security.web.ObservationFilterChainDecorator$VirtualFilterChain.doFilter(ObservationFilterChainDecorator.java:137)
	at org.springframework.security.web.session.SessionManagementFilter.doFilter(SessionManagementFilter.java:131)
	at org.springframework.security.web.session.SessionManagementFilter.doFilter(SessionManagementFilter.java:85)
	at org.springframework.security.web.ObservationFilterChainDecorator$ObservationFilter.wrapFilter(ObservationFilterChainDecorator.java:240)
	at org.springframework.security.web.ObservationFilterChainDecorator$ObservationFilter.doFilter(ObservationFilterChainDecorator.java:227)
	at org.springframework.security.web.ObservationFilterChainDecorator$VirtualFilterChain.doFilter(ObservationFilterChainDecorator.java:137)
	at org.springframework.security.web.authentication.AnonymousAuthenticationFilter.doFilter(AnonymousAuthenticationFilter.java:100)
	at org.springframework.security.web.ObservationFilterChainDecorator$ObservationFilter.wrapFilter(ObservationFilterChainDecorator.java:240)
	at org.springframework.security.web.ObservationFilterChainDecorator$ObservationFilter.doFilter(ObservationFilterChainDecorator.java:227)
	at org.springframework.security.web.ObservationFilterChainDecorator$VirtualFilterChain.doFilter(ObservationFilterChainDecorator.java:137)
	at org.springframework.security.web.servletapi.SecurityContextHolderAwareRequestFilter.doFilter(SecurityContextHolderAwareRequestFilter.java:179)
	at org.springframework.security.web.ObservationFilterChainDecorator$ObservationFilter.wrapFilter(ObservationFilterChainDecorator.java:240)
	at org.springframework.security.web.ObservationFilterChainDecorator$ObservationFilter.doFilter(ObservationFilterChainDecorator.java:227)
	at org.springframework.security.web.ObservationFilterChainDecorator$VirtualFilterChain.doFilter(ObservationFilterChainDecorator.java:137)
	at org.springframework.security.web.savedrequest.RequestCacheAwareFilter.doFilter(RequestCacheAwareFilter.java:63)
	at org.springframework.security.web.ObservationFilterChainDecorator$ObservationFilter.wrapFilter(ObservationFilterChainDecorator.java:240)
	at org.springframework.security.web.ObservationFilterChainDecorator$ObservationFilter.doFilter(ObservationFilterChainDecorator.java:227)
	at org.springframework.security.web.ObservationFilterChainDecorator$VirtualFilterChain.doFilter(ObservationFilterChainDecorator.java:137)
	at com.messenger.filter.AuthRateLimitFilter.doFilterInternal(AuthRateLimitFilter.java:80)
	at org.springframework.web.filter.OncePerRequestFilter.doFilter(OncePerRequestFilter.java:116)
	at org.springframework.security.web.ObservationFilterChainDecorator$ObservationFilter.wrapFilter(ObservationFilterChainDecorator.java:240)
	at org.springframework.security.web.ObservationFilterChainDecorator$ObservationFilter.doFilter(ObservationFilterChainDecorator.java:227)
	at org.springframework.security.web.ObservationFilterChainDecorator$VirtualFilterChain.doFilter(ObservationFilterChainDecorator.java:137)
	at com.messenger.security.JwtAuthenticationFilter.doFilterInternal(JwtAuthenticationFilter.java:74)
	at org.springframework.web.filter.OncePerRequestFilter.doFilter(OncePerRequestFilter.java:116)
	at org.springframework.security.web.ObservationFilterChainDecorator$ObservationFilter.wrapFilter(ObservationFilterChainDecorator.java:240)
	at org.springframework.security.web.ObservationFilterChainDecorator$ObservationFilter.doFilter(ObservationFilterChainDecorator.java:227)
	at org.springframework.security.web.ObservationFilterChainDecorator$VirtualFilterChain.doFilter(ObservationFilterChainDecorator.java:137)
	at org.springframework.security.web.authentication.logout.LogoutFilter.doFilter(LogoutFilter.java:107)
	at org.springframework.security.web.authentication.logout.LogoutFilter.doFilter(LogoutFilter.java:93)
	at org.springframework.security.web.ObservationFilterChainDecorator$ObservationFilter.wrapFilter(ObservationFilterChainDecorator.java:240)
	at org.springframework.security.web.ObservationFilterChainDecorator$ObservationFilter.doFilter(ObservationFilterChainDecorator.java:227)
	at org.springframework.security.web.ObservationFilterChainDecorator$VirtualFilterChain.doFilter(ObservationFilterChainDecorator.java:137)
	at org.springframework.security.web.csrf.CsrfFilter.doFilterInternal(CsrfFilter.java:117)
	at org.springframework.web.filter.OncePerRequestFilter.doFilter(OncePerRequestFilter.java:116)
	at org.springframework.security.web.ObservationFilterChainDecorator$ObservationFilter.wrapFilter(ObservationFilterChainDecorator.java:240)
	at org.springframework.security.web.ObservationFilterChainDecorator$ObservationFilter.doFilter(ObservationFilterChainDecorator.java:227)
	at org.springframework.security.web.ObservationFilterChainDecorator$VirtualFilterChain.doFilter(ObservationFilterChainDecorator.java:137)
	at org.springframework.web.filter.CorsFilter.doFilterInternal(CorsFilter.java:91)
	at org.springframework.web.filter.OncePerRequestFilter.doFilter(OncePerRequestFilter.java:116)
	at org.springframework.security.web.ObservationFilterChainDecorator$ObservationFilter.wrapFilter(ObservationFilterChainDecorator.java:240)
	at org.springframework.security.web.ObservationFilterChainDecorator$ObservationFilter.doFilter(ObservationFilterChainDecorator.java:227)
	at org.springframework.security.web.ObservationFilterChainDecorator$VirtualFilterChain.doFilter(ObservationFilterChainDecorator.java:137)
	at org.springframework.security.web.header.HeaderWriterFilter.doHeadersAfter(HeaderWriterFilter.java:90)
	at org.springframework.security.web.header.HeaderWriterFilter.doFilterInternal(HeaderWriterFilter.java:75)
	at org.springframework.web.filter.OncePerRequestFilter.doFilter(OncePerRequestFilter.java:116)
	at org.springframework.security.web.ObservationFilterChainDecorator$ObservationFilter.wrapFilter(ObservationFilterChainDecorator.java:240)
	at org.springframework.security.web.ObservationFilterChainDecorator$ObservationFilter.doFilter(ObservationFilterChainDecorator.java:227)
	at org.springframework.security.web.ObservationFilterChainDecorator$VirtualFilterChain.doFilter(ObservationFilterChainDecorator.java:137)
	at org.springframework.security.web.context.SecurityContextHolderFilter.doFilter(SecurityContextHolderFilter.java:82)
	at org.springframework.security.web.context.SecurityContextHolderFilter.doFilter(SecurityContextHolderFilter.java:69)
	at org.springframework.security.web.ObservationFilterChainDecorator$ObservationFilter.wrapFilter(ObservationFilterChainDecorator.java:240)
	at org.springframework.security.web.ObservationFilterChainDecorator$ObservationFilter.doFilter(ObservationFilterChainDecorator.java:227)
	at org.springframework.security.web.ObservationFilterChainDecorator$VirtualFilterChain.doFilter(ObservationFilterChainDecorator.java:137)
	at org.springframework.security.web.context.request.async.WebAsyncManagerIntegrationFilter.doFilterInternal(WebAsyncManagerIntegrationFilter.java:62)
	at org.springframework.web.filter.OncePerRequestFilter.doFilter(OncePerRequestFilter.java:116)
	at org.springframework.security.web.ObservationFilterChainDecorator$ObservationFilter.wrapFilter(ObservationFilterChainDecorator.java:240)
	at org.springframework.security.web.ObservationFilterChainDecorator$ObservationFilter.doFilter(ObservationFilterChainDecorator.java:227)
	at org.springframework.security.web.ObservationFilterChainDecorator$VirtualFilterChain.doFilter(ObservationFilterChainDecorator.java:137)
	at org.springframework.security.web.session.DisableEncodeUrlFilter.doFilterInternal(DisableEncodeUrlFilter.java:42)
	at org.springframework.web.filter.OncePerRequestFilter.doFilter(OncePerRequestFilter.java:116)
	at org.springframework.security.web.ObservationFilterChainDecorator$ObservationFilter.wrapFilter(ObservationFilterChainDecorator.java:240)
	at org.springframework.security.web.ObservationFilterChainDecorator$AroundFilterObservation$SimpleAroundFilterObservation.lambda$wrap$0(ObservationFilterChainDecorator.java:323)
	at org.springframework.security.web.ObservationFilterChainDecorator$ObservationFilter.doFilter(ObservationFilterChainDecorator.java:224)
	at org.springframework.security.web.ObservationFilterChainDecorator$VirtualFilterChain.doFilter(ObservationFilterChainDecorator.java:137)
	at org.springframework.security.web.FilterChainProxy.doFilterInternal(FilterChainProxy.java:233)
	at org.springframework.security.web.FilterChainProxy.doFilter(FilterChainProxy.java:191)
	at org.springframework.web.filter.DelegatingFilterProxy.invokeDelegate(DelegatingFilterProxy.java:352)
	at org.springframework.web.filter.DelegatingFilterProxy.doFilter(DelegatingFilterProxy.java:268)
	at org.apache.catalina.core.ApplicationFilterChain.internalDoFilter(ApplicationFilterChain.java:174)
	at org.apache.catalina.core.ApplicationFilterChain.doFilter(ApplicationFilterChain.java:149)
	at org.springframework.web.filter.RequestContextFilter.doFilterInternal(RequestContextFilter.java:100)
	at org.springframework.web.filter.OncePerRequestFilter.doFilter(OncePerRequestFilter.java:116)
	at org.apache.catalina.core.ApplicationFilterChain.internalDoFilter(ApplicationFilterChain.java:174)
	at org.apache.catalina.core.ApplicationFilterChain.doFilter(ApplicationFilterChain.java:149)
	at org.springframework.web.filter.FormContentFilter.doFilterInternal(FormContentFilter.java:93)
	at org.springframework.web.filter.OncePerRequestFilter.doFilter(OncePerRequestFilter.java:116)
	at org.apache.catalina.core.ApplicationFilterChain.internalDoFilter(ApplicationFilterChain.java:174)
	at org.apache.catalina.core.ApplicationFilterChain.doFilter(ApplicationFilterChain.java:149)
	at com.messenger.security.RateLimitingFilter.doFilterInternal(RateLimitingFilter.java:70)
	at org.springframework.web.filter.OncePerRequestFilter.doFilter(OncePerRequestFilter.java:116)
	at org.apache.catalina.core.ApplicationFilterChain.internalDoFilter(ApplicationFilterChain.java:174)
	at org.apache.catalina.core.ApplicationFilterChain.doFilter(ApplicationFilterChain.java:149)
	at org.springframework.web.filter.ServerHttpObservationFilter.doFilterInternal(ServerHttpObservationFilter.java:109)
	at org.springframework.web.filter.OncePerRequestFilter.doFilter(OncePerRequestFilter.java:116)
	at org.apache.catalina.core.ApplicationFilterChain.internalDoFilter(ApplicationFilterChain.java:174)
	at org.apache.catalina.core.ApplicationFilterChain.doFilter(ApplicationFilterChain.java:149)
	at org.springframework.web.filter.CharacterEncodingFilter.doFilterInternal(CharacterEncodingFilter.java:201)
	at org.springframework.web.filter.OncePerRequestFilter.doFilter(OncePerRequestFilter.java:116)
	at org.apache.catalina.core.ApplicationFilterChain.internalDoFilter(ApplicationFilterChain.java:174)
	at org.apache.catalina.core.ApplicationFilterChain.doFilter(ApplicationFilterChain.java:149)
	at com.messenger.logging.MDCLoggingFilter.doFilterInternal(MDCLoggingFilter.java:56)
	at org.springframework.web.filter.OncePerRequestFilter.doFilter(OncePerRequestFilter.java:116)
	at org.apache.catalina.core.ApplicationFilterChain.internalDoFilter(ApplicationFilterChain.java:174)
	at org.apache.catalina.core.ApplicationFilterChain.doFilter(ApplicationFilterChain.java:149)
	at com.messenger.config.Utf8EncodingFilter.doFilter(Utf8EncodingFilter.java:53)
	at org.apache.catalina.core.ApplicationFilterChain.internalDoFilter(ApplicationFilterChain.java:174)
	at org.apache.catalina.core.ApplicationFilterChain.doFilter(ApplicationFilterChain.java:149)
	at org.apache.catalina.core.StandardWrapperValve.invoke(StandardWrapperValve.java:167)
	at org.apache.catalina.core.StandardContextValve.invoke(StandardContextValve.java:90)
	at org.apache.catalina.authenticator.AuthenticatorBase.invoke(AuthenticatorBase.java:482)
	at org.apache.catalina.core.StandardHostValve.invoke(StandardHostValve.java:115)
	at org.apache.catalina.valves.ErrorReportValve.invoke(ErrorReportValve.java:93)
	at org.apache.catalina.core.StandardEngineValve.invoke(StandardEngineValve.java:74)
	at org.apache.catalina.connector.CoyoteAdapter.service(CoyoteAdapter.java:340)
	at org.apache.coyote.http11.Http11Processor.service(Http11Processor.java:391)
	at org.apache.coyote.AbstractProcessorLight.process(AbstractProcessorLight.java:63)
	at org.apache.coyote.AbstractProtocol$ConnectionHandler.process(AbstractProtocol.java:896)
	at org.apache.tomcat.util.net.NioEndpoint$SocketProcessor.doRun(NioEndpoint.java:1744)
	at org.apache.tomcat.util.net.SocketProcessorBase.run(SocketProcessorBase.java:52)
	at org.apache.tomcat.util.threads.ThreadPoolExecutor.runWorker(ThreadPoolExecutor.java:1191)
	at org.apache.tomcat.util.threads.ThreadPoolExecutor$Worker.run(ThreadPoolExecutor.java:659)
	at org.apache.tomcat.util.threads.TaskThread$WrappingRunnable.run(TaskThread.java:61)
	at java.base/java.lang.Thread.run(Unknown Source)
2026-03-18 21:55:21.628 [http-nio-0.0.0.0-8080-exec-2] ERROR [47127f18-1b01-41ae-97a7-e65fd03cb14c] [anonymous] com.messenger.logging.LoggingAspect - [SERVICE] AuthService.login() failed after 819ms: Bad credentials
2026-03-18 21:55:21.676 [http-nio-0.0.0.0-8080-exec-2] ERROR [47127f18-1b01-41ae-97a7-e65fd03cb14c] [anonymous] com.messenger.logging.LoggingAspect - [ERROR] User: anonymousUser | AuthController.login() threw exception: Bad credentials
org.springframework.security.authentication.BadCredentialsException: Bad credentials
	at org.springframework.security.authentication.dao.AbstractUserDetailsAuthenticationProvider.authenticate(AbstractUserDetailsAuthenticationProvider.java:141)
	at org.springframework.security.authentication.ProviderManager.authenticate(ProviderManager.java:182)
	at com.messenger.service.AuthService.authenticateAndGenerateTokens(AuthService.java:114)
	at com.messenger.service.AuthService.login(AuthService.java:102)
	at java.base/jdk.internal.reflect.NativeMethodAccessorImpl.invoke0(Native Method)
	at java.base/jdk.internal.reflect.NativeMethodAccessorImpl.invoke(Unknown Source)
	at java.base/jdk.internal.reflect.DelegatingMethodAccessorImpl.invoke(Unknown Source)
	at java.base/java.lang.reflect.Method.invoke(Unknown Source)
	at org.springframework.aop.support.AopUtils.invokeJoinpointUsingReflection(AopUtils.java:352)
	at org.springframework.aop.framework.ReflectiveMethodInvocation.invokeJoinpoint(ReflectiveMethodInvocation.java:196)
	at org.springframework.aop.framework.ReflectiveMethodInvocation.proceed(ReflectiveMethodInvocation.java:163)
	at org.springframework.aop.framework.CglibAopProxy$CglibMethodInvocation.proceed(CglibAopProxy.java:765)
	at org.springframework.aop.aspectj.AspectJAfterThrowingAdvice.invoke(AspectJAfterThrowingAdvice.java:64)
	at org.springframework.aop.framework.ReflectiveMethodInvocation.proceed(ReflectiveMethodInvocation.java:184)
	at org.springframework.aop.framework.CglibAopProxy$CglibMethodInvocation.proceed(CglibAopProxy.java:765)
	at org.springframework.aop.aspectj.MethodInvocationProceedingJoinPoint.proceed(MethodInvocationProceedingJoinPoint.java:89)
	at com.messenger.logging.LoggingAspect.logServiceExecutionTime(LoggingAspect.java:89)
	at jdk.internal.reflect.GeneratedMethodAccessor59.invoke(Unknown Source)
	at java.base/jdk.internal.reflect.DelegatingMethodAccessorImpl.invoke(Unknown Source)
	at java.base/java.lang.reflect.Method.invoke(Unknown Source)
	at org.springframework.aop.aspectj.AbstractAspectJAdvice.invokeAdviceMethodWithGivenArgs(AbstractAspectJAdvice.java:637)
	at org.springframework.aop.aspectj.AbstractAspectJAdvice.invokeAdviceMethod(AbstractAspectJAdvice.java:627)
	at org.springframework.aop.aspectj.AspectJAroundAdvice.invoke(AspectJAroundAdvice.java:71)
	at org.springframework.aop.framework.ReflectiveMethodInvocation.proceed(ReflectiveMethodInvocation.java:184)
	at org.springframework.aop.framework.CglibAopProxy$CglibMethodInvocation.proceed(CglibAopProxy.java:765)
	at org.springframework.aop.interceptor.ExposeInvocationInterceptor.invoke(ExposeInvocationInterceptor.java:97)
	at org.springframework.aop.framework.ReflectiveMethodInvocation.proceed(ReflectiveMethodInvocation.java:184)
	at org.springframework.aop.framework.CglibAopProxy$CglibMethodInvocation.proceed(CglibAopProxy.java:765)
	at org.springframework.aop.framework.CglibAopProxy$DynamicAdvisedInterceptor.intercept(CglibAopProxy.java:717)
	at com.messenger.service.AuthService$$SpringCGLIB$$0.login(<generated>)
	at com.messenger.controller.AuthController.login(AuthController.java:49)
	at java.base/jdk.internal.reflect.NativeMethodAccessorImpl.invoke0(Native Method)
	at java.base/jdk.internal.reflect.NativeMethodAccessorImpl.invoke(Unknown Source)
	at java.base/jdk.internal.reflect.DelegatingMethodAccessorImpl.invoke(Unknown Source)
	at java.base/java.lang.reflect.Method.invoke(Unknown Source)
	at org.springframework.aop.support.AopUtils.invokeJoinpointUsingReflection(AopUtils.java:352)
	at org.springframework.aop.framework.ReflectiveMethodInvocation.invokeJoinpoint(ReflectiveMethodInvocation.java:196)
	at org.springframework.aop.framework.ReflectiveMethodInvocation.proceed(ReflectiveMethodInvocation.java:163)
	at org.springframework.aop.framework.CglibAopProxy$CglibMethodInvocation.proceed(CglibAopProxy.java:765)
	at org.springframework.aop.aspectj.AspectJAfterThrowingAdvice.invoke(AspectJAfterThrowingAdvice.java:64)
	at org.springframework.aop.framework.ReflectiveMethodInvocation.proceed(ReflectiveMethodInvocation.java:184)
	at org.springframework.aop.framework.CglibAopProxy$CglibMethodInvocation.proceed(CglibAopProxy.java:765)
	at org.springframework.aop.framework.adapter.AfterReturningAdviceInterceptor.invoke(AfterReturningAdviceInterceptor.java:57)
	at org.springframework.aop.framework.ReflectiveMethodInvocation.proceed(ReflectiveMethodInvocation.java:184)
	at org.springframework.aop.framework.CglibAopProxy$CglibMethodInvocation.proceed(CglibAopProxy.java:765)
	at org.springframework.aop.framework.adapter.MethodBeforeAdviceInterceptor.invoke(MethodBeforeAdviceInterceptor.java:58)
	at org.springframework.aop.framework.ReflectiveMethodInvocation.proceed(ReflectiveMethodInvocation.java:184)
	at org.springframework.aop.framework.CglibAopProxy$CglibMethodInvocation.proceed(CglibAopProxy.java:765)
	at org.springframework.aop.interceptor.ExposeInvocationInterceptor.invoke(ExposeInvocationInterceptor.java:97)
	at org.springframework.aop.framework.ReflectiveMethodInvocation.proceed(ReflectiveMethodInvocation.java:184)
	at org.springframework.aop.framework.CglibAopProxy$CglibMethodInvocation.proceed(CglibAopProxy.java:765)
	at org.springframework.aop.framework.CglibAopProxy$DynamicAdvisedInterceptor.intercept(CglibAopProxy.java:717)
	at com.messenger.controller.AuthController$$SpringCGLIB$$0.login(<generated>)
	at java.base/jdk.internal.reflect.NativeMethodAccessorImpl.invoke0(Native Method)
	at java.base/jdk.internal.reflect.NativeMethodAccessorImpl.invoke(Unknown Source)
	at java.base/jdk.internal.reflect.DelegatingMethodAccessorImpl.invoke(Unknown Source)
	at java.base/java.lang.reflect.Method.invoke(Unknown Source)
	at org.springframework.web.method.support.InvocableHandlerMethod.doInvoke(InvocableHandlerMethod.java:254)
	at org.springframework.web.method.support.InvocableHandlerMethod.invokeForRequest(InvocableHandlerMethod.java:182)
	at org.springframework.web.servlet.mvc.method.annotation.ServletInvocableHandlerMethod.invokeAndHandle(ServletInvocableHandlerMethod.java:118)
	at org.springframework.web.servlet.mvc.method.annotation.RequestMappingHandlerAdapter.invokeHandlerMethod(RequestMappingHandlerAdapter.java:917)
	at org.springframework.web.servlet.mvc.method.annotation.RequestMappingHandlerAdapter.handleInternal(RequestMappingHandlerAdapter.java:829)
	at org.springframework.web.servlet.mvc.method.AbstractHandlerMethodAdapter.handle(AbstractHandlerMethodAdapter.java:87)
	at org.springframework.web.servlet.DispatcherServlet.doDispatch(DispatcherServlet.java:1089)
	at org.springframework.web.servlet.DispatcherServlet.doService(DispatcherServlet.java:979)
	at org.springframework.web.servlet.FrameworkServlet.processRequest(FrameworkServlet.java:1014)
	at org.springframework.web.servlet.FrameworkServlet.doPost(FrameworkServlet.java:914)
	at jakarta.servlet.http.HttpServlet.service(HttpServlet.java:590)
	at org.springframework.web.servlet.FrameworkServlet.service(FrameworkServlet.java:885)
	at jakarta.servlet.http.HttpServlet.service(HttpServlet.java:658)
	at org.apache.catalina.core.ApplicationFilterChain.internalDoFilter(ApplicationFilterChain.java:205)
	at org.apache.catalina.core.ApplicationFilterChain.doFilter(ApplicationFilterChain.java:149)
	at org.apache.tomcat.websocket.server.WsFilter.doFilter(WsFilter.java:51)
	at org.apache.catalina.core.ApplicationFilterChain.internalDoFilter(ApplicationFilterChain.java:174)
	at org.apache.catalina.core.ApplicationFilterChain.doFilter(ApplicationFilterChain.java:149)
	at org.springframework.web.filter.OncePerRequestFilter.doFilter(OncePerRequestFilter.java:110)
	at org.apache.catalina.core.ApplicationFilterChain.internalDoFilter(ApplicationFilterChain.java:174)
	at org.apache.catalina.core.ApplicationFilterChain.doFilter(ApplicationFilterChain.java:149)
	at org.springframework.web.filter.OncePerRequestFilter.doFilter(OncePerRequestFilter.java:110)
	at org.apache.catalina.core.ApplicationFilterChain.internalDoFilter(ApplicationFilterChain.java:174)
	at org.apache.catalina.core.ApplicationFilterChain.doFilter(ApplicationFilterChain.java:149)
	at org.springframework.security.web.FilterChainProxy.lambda$doFilterInternal$3(FilterChainProxy.java:231)
	at org.springframework.security.web.ObservationFilterChainDecorator$FilterObservation$SimpleFilterObservation.lambda$wrap$1(ObservationFilterChainDecorator.java:479)
	at org.springframework.security.web.ObservationFilterChainDecorator$AroundFilterObservation$SimpleAroundFilterObservation.lambda$wrap$1(ObservationFilterChainDecorator.java:340)
	at org.springframework.security.web.ObservationFilterChainDecorator.lambda$wrapSecured$0(ObservationFilterChainDecorator.java:82)
	at org.springframework.security.web.ObservationFilterChainDecorator$VirtualFilterChain.doFilter(ObservationFilterChainDecorator.java:128)
	at org.springframework.security.web.access.intercept.AuthorizationFilter.doFilter(AuthorizationFilter.java:100)
	at org.springframework.security.web.ObservationFilterChainDecorator$ObservationFilter.wrapFilter(ObservationFilterChainDecorator.java:240)
	at org.springframework.security.web.ObservationFilterChainDecorator$ObservationFilter.doFilter(ObservationFilterChainDecorator.java:227)
	at org.springframework.security.web.ObservationFilterChainDecorator$VirtualFilterChain.doFilter(ObservationFilterChainDecorator.java:137)
	at org.springframework.security.web.access.ExceptionTranslationFilter.doFilter(ExceptionTranslationFilter.java:126)
	at org.springframework.security.web.access.ExceptionTranslationFilter.doFilter(ExceptionTranslationFilter.java:120)
	at org.springframework.security.web.ObservationFilterChainDecorator$ObservationFilter.wrapFilter(ObservationFilterChainDecorator.java:240)
	at org.springframework.security.web.ObservationFilterChainDecorator$ObservationFilter.doFilter(ObservationFilterChainDecorator.java:227)
	at org.springframework.security.web.ObservationFilterChainDecorator$VirtualFilterChain.doFilter(ObservationFilterChainDecorator.java:137)
	at org.springframework.security.web.session.SessionManagementFilter.doFilter(SessionManagementFilter.java:131)
	at org.springframework.security.web.session.SessionManagementFilter.doFilter(SessionManagementFilter.java:85)
	at org.springframework.security.web.ObservationFilterChainDecorator$ObservationFilter.wrapFilter(ObservationFilterChainDecorator.java:240)
	at org.springframework.security.web.ObservationFilterChainDecorator$ObservationFilter.doFilter(ObservationFilterChainDecorator.java:227)
	at org.springframework.security.web.ObservationFilterChainDecorator$VirtualFilterChain.doFilter(ObservationFilterChainDecorator.java:137)
	at org.springframework.security.web.authentication.AnonymousAuthenticationFilter.doFilter(AnonymousAuthenticationFilter.java:100)
	at org.springframework.security.web.ObservationFilterChainDecorator$ObservationFilter.wrapFilter(ObservationFilterChainDecorator.java:240)
	at org.springframework.security.web.ObservationFilterChainDecorator$ObservationFilter.doFilter(ObservationFilterChainDecorator.java:227)
	at org.springframework.security.web.ObservationFilterChainDecorator$VirtualFilterChain.doFilter(ObservationFilterChainDecorator.java:137)
	at org.springframework.security.web.servletapi.SecurityContextHolderAwareRequestFilter.doFilter(SecurityContextHolderAwareRequestFilter.java:179)
	at org.springframework.security.web.ObservationFilterChainDecorator$ObservationFilter.wrapFilter(ObservationFilterChainDecorator.java:240)
	at org.springframework.security.web.ObservationFilterChainDecorator$ObservationFilter.doFilter(ObservationFilterChainDecorator.java:227)
	at org.springframework.security.web.ObservationFilterChainDecorator$VirtualFilterChain.doFilter(ObservationFilterChainDecorator.java:137)
	at org.springframework.security.web.savedrequest.RequestCacheAwareFilter.doFilter(RequestCacheAwareFilter.java:63)
	at org.springframework.security.web.ObservationFilterChainDecorator$ObservationFilter.wrapFilter(ObservationFilterChainDecorator.java:240)
	at org.springframework.security.web.ObservationFilterChainDecorator$ObservationFilter.doFilter(ObservationFilterChainDecorator.java:227)
	at org.springframework.security.web.ObservationFilterChainDecorator$VirtualFilterChain.doFilter(ObservationFilterChainDecorator.java:137)
	at com.messenger.filter.AuthRateLimitFilter.doFilterInternal(AuthRateLimitFilter.java:80)
	at org.springframework.web.filter.OncePerRequestFilter.doFilter(OncePerRequestFilter.java:116)
	at org.springframework.security.web.ObservationFilterChainDecorator$ObservationFilter.wrapFilter(ObservationFilterChainDecorator.java:240)
	at org.springframework.security.web.ObservationFilterChainDecorator$ObservationFilter.doFilter(ObservationFilterChainDecorator.java:227)
	at org.springframework.security.web.ObservationFilterChainDecorator$VirtualFilterChain.doFilter(ObservationFilterChainDecorator.java:137)
	at com.messenger.security.JwtAuthenticationFilter.doFilterInternal(JwtAuthenticationFilter.java:74)
	at org.springframework.web.filter.OncePerRequestFilter.doFilter(OncePerRequestFilter.java:116)
	at org.springframework.security.web.ObservationFilterChainDecorator$ObservationFilter.wrapFilter(ObservationFilterChainDecorator.java:240)
	at org.springframework.security.web.ObservationFilterChainDecorator$ObservationFilter.doFilter(ObservationFilterChainDecorator.java:227)
	at org.springframework.security.web.ObservationFilterChainDecorator$VirtualFilterChain.doFilter(ObservationFilterChainDecorator.java:137)
	at org.springframework.security.web.authentication.logout.LogoutFilter.doFilter(LogoutFilter.java:107)
	at org.springframework.security.web.authentication.logout.LogoutFilter.doFilter(LogoutFilter.java:93)
	at org.springframework.security.web.ObservationFilterChainDecorator$ObservationFilter.wrapFilter(ObservationFilterChainDecorator.java:240)
	at org.springframework.security.web.ObservationFilterChainDecorator$ObservationFilter.doFilter(ObservationFilterChainDecorator.java:227)
	at org.springframework.security.web.ObservationFilterChainDecorator$VirtualFilterChain.doFilter(ObservationFilterChainDecorator.java:137)
	at org.springframework.security.web.csrf.CsrfFilter.doFilterInternal(CsrfFilter.java:117)
	at org.springframework.web.filter.OncePerRequestFilter.doFilter(OncePerRequestFilter.java:116)
	at org.springframework.security.web.ObservationFilterChainDecorator$ObservationFilter.wrapFilter(ObservationFilterChainDecorator.java:240)
	at org.springframework.security.web.ObservationFilterChainDecorator$ObservationFilter.doFilter(ObservationFilterChainDecorator.java:227)
	at org.springframework.security.web.ObservationFilterChainDecorator$VirtualFilterChain.doFilter(ObservationFilterChainDecorator.java:137)
	at org.springframework.web.filter.CorsFilter.doFilterInternal(CorsFilter.java:91)
	at org.springframework.web.filter.OncePerRequestFilter.doFilter(OncePerRequestFilter.java:116)
	at org.springframework.security.web.ObservationFilterChainDecorator$ObservationFilter.wrapFilter(ObservationFilterChainDecorator.java:240)
	at org.springframework.security.web.ObservationFilterChainDecorator$ObservationFilter.doFilter(ObservationFilterChainDecorator.java:227)
	at org.springframework.security.web.ObservationFilterChainDecorator$VirtualFilterChain.doFilter(ObservationFilterChainDecorator.java:137)
	at org.springframework.security.web.header.HeaderWriterFilter.doHeadersAfter(HeaderWriterFilter.java:90)
	at org.springframework.security.web.header.HeaderWriterFilter.doFilterInternal(HeaderWriterFilter.java:75)
	at org.springframework.web.filter.OncePerRequestFilter.doFilter(OncePerRequestFilter.java:116)
	at org.springframework.security.web.ObservationFilterChainDecorator$ObservationFilter.wrapFilter(ObservationFilterChainDecorator.java:240)
	at org.springframework.security.web.ObservationFilterChainDecorator$ObservationFilter.doFilter(ObservationFilterChainDecorator.java:227)
	at org.springframework.security.web.ObservationFilterChainDecorator$VirtualFilterChain.doFilter(ObservationFilterChainDecorator.java:137)
	at org.springframework.security.web.context.SecurityContextHolderFilter.doFilter(SecurityContextHolderFilter.java:82)
	at org.springframework.security.web.context.SecurityContextHolderFilter.doFilter(SecurityContextHolderFilter.java:69)
	at org.springframework.security.web.ObservationFilterChainDecorator$ObservationFilter.wrapFilter(ObservationFilterChainDecorator.java:240)
	at org.springframework.security.web.ObservationFilterChainDecorator$ObservationFilter.doFilter(ObservationFilterChainDecorator.java:227)
	at org.springframework.security.web.ObservationFilterChainDecorator$VirtualFilterChain.doFilter(ObservationFilterChainDecorator.java:137)
	at org.springframework.security.web.context.request.async.WebAsyncManagerIntegrationFilter.doFilterInternal(WebAsyncManagerIntegrationFilter.java:62)
	at org.springframework.web.filter.OncePerRequestFilter.doFilter(OncePerRequestFilter.java:116)
	at org.springframework.security.web.ObservationFilterChainDecorator$ObservationFilter.wrapFilter(ObservationFilterChainDecorator.java:240)
	at org.springframework.security.web.ObservationFilterChainDecorator$ObservationFilter.doFilter(ObservationFilterChainDecorator.java:227)
	at org.springframework.security.web.ObservationFilterChainDecorator$VirtualFilterChain.doFilter(ObservationFilterChainDecorator.java:137)
	at org.springframework.security.web.session.DisableEncodeUrlFilter.doFilterInternal(DisableEncodeUrlFilter.java:42)
	at org.springframework.web.filter.OncePerRequestFilter.doFilter(OncePerRequestFilter.java:116)
	at org.springframework.security.web.ObservationFilterChainDecorator$ObservationFilter.wrapFilter(ObservationFilterChainDecorator.java:240)
	at org.springframework.security.web.ObservationFilterChainDecorator$AroundFilterObservation$SimpleAroundFilterObservation.lambda$wrap$0(ObservationFilterChainDecorator.java:323)
	at org.springframework.security.web.ObservationFilterChainDecorator$ObservationFilter.doFilter(ObservationFilterChainDecorator.java:224)
	at org.springframework.security.web.ObservationFilterChainDecorator$VirtualFilterChain.doFilter(ObservationFilterChainDecorator.java:137)
	at org.springframework.security.web.FilterChainProxy.doFilterInternal(FilterChainProxy.java:233)
	at org.springframework.security.web.FilterChainProxy.doFilter(FilterChainProxy.java:191)
	at org.springframework.web.filter.DelegatingFilterProxy.invokeDelegate(DelegatingFilterProxy.java:352)
	at org.springframework.web.filter.DelegatingFilterProxy.doFilter(DelegatingFilterProxy.java:268)
	at org.apache.catalina.core.ApplicationFilterChain.internalDoFilter(ApplicationFilterChain.java:174)
	at org.apache.catalina.core.ApplicationFilterChain.doFilter(ApplicationFilterChain.java:149)
	at org.springframework.web.filter.RequestContextFilter.doFilterInternal(RequestContextFilter.java:100)
	at org.springframework.web.filter.OncePerRequestFilter.doFilter(OncePerRequestFilter.java:116)
	at org.apache.catalina.core.ApplicationFilterChain.internalDoFilter(ApplicationFilterChain.java:174)
	at org.apache.catalina.core.ApplicationFilterChain.doFilter(ApplicationFilterChain.java:149)
	at org.springframework.web.filter.FormContentFilter.doFilterInternal(FormContentFilter.java:93)
	at org.springframework.web.filter.OncePerRequestFilter.doFilter(OncePerRequestFilter.java:116)
	at org.apache.catalina.core.ApplicationFilterChain.internalDoFilter(ApplicationFilterChain.java:174)
	at org.apache.catalina.core.ApplicationFilterChain.doFilter(ApplicationFilterChain.java:149)
	at com.messenger.security.RateLimitingFilter.doFilterInternal(RateLimitingFilter.java:70)
	at org.springframework.web.filter.OncePerRequestFilter.doFilter(OncePerRequestFilter.java:116)
	at org.apache.catalina.core.ApplicationFilterChain.internalDoFilter(ApplicationFilterChain.java:174)
	at org.apache.catalina.core.ApplicationFilterChain.doFilter(ApplicationFilterChain.java:149)
	at org.springframework.web.filter.ServerHttpObservationFilter.doFilterInternal(ServerHttpObservationFilter.java:109)
	at org.springframework.web.filter.OncePerRequestFilter.doFilter(OncePerRequestFilter.java:116)
	at org.apache.catalina.core.ApplicationFilterChain.internalDoFilter(ApplicationFilterChain.java:174)
	at org.apache.catalina.core.ApplicationFilterChain.doFilter(ApplicationFilterChain.java:149)
	at org.springframework.web.filter.CharacterEncodingFilter.doFilterInternal(CharacterEncodingFilter.java:201)
	at org.springframework.web.filter.OncePerRequestFilter.doFilter(OncePerRequestFilter.java:116)
	at org.apache.catalina.core.ApplicationFilterChain.internalDoFilter(ApplicationFilterChain.java:174)
	at org.apache.catalina.core.ApplicationFilterChain.doFilter(ApplicationFilterChain.java:149)
	at com.messenger.logging.MDCLoggingFilter.doFilterInternal(MDCLoggingFilter.java:56)
	at org.springframework.web.filter.OncePerRequestFilter.doFilter(OncePerRequestFilter.java:116)
	at org.apache.catalina.core.ApplicationFilterChain.internalDoFilter(ApplicationFilterChain.java:174)
	at org.apache.catalina.core.ApplicationFilterChain.doFilter(ApplicationFilterChain.java:149)
	at com.messenger.config.Utf8EncodingFilter.doFilter(Utf8EncodingFilter.java:53)
	at org.apache.catalina.core.ApplicationFilterChain.internalDoFilter(ApplicationFilterChain.java:174)
	at org.apache.catalina.core.ApplicationFilterChain.doFilter(ApplicationFilterChain.java:149)
	at org.apache.catalina.core.StandardWrapperValve.invoke(StandardWrapperValve.java:167)
	at org.apache.catalina.core.StandardContextValve.invoke(StandardContextValve.java:90)
	at org.apache.catalina.authenticator.AuthenticatorBase.invoke(AuthenticatorBase.java:482)
	at org.apache.catalina.core.StandardHostValve.invoke(StandardHostValve.java:115)
	at org.apache.catalina.valves.ErrorReportValve.invoke(ErrorReportValve.java:93)
	at org.apache.catalina.core.StandardEngineValve.invoke(StandardEngineValve.java:74)
	at org.apache.catalina.connector.CoyoteAdapter.service(CoyoteAdapter.java:340)
	at org.apache.coyote.http11.Http11Processor.service(Http11Processor.java:391)
	at org.apache.coyote.AbstractProcessorLight.process(AbstractProcessorLight.java:63)
	at org.apache.coyote.AbstractProtocol$ConnectionHandler.process(AbstractProtocol.java:896)
	at org.apache.tomcat.util.net.NioEndpoint$SocketProcessor.doRun(NioEndpoint.java:1744)
	at org.apache.tomcat.util.net.SocketProcessorBase.run(SocketProcessorBase.java:52)
	at org.apache.tomcat.util.threads.ThreadPoolExecutor.runWorker(ThreadPoolExecutor.java:1191)
	at org.apache.tomcat.util.threads.ThreadPoolExecutor$Worker.run(ThreadPoolExecutor.java:659)
	at org.apache.tomcat.util.threads.TaskThread$WrappingRunnable.run(TaskThread.java:61)
	at java.base/java.lang.Thread.run(Unknown Source)
2026-03-18 21:55:21.743 [http-nio-0.0.0.0-8080-exec-2] WARN  [47127f18-1b01-41ae-97a7-e65fd03cb14c] [anonymous] c.m.exception.GlobalExceptionHandler - Authentication failed: Bad credentials
2026-03-18 21:55:25.326 [MessageBroker-1] INFO  [] [] com.messenger.service.DeviceService - Cleaned up 0 stale devices
2026-03-18 21:55:35.320 [MessageBroker-1] INFO  [] [] com.messenger.service.DeviceService - Cleaned up 0 stale devices
2026-03-18 21:55:45.320 [MessageBroker-4] INFO  [] [] com.messenger.service.DeviceService - Cleaned up 0 stale devices
2026-03-18 21:55:51.864 [http-nio-0.0.0.0-8080-exec-8] INFO  [d87b8f53-e90d-4166-8fb4-0f292bde55ed] [anonymous] c.m.controller.AuthController - Registration attempt for user: curluser20837
2026-03-18 21:55:52.140 [http-nio-0.0.0.0-8080-exec-8] INFO  [d87b8f53-e90d-4166-8fb4-0f292bde55ed] [anonymous] com.messenger.service.AuthService - Private key encrypted with PBKDF2-derived AES key for user: curluser20837
2026-03-18 21:55:52.375 [http-nio-0.0.0.0-8080-exec-8] INFO  [d87b8f53-e90d-4166-8fb4-0f292bde55ed] [anonymous] com.messenger.service.AuthService - User registered successfully: curluser20837
2026-03-18 21:55:52.676 [http-nio-0.0.0.0-8080-exec-8] INFO  [d87b8f53-e90d-4166-8fb4-0f292bde55ed] [anonymous] com.messenger.service.AuthService - User curluser20837 logged in successfully (device: null)
2026-03-18 21:55:55.320 [MessageBroker-4] INFO  [] [] com.messenger.service.DeviceService - Cleaned up 0 stale devices
2026-03-18 21:56:05.317 [MessageBroker-4] INFO  [] [] com.messenger.service.DeviceService - Cleaned up 0 stale devices
2026-03-18 21:56:05.348 [http-nio-0.0.0.0-8080-exec-7] INFO  [0fc9629a-4dd4-4058-a2da-85106dd20b85] [anonymous] c.m.controller.AuthController - Registration attempt for user: curluser67800
2026-03-18 21:56:05.558 [http-nio-0.0.0.0-8080-exec-7] INFO  [0fc9629a-4dd4-4058-a2da-85106dd20b85] [anonymous] com.messenger.service.AuthService - Private key encrypted with PBKDF2-derived AES key for user: curluser67800
2026-03-18 21:56:05.754 [http-nio-0.0.0.0-8080-exec-7] INFO  [0fc9629a-4dd4-4058-a2da-85106dd20b85] [anonymous] com.messenger.service.AuthService - User registered successfully: curluser67800
2026-03-18 21:56:05.939 [http-nio-0.0.0.0-8080-exec-7] INFO  [0fc9629a-4dd4-4058-a2da-85106dd20b85] [anonymous] com.messenger.service.AuthService - User curluser67800 logged in successfully (device: null)
2026-03-18 21:56:15.317 [MessageBroker-7] INFO  [] [] com.messenger.service.DeviceService - Cleaned up 0 stale devices
2026-03-18 21:56:25.317 [MessageBroker-7] INFO  [] [] com.messenger.service.DeviceService - Cleaned up 0 stale devices
2026-03-18 21:56:25.323 [MessageBroker-4] INFO  [] [] c.m.service.PresenceScheduler - Presence stats - ONLINE: 0, AWAY: 0, BUSY: 0, OFFLINE: 0
2026-03-18 21:56:28.979 [http-nio-0.0.0.0-8080-exec-2] INFO  [6f282b59-ad87-4550-8237-c911b8cd4c36] [anonymous] c.m.controller.AuthController - Registration attempt for user: curlu15675
2026-03-18 21:56:29.571 [http-nio-0.0.0.0-8080-exec-2] INFO  [6f282b59-ad87-4550-8237-c911b8cd4c36] [anonymous] com.messenger.service.AuthService - Private key encrypted with PBKDF2-derived AES key for user: curlu15675
2026-03-18 21:56:29.880 [http-nio-0.0.0.0-8080-exec-2] INFO  [6f282b59-ad87-4550-8237-c911b8cd4c36] [anonymous] com.messenger.service.AuthService - User registered successfully: curlu15675
2026-03-18 21:56:30.139 [http-nio-0.0.0.0-8080-exec-2] INFO  [6f282b59-ad87-4550-8237-c911b8cd4c36] [anonymous] com.messenger.service.AuthService - User curlu15675 logged in successfully (device: null)
2026-03-18 21:56:30.222 [http-nio-0.0.0.0-8080-exec-5] WARN  [22df187b-a2f9-4c32-af7d-1c658582f5bc] [anonymous] c.m.filter.AuthRateLimitFilter - Rate limit exceeded for ratelimit:register:172.18.0.1: 4 attempts in 22 seconds
2026-03-18 21:56:30.241 [http-nio-0.0.0.0-8080-exec-5] WARN  [22df187b-a2f9-4c32-af7d-1c658582f5bc] [anonymous] c.m.filter.AuthRateLimitFilter - Rate limit response sent: retry after 60 seconds
2026-03-18 21:56:30.317 [http-nio-0.0.0.0-8080-exec-6] ERROR [82f86ef6-428c-4698-9f59-58f505c6e81c] [anonymous] c.m.exception.GlobalExceptionHandler - Unexpected error: 
org.springframework.web.servlet.resource.NoResourceFoundException: No static resource api/chats/personal.
	at org.springframework.web.servlet.resource.ResourceHttpRequestHandler.handleRequest(ResourceHttpRequestHandler.java:585)
	at org.springframework.web.servlet.mvc.HttpRequestHandlerAdapter.handle(HttpRequestHandlerAdapter.java:52)
	at org.springframework.web.servlet.DispatcherServlet.doDispatch(DispatcherServlet.java:1089)
	at org.springframework.web.servlet.DispatcherServlet.doService(DispatcherServlet.java:979)
	at org.springframework.web.servlet.FrameworkServlet.processRequest(FrameworkServlet.java:1014)
	at org.springframework.web.servlet.FrameworkServlet.doPost(FrameworkServlet.java:914)
	at jakarta.servlet.http.HttpServlet.service(HttpServlet.java:590)
	at org.springframework.web.servlet.FrameworkServlet.service(FrameworkServlet.java:885)
	at jakarta.servlet.http.HttpServlet.service(HttpServlet.java:658)
	at org.apache.catalina.core.ApplicationFilterChain.internalDoFilter(ApplicationFilterChain.java:205)
	at org.apache.catalina.core.ApplicationFilterChain.doFilter(ApplicationFilterChain.java:149)
	at org.apache.tomcat.websocket.server.WsFilter.doFilter(WsFilter.java:51)
	at org.apache.catalina.core.ApplicationFilterChain.internalDoFilter(ApplicationFilterChain.java:174)
	at org.apache.catalina.core.ApplicationFilterChain.doFilter(ApplicationFilterChain.java:149)
	at org.springframework.web.filter.OncePerRequestFilter.doFilter(OncePerRequestFilter.java:110)
	at org.apache.catalina.core.ApplicationFilterChain.internalDoFilter(ApplicationFilterChain.java:174)
	at org.apache.catalina.core.ApplicationFilterChain.doFilter(ApplicationFilterChain.java:149)
	at com.messenger.filter.AuthRateLimitFilter.doFilterInternal(AuthRateLimitFilter.java:80)
	at org.springframework.web.filter.OncePerRequestFilter.doFilter(OncePerRequestFilter.java:116)
	at org.apache.catalina.core.ApplicationFilterChain.internalDoFilter(ApplicationFilterChain.java:174)
	at org.apache.catalina.core.ApplicationFilterChain.doFilter(ApplicationFilterChain.java:149)
	at org.springframework.security.web.FilterChainProxy.lambda$doFilterInternal$3(FilterChainProxy.java:231)
	at org.springframework.security.web.ObservationFilterChainDecorator$FilterObservation$SimpleFilterObservation.lambda$wrap$1(ObservationFilterChainDecorator.java:479)
	at org.springframework.security.web.ObservationFilterChainDecorator$AroundFilterObservation$SimpleAroundFilterObservation.lambda$wrap$1(ObservationFilterChainDecorator.java:340)
	at org.springframework.security.web.ObservationFilterChainDecorator.lambda$wrapSecured$0(ObservationFilterChainDecorator.java:82)
	at org.springframework.security.web.ObservationFilterChainDecorator$VirtualFilterChain.doFilter(ObservationFilterChainDecorator.java:128)
	at org.springframework.security.web.access.intercept.AuthorizationFilter.doFilter(AuthorizationFilter.java:100)
	at org.springframework.security.web.ObservationFilterChainDecorator$ObservationFilter.wrapFilter(ObservationFilterChainDecorator.java:240)
	at org.springframework.security.web.ObservationFilterChainDecorator$ObservationFilter.doFilter(ObservationFilterChainDecorator.java:227)
	at org.springframework.security.web.ObservationFilterChainDecorator$VirtualFilterChain.doFilter(ObservationFilterChainDecorator.java:137)
	at org.springframework.security.web.access.ExceptionTranslationFilter.doFilter(ExceptionTranslationFilter.java:126)
	at org.springframework.security.web.access.ExceptionTranslationFilter.doFilter(ExceptionTranslationFilter.java:120)
	at org.springframework.security.web.ObservationFilterChainDecorator$ObservationFilter.wrapFilter(ObservationFilterChainDecorator.java:240)
	at org.springframework.security.web.ObservationFilterChainDecorator$ObservationFilter.doFilter(ObservationFilterChainDecorator.java:227)
	at org.springframework.security.web.ObservationFilterChainDecorator$VirtualFilterChain.doFilter(ObservationFilterChainDecorator.java:137)
	at org.springframework.security.web.session.SessionManagementFilter.doFilter(SessionManagementFilter.java:131)
	at org.springframework.security.web.session.SessionManagementFilter.doFilter(SessionManagementFilter.java:85)
	at org.springframework.security.web.ObservationFilterChainDecorator$ObservationFilter.wrapFilter(ObservationFilterChainDecorator.java:240)
	at org.springframework.security.web.ObservationFilterChainDecorator$ObservationFilter.doFilter(ObservationFilterChainDecorator.java:227)
	at org.springframework.security.web.ObservationFilterChainDecorator$VirtualFilterChain.doFilter(ObservationFilterChainDecorator.java:137)
	at org.springframework.security.web.authentication.AnonymousAuthenticationFilter.doFilter(AnonymousAuthenticationFilter.java:100)
	at org.springframework.security.web.ObservationFilterChainDecorator$ObservationFilter.wrapFilter(ObservationFilterChainDecorator.java:240)
	at org.springframework.security.web.ObservationFilterChainDecorator$ObservationFilter.doFilter(ObservationFilterChainDecorator.java:227)
	at org.springframework.security.web.ObservationFilterChainDecorator$VirtualFilterChain.doFilter(ObservationFilterChainDecorator.java:137)
	at org.springframework.security.web.servletapi.SecurityContextHolderAwareRequestFilter.doFilter(SecurityContextHolderAwareRequestFilter.java:179)
	at org.springframework.security.web.ObservationFilterChainDecorator$ObservationFilter.wrapFilter(ObservationFilterChainDecorator.java:240)
	at org.springframework.security.web.ObservationFilterChainDecorator$ObservationFilter.doFilter(ObservationFilterChainDecorator.java:227)
	at org.springframework.security.web.ObservationFilterChainDecorator$VirtualFilterChain.doFilter(ObservationFilterChainDecorator.java:137)
	at org.springframework.security.web.savedrequest.RequestCacheAwareFilter.doFilter(RequestCacheAwareFilter.java:63)
	at org.springframework.security.web.ObservationFilterChainDecorator$ObservationFilter.wrapFilter(ObservationFilterChainDecorator.java:240)
	at org.springframework.security.web.ObservationFilterChainDecorator$ObservationFilter.doFilter(ObservationFilterChainDecorator.java:227)
	at org.springframework.security.web.ObservationFilterChainDecorator$VirtualFilterChain.doFilter(ObservationFilterChainDecorator.java:137)
	at com.messenger.security.JwtAuthenticationFilter.doFilterInternal(JwtAuthenticationFilter.java:74)
	at org.springframework.web.filter.OncePerRequestFilter.doFilter(OncePerRequestFilter.java:116)
	at org.springframework.security.web.ObservationFilterChainDecorator$ObservationFilter.wrapFilter(ObservationFilterChainDecorator.java:240)
	at org.springframework.security.web.ObservationFilterChainDecorator$ObservationFilter.doFilter(ObservationFilterChainDecorator.java:227)
	at org.springframework.security.web.ObservationFilterChainDecorator$VirtualFilterChain.doFilter(ObservationFilterChainDecorator.java:137)
	at org.springframework.security.web.authentication.logout.LogoutFilter.doFilter(LogoutFilter.java:107)
	at org.springframework.security.web.authentication.logout.LogoutFilter.doFilter(LogoutFilter.java:93)
	at org.springframework.security.web.ObservationFilterChainDecorator$ObservationFilter.wrapFilter(ObservationFilterChainDecorator.java:240)
	at org.springframework.security.web.ObservationFilterChainDecorator$ObservationFilter.doFilter(ObservationFilterChainDecorator.java:227)
	at org.springframework.security.web.ObservationFilterChainDecorator$VirtualFilterChain.doFilter(ObservationFilterChainDecorator.java:137)
	at org.springframework.security.web.csrf.CsrfFilter.doFilterInternal(CsrfFilter.java:117)
	at org.springframework.web.filter.OncePerRequestFilter.doFilter(OncePerRequestFilter.java:116)
	at org.springframework.security.web.ObservationFilterChainDecorator$ObservationFilter.wrapFilter(ObservationFilterChainDecorator.java:240)
	at org.springframework.security.web.ObservationFilterChainDecorator$ObservationFilter.doFilter(ObservationFilterChainDecorator.java:227)
	at org.springframework.security.web.ObservationFilterChainDecorator$VirtualFilterChain.doFilter(ObservationFilterChainDecorator.java:137)
	at org.springframework.web.filter.CorsFilter.doFilterInternal(CorsFilter.java:91)
	at org.springframework.web.filter.OncePerRequestFilter.doFilter(OncePerRequestFilter.java:116)
	at org.springframework.security.web.ObservationFilterChainDecorator$ObservationFilter.wrapFilter(ObservationFilterChainDecorator.java:240)
	at org.springframework.security.web.ObservationFilterChainDecorator$ObservationFilter.doFilter(ObservationFilterChainDecorator.java:227)
	at org.springframework.security.web.ObservationFilterChainDecorator$VirtualFilterChain.doFilter(ObservationFilterChainDecorator.java:137)
	at org.springframework.security.web.header.HeaderWriterFilter.doHeadersAfter(HeaderWriterFilter.java:90)
	at org.springframework.security.web.header.HeaderWriterFilter.doFilterInternal(HeaderWriterFilter.java:75)
	at org.springframework.web.filter.OncePerRequestFilter.doFilter(OncePerRequestFilter.java:116)
	at org.springframework.security.web.ObservationFilterChainDecorator$ObservationFilter.wrapFilter(ObservationFilterChainDecorator.java:240)
	at org.springframework.security.web.ObservationFilterChainDecorator$ObservationFilter.doFilter(ObservationFilterChainDecorator.java:227)
	at org.springframework.security.web.ObservationFilterChainDecorator$VirtualFilterChain.doFilter(ObservationFilterChainDecorator.java:137)
	at org.springframework.security.web.context.SecurityContextHolderFilter.doFilter(SecurityContextHolderFilter.java:82)
	at org.springframework.security.web.context.SecurityContextHolderFilter.doFilter(SecurityContextHolderFilter.java:69)
	at org.springframework.security.web.ObservationFilterChainDecorator$ObservationFilter.wrapFilter(ObservationFilterChainDecorator.java:240)
	at org.springframework.security.web.ObservationFilterChainDecorator$ObservationFilter.doFilter(ObservationFilterChainDecorator.java:227)
	at org.springframework.security.web.ObservationFilterChainDecorator$VirtualFilterChain.doFilter(ObservationFilterChainDecorator.java:137)
	at org.springframework.security.web.context.request.async.WebAsyncManagerIntegrationFilter.doFilterInternal(WebAsyncManagerIntegrationFilter.java:62)
	at org.springframework.web.filter.OncePerRequestFilter.doFilter(OncePerRequestFilter.java:116)
	at org.springframework.security.web.ObservationFilterChainDecorator$ObservationFilter.wrapFilter(ObservationFilterChainDecorator.java:240)
	at org.springframework.security.web.ObservationFilterChainDecorator$ObservationFilter.doFilter(ObservationFilterChainDecorator.java:227)
	at org.springframework.security.web.ObservationFilterChainDecorator$VirtualFilterChain.doFilter(ObservationFilterChainDecorator.java:137)
	at org.springframework.security.web.session.DisableEncodeUrlFilter.doFilterInternal(DisableEncodeUrlFilter.java:42)
	at org.springframework.web.filter.OncePerRequestFilter.doFilter(OncePerRequestFilter.java:116)
	at org.springframework.security.web.ObservationFilterChainDecorator$ObservationFilter.wrapFilter(ObservationFilterChainDecorator.java:240)
	at org.springframework.security.web.ObservationFilterChainDecorator$AroundFilterObservation$SimpleAroundFilterObservation.lambda$wrap$0(ObservationFilterChainDecorator.java:323)
	at org.springframework.security.web.ObservationFilterChainDecorator$ObservationFilter.doFilter(ObservationFilterChainDecorator.java:224)
	at org.springframework.security.web.ObservationFilterChainDecorator$VirtualFilterChain.doFilter(ObservationFilterChainDecorator.java:137)
	at org.springframework.security.web.FilterChainProxy.doFilterInternal(FilterChainProxy.java:233)
	at org.springframework.security.web.FilterChainProxy.doFilter(FilterChainProxy.java:191)
	at org.springframework.web.filter.DelegatingFilterProxy.invokeDelegate(DelegatingFilterProxy.java:352)
	at org.springframework.web.filter.DelegatingFilterProxy.doFilter(DelegatingFilterProxy.java:268)
	at org.apache.catalina.core.ApplicationFilterChain.internalDoFilter(ApplicationFilterChain.java:174)
	at org.apache.catalina.core.ApplicationFilterChain.doFilter(ApplicationFilterChain.java:149)
	at org.springframework.web.filter.RequestContextFilter.doFilterInternal(RequestContextFilter.java:100)
	at org.springframework.web.filter.OncePerRequestFilter.doFilter(OncePerRequestFilter.java:116)
	at org.apache.catalina.core.ApplicationFilterChain.internalDoFilter(ApplicationFilterChain.java:174)
	at org.apache.catalina.core.ApplicationFilterChain.doFilter(ApplicationFilterChain.java:149)
	at org.springframework.web.filter.FormContentFilter.doFilterInternal(FormContentFilter.java:93)
	at org.springframework.web.filter.OncePerRequestFilter.doFilter(OncePerRequestFilter.java:116)
	at org.apache.catalina.core.ApplicationFilterChain.internalDoFilter(ApplicationFilterChain.java:174)
	at org.apache.catalina.core.ApplicationFilterChain.doFilter(ApplicationFilterChain.java:149)
	at com.messenger.security.RateLimitingFilter.doFilterInternal(RateLimitingFilter.java:70)
	at org.springframework.web.filter.OncePerRequestFilter.doFilter(OncePerRequestFilter.java:116)
	at org.apache.catalina.core.ApplicationFilterChain.internalDoFilter(ApplicationFilterChain.java:174)
	at org.apache.catalina.core.ApplicationFilterChain.doFilter(ApplicationFilterChain.java:149)
	at org.springframework.web.filter.ServerHttpObservationFilter.doFilterInternal(ServerHttpObservationFilter.java:109)
	at org.springframework.web.filter.OncePerRequestFilter.doFilter(OncePerRequestFilter.java:116)
	at org.apache.catalina.core.ApplicationFilterChain.internalDoFilter(ApplicationFilterChain.java:174)
	at org.apache.catalina.core.ApplicationFilterChain.doFilter(ApplicationFilterChain.java:149)
	at org.springframework.web.filter.CharacterEncodingFilter.doFilterInternal(CharacterEncodingFilter.java:201)
	at org.springframework.web.filter.OncePerRequestFilter.doFilter(OncePerRequestFilter.java:116)
	at org.apache.catalina.core.ApplicationFilterChain.internalDoFilter(ApplicationFilterChain.java:174)
	at org.apache.catalina.core.ApplicationFilterChain.doFilter(ApplicationFilterChain.java:149)
	at com.messenger.logging.MDCLoggingFilter.doFilterInternal(MDCLoggingFilter.java:56)
	at org.springframework.web.filter.OncePerRequestFilter.doFilter(OncePerRequestFilter.java:116)
	at org.apache.catalina.core.ApplicationFilterChain.internalDoFilter(ApplicationFilterChain.java:174)
	at org.apache.catalina.core.ApplicationFilterChain.doFilter(ApplicationFilterChain.java:149)
	at com.messenger.config.Utf8EncodingFilter.doFilter(Utf8EncodingFilter.java:53)
	at org.apache.catalina.core.ApplicationFilterChain.internalDoFilter(ApplicationFilterChain.java:174)
	at org.apache.catalina.core.ApplicationFilterChain.doFilter(ApplicationFilterChain.java:149)
	at org.apache.catalina.core.StandardWrapperValve.invoke(StandardWrapperValve.java:167)
	at org.apache.catalina.core.StandardContextValve.invoke(StandardContextValve.java:90)
	at org.apache.catalina.authenticator.AuthenticatorBase.invoke(AuthenticatorBase.java:482)
	at org.apache.catalina.core.StandardHostValve.invoke(StandardHostValve.java:115)
	at org.apache.catalina.valves.ErrorReportValve.invoke(ErrorReportValve.java:93)
	at org.apache.catalina.core.StandardEngineValve.invoke(StandardEngineValve.java:74)
	at org.apache.catalina.connector.CoyoteAdapter.service(CoyoteAdapter.java:340)
	at org.apache.coyote.http11.Http11Processor.service(Http11Processor.java:391)
	at org.apache.coyote.AbstractProcessorLight.process(AbstractProcessorLight.java:63)
	at org.apache.coyote.AbstractProtocol$ConnectionHandler.process(AbstractProtocol.java:896)
	at org.apache.tomcat.util.net.NioEndpoint$SocketProcessor.doRun(NioEndpoint.java:1744)
	at org.apache.tomcat.util.net.SocketProcessorBase.run(SocketProcessorBase.java:52)
	at org.apache.tomcat.util.threads.ThreadPoolExecutor.runWorker(ThreadPoolExecutor.java:1191)
	at org.apache.tomcat.util.threads.ThreadPoolExecutor$Worker.run(ThreadPoolExecutor.java:659)
	at org.apache.tomcat.util.threads.TaskThread$WrappingRunnable.run(TaskThread.java:61)
	at java.base/java.lang.Thread.run(Unknown Source)
2026-03-18 21:56:30.459 [http-nio-0.0.0.0-8080-exec-10] ERROR [1361f000-5c85-4a60-8a28-c2c9eb79a23b] [anonymous] com.messenger.logging.LoggingAspect - [ERROR] User: curlu15675 | MessageController.sendMessage() threw exception: chatId is required
java.lang.IllegalArgumentException: chatId is required
	at com.messenger.controller.MessageController.sendMessage(MessageController.java:36)
	at java.base/jdk.internal.reflect.NativeMethodAccessorImpl.invoke0(Native Method)
	at java.base/jdk.internal.reflect.NativeMethodAccessorImpl.invoke(Unknown Source)
	at java.base/jdk.internal.reflect.DelegatingMethodAccessorImpl.invoke(Unknown Source)
	at java.base/java.lang.reflect.Method.invoke(Unknown Source)
	at org.springframework.aop.support.AopUtils.invokeJoinpointUsingReflection(AopUtils.java:352)
	at org.springframework.aop.framework.ReflectiveMethodInvocation.invokeJoinpoint(ReflectiveMethodInvocation.java:196)
	at org.springframework.aop.framework.ReflectiveMethodInvocation.proceed(ReflectiveMethodInvocation.java:163)
	at org.springframework.aop.framework.CglibAopProxy$CglibMethodInvocation.proceed(CglibAopProxy.java:765)
	at org.springframework.aop.aspectj.AspectJAfterThrowingAdvice.invoke(AspectJAfterThrowingAdvice.java:64)
	at org.springframework.aop.framework.ReflectiveMethodInvocation.proceed(ReflectiveMethodInvocation.java:184)
	at org.springframework.aop.framework.CglibAopProxy$CglibMethodInvocation.proceed(CglibAopProxy.java:765)
	at org.springframework.aop.framework.adapter.AfterReturningAdviceInterceptor.invoke(AfterReturningAdviceInterceptor.java:57)
	at org.springframework.aop.framework.ReflectiveMethodInvocation.proceed(ReflectiveMethodInvocation.java:184)
	at org.springframework.aop.framework.CglibAopProxy$CglibMethodInvocation.proceed(CglibAopProxy.java:765)
	at org.springframework.aop.framework.adapter.MethodBeforeAdviceInterceptor.invoke(MethodBeforeAdviceInterceptor.java:58)
	at org.springframework.aop.framework.ReflectiveMethodInvocation.proceed(ReflectiveMethodInvocation.java:184)
	at org.springframework.aop.framework.CglibAopProxy$CglibMethodInvocation.proceed(CglibAopProxy.java:765)
	at org.springframework.aop.interceptor.ExposeInvocationInterceptor.invoke(ExposeInvocationInterceptor.java:97)
	at org.springframework.aop.framework.ReflectiveMethodInvocation.proceed(ReflectiveMethodInvocation.java:184)
	at org.springframework.aop.framework.CglibAopProxy$CglibMethodInvocation.proceed(CglibAopProxy.java:765)
	at org.springframework.aop.framework.CglibAopProxy$DynamicAdvisedInterceptor.intercept(CglibAopProxy.java:717)
	at com.messenger.controller.MessageController$$SpringCGLIB$$0.sendMessage(<generated>)
	at java.base/jdk.internal.reflect.NativeMethodAccessorImpl.invoke0(Native Method)
	at java.base/jdk.internal.reflect.NativeMethodAccessorImpl.invoke(Unknown Source)
	at java.base/jdk.internal.reflect.DelegatingMethodAccessorImpl.invoke(Unknown Source)
	at java.base/java.lang.reflect.Method.invoke(Unknown Source)
	at org.springframework.web.method.support.InvocableHandlerMethod.doInvoke(InvocableHandlerMethod.java:254)
	at org.springframework.web.method.support.InvocableHandlerMethod.invokeForRequest(InvocableHandlerMethod.java:182)
	at org.springframework.web.servlet.mvc.method.annotation.ServletInvocableHandlerMethod.invokeAndHandle(ServletInvocableHandlerMethod.java:118)
	at org.springframework.web.servlet.mvc.method.annotation.RequestMappingHandlerAdapter.invokeHandlerMethod(RequestMappingHandlerAdapter.java:917)
	at org.springframework.web.servlet.mvc.method.annotation.RequestMappingHandlerAdapter.handleInternal(RequestMappingHandlerAdapter.java:829)
	at org.springframework.web.servlet.mvc.method.AbstractHandlerMethodAdapter.handle(AbstractHandlerMethodAdapter.java:87)
	at org.springframework.web.servlet.DispatcherServlet.doDispatch(DispatcherServlet.java:1089)
	at org.springframework.web.servlet.DispatcherServlet.doService(DispatcherServlet.java:979)
	at org.springframework.web.servlet.FrameworkServlet.processRequest(FrameworkServlet.java:1014)
	at org.springframework.web.servlet.FrameworkServlet.doPost(FrameworkServlet.java:914)
	at jakarta.servlet.http.HttpServlet.service(HttpServlet.java:590)
	at org.springframework.web.servlet.FrameworkServlet.service(FrameworkServlet.java:885)
	at jakarta.servlet.http.HttpServlet.service(HttpServlet.java:658)
	at org.apache.catalina.core.ApplicationFilterChain.internalDoFilter(ApplicationFilterChain.java:205)
	at org.apache.catalina.core.ApplicationFilterChain.doFilter(ApplicationFilterChain.java:149)
	at org.apache.tomcat.websocket.server.WsFilter.doFilter(WsFilter.java:51)
	at org.apache.catalina.core.ApplicationFilterChain.internalDoFilter(ApplicationFilterChain.java:174)
	at org.apache.catalina.core.ApplicationFilterChain.doFilter(ApplicationFilterChain.java:149)
	at org.springframework.web.filter.OncePerRequestFilter.doFilter(OncePerRequestFilter.java:110)
	at org.apache.catalina.core.ApplicationFilterChain.internalDoFilter(ApplicationFilterChain.java:174)
	at org.apache.catalina.core.ApplicationFilterChain.doFilter(ApplicationFilterChain.java:149)
	at com.messenger.filter.AuthRateLimitFilter.doFilterInternal(AuthRateLimitFilter.java:80)
	at org.springframework.web.filter.OncePerRequestFilter.doFilter(OncePerRequestFilter.java:116)
	at org.apache.catalina.core.ApplicationFilterChain.internalDoFilter(ApplicationFilterChain.java:174)
	at org.apache.catalina.core.ApplicationFilterChain.doFilter(ApplicationFilterChain.java:149)
	at org.springframework.security.web.FilterChainProxy.lambda$doFilterInternal$3(FilterChainProxy.java:231)
	at org.springframework.security.web.ObservationFilterChainDecorator$FilterObservation$SimpleFilterObservation.lambda$wrap$1(ObservationFilterChainDecorator.java:479)
	at org.springframework.security.web.ObservationFilterChainDecorator$AroundFilterObservation$SimpleAroundFilterObservation.lambda$wrap$1(ObservationFilterChainDecorator.java:340)
	at org.springframework.security.web.ObservationFilterChainDecorator.lambda$wrapSecured$0(ObservationFilterChainDecorator.java:82)
	at org.springframework.security.web.ObservationFilterChainDecorator$VirtualFilterChain.doFilter(ObservationFilterChainDecorator.java:128)
	at org.springframework.security.web.access.intercept.AuthorizationFilter.doFilter(AuthorizationFilter.java:100)
	at org.springframework.security.web.ObservationFilterChainDecorator$ObservationFilter.wrapFilter(ObservationFilterChainDecorator.java:240)
	at org.springframework.security.web.ObservationFilterChainDecorator$ObservationFilter.doFilter(ObservationFilterChainDecorator.java:227)
	at org.springframework.security.web.ObservationFilterChainDecorator$VirtualFilterChain.doFilter(ObservationFilterChainDecorator.java:137)
	at org.springframework.security.web.access.ExceptionTranslationFilter.doFilter(ExceptionTranslationFilter.java:126)
	at org.springframework.security.web.access.ExceptionTranslationFilter.doFilter(ExceptionTranslationFilter.java:120)
	at org.springframework.security.web.ObservationFilterChainDecorator$ObservationFilter.wrapFilter(ObservationFilterChainDecorator.java:240)
	at org.springframework.security.web.ObservationFilterChainDecorator$ObservationFilter.doFilter(ObservationFilterChainDecorator.java:227)
	at org.springframework.security.web.ObservationFilterChainDecorator$VirtualFilterChain.doFilter(ObservationFilterChainDecorator.java:137)
	at org.springframework.security.web.session.SessionManagementFilter.doFilter(SessionManagementFilter.java:131)
	at org.springframework.security.web.session.SessionManagementFilter.doFilter(SessionManagementFilter.java:85)
	at org.springframework.security.web.ObservationFilterChainDecorator$ObservationFilter.wrapFilter(ObservationFilterChainDecorator.java:240)
	at org.springframework.security.web.ObservationFilterChainDecorator$ObservationFilter.doFilter(ObservationFilterChainDecorator.java:227)
	at org.springframework.security.web.ObservationFilterChainDecorator$VirtualFilterChain.doFilter(ObservationFilterChainDecorator.java:137)
	at org.springframework.security.web.authentication.AnonymousAuthenticationFilter.doFilter(AnonymousAuthenticationFilter.java:100)
	at org.springframework.security.web.ObservationFilterChainDecorator$ObservationFilter.wrapFilter(ObservationFilterChainDecorator.java:240)
	at org.springframework.security.web.ObservationFilterChainDecorator$ObservationFilter.doFilter(ObservationFilterChainDecorator.java:227)
	at org.springframework.security.web.ObservationFilterChainDecorator$VirtualFilterChain.doFilter(ObservationFilterChainDecorator.java:137)
	at org.springframework.security.web.servletapi.SecurityContextHolderAwareRequestFilter.doFilter(SecurityContextHolderAwareRequestFilter.java:179)
	at org.springframework.security.web.ObservationFilterChainDecorator$ObservationFilter.wrapFilter(ObservationFilterChainDecorator.java:240)
	at org.springframework.security.web.ObservationFilterChainDecorator$ObservationFilter.doFilter(ObservationFilterChainDecorator.java:227)
	at org.springframework.security.web.ObservationFilterChainDecorator$VirtualFilterChain.doFilter(ObservationFilterChainDecorator.java:137)
	at org.springframework.security.web.savedrequest.RequestCacheAwareFilter.doFilter(RequestCacheAwareFilter.java:63)
	at org.springframework.security.web.ObservationFilterChainDecorator$ObservationFilter.wrapFilter(ObservationFilterChainDecorator.java:240)
	at org.springframework.security.web.ObservationFilterChainDecorator$ObservationFilter.doFilter(ObservationFilterChainDecorator.java:227)
	at org.springframework.security.web.ObservationFilterChainDecorator$VirtualFilterChain.doFilter(ObservationFilterChainDecorator.java:137)
	at com.messenger.security.JwtAuthenticationFilter.doFilterInternal(JwtAuthenticationFilter.java:74)
	at org.springframework.web.filter.OncePerRequestFilter.doFilter(OncePerRequestFilter.java:116)
	at org.springframework.security.web.ObservationFilterChainDecorator$ObservationFilter.wrapFilter(ObservationFilterChainDecorator.java:240)
	at org.springframework.security.web.ObservationFilterChainDecorator$ObservationFilter.doFilter(ObservationFilterChainDecorator.java:227)
	at org.springframework.security.web.ObservationFilterChainDecorator$VirtualFilterChain.doFilter(ObservationFilterChainDecorator.java:137)
	at org.springframework.security.web.authentication.logout.LogoutFilter.doFilter(LogoutFilter.java:107)
	at org.springframework.security.web.authentication.logout.LogoutFilter.doFilter(LogoutFilter.java:93)
	at org.springframework.security.web.ObservationFilterChainDecorator$ObservationFilter.wrapFilter(ObservationFilterChainDecorator.java:240)
	at org.springframework.security.web.ObservationFilterChainDecorator$ObservationFilter.doFilter(ObservationFilterChainDecorator.java:227)
	at org.springframework.security.web.ObservationFilterChainDecorator$VirtualFilterChain.doFilter(ObservationFilterChainDecorator.java:137)
	at org.springframework.security.web.csrf.CsrfFilter.doFilterInternal(CsrfFilter.java:117)
	at org.springframework.web.filter.OncePerRequestFilter.doFilter(OncePerRequestFilter.java:116)
	at org.springframework.security.web.ObservationFilterChainDecorator$ObservationFilter.wrapFilter(ObservationFilterChainDecorator.java:240)
	at org.springframework.security.web.ObservationFilterChainDecorator$ObservationFilter.doFilter(ObservationFilterChainDecorator.java:227)
	at org.springframework.security.web.ObservationFilterChainDecorator$VirtualFilterChain.doFilter(ObservationFilterChainDecorator.java:137)
	at org.springframework.web.filter.CorsFilter.doFilterInternal(CorsFilter.java:91)
	at org.springframework.web.filter.OncePerRequestFilter.doFilter(OncePerRequestFilter.java:116)
	at org.springframework.security.web.ObservationFilterChainDecorator$ObservationFilter.wrapFilter(ObservationFilterChainDecorator.java:240)
	at org.springframework.security.web.ObservationFilterChainDecorator$ObservationFilter.doFilter(ObservationFilterChainDecorator.java:227)
	at org.springframework.security.web.ObservationFilterChainDecorator$VirtualFilterChain.doFilter(ObservationFilterChainDecorator.java:137)
	at org.springframework.security.web.header.HeaderWriterFilter.doHeadersAfter(HeaderWriterFilter.java:90)
	at org.springframework.security.web.header.HeaderWriterFilter.doFilterInternal(HeaderWriterFilter.java:75)
	at org.springframework.web.filter.OncePerRequestFilter.doFilter(OncePerRequestFilter.java:116)
	at org.springframework.security.web.ObservationFilterChainDecorator$ObservationFilter.wrapFilter(ObservationFilterChainDecorator.java:240)
	at org.springframework.security.web.ObservationFilterChainDecorator$ObservationFilter.doFilter(ObservationFilterChainDecorator.java:227)
	at org.springframework.security.web.ObservationFilterChainDecorator$VirtualFilterChain.doFilter(ObservationFilterChainDecorator.java:137)
	at org.springframework.security.web.context.SecurityContextHolderFilter.doFilter(SecurityContextHolderFilter.java:82)
	at org.springframework.security.web.context.SecurityContextHolderFilter.doFilter(SecurityContextHolderFilter.java:69)
	at org.springframework.security.web.ObservationFilterChainDecorator$ObservationFilter.wrapFilter(ObservationFilterChainDecorator.java:240)
	at org.springframework.security.web.ObservationFilterChainDecorator$ObservationFilter.doFilter(ObservationFilterChainDecorator.java:227)
	at org.springframework.security.web.ObservationFilterChainDecorator$VirtualFilterChain.doFilter(ObservationFilterChainDecorator.java:137)
	at org.springframework.security.web.context.request.async.WebAsyncManagerIntegrationFilter.doFilterInternal(WebAsyncManagerIntegrationFilter.java:62)
	at org.springframework.web.filter.OncePerRequestFilter.doFilter(OncePerRequestFilter.java:116)
	at org.springframework.security.web.ObservationFilterChainDecorator$ObservationFilter.wrapFilter(ObservationFilterChainDecorator.java:240)
	at org.springframework.security.web.ObservationFilterChainDecorator$ObservationFilter.doFilter(ObservationFilterChainDecorator.java:227)
	at org.springframework.security.web.ObservationFilterChainDecorator$VirtualFilterChain.doFilter(ObservationFilterChainDecorator.java:137)
	at org.springframework.security.web.session.DisableEncodeUrlFilter.doFilterInternal(DisableEncodeUrlFilter.java:42)
	at org.springframework.web.filter.OncePerRequestFilter.doFilter(OncePerRequestFilter.java:116)
	at org.springframework.security.web.ObservationFilterChainDecorator$ObservationFilter.wrapFilter(ObservationFilterChainDecorator.java:240)
	at org.springframework.security.web.ObservationFilterChainDecorator$AroundFilterObservation$SimpleAroundFilterObservation.lambda$wrap$0(ObservationFilterChainDecorator.java:323)
	at org.springframework.security.web.ObservationFilterChainDecorator$ObservationFilter.doFilter(ObservationFilterChainDecorator.java:224)
	at org.springframework.security.web.ObservationFilterChainDecorator$VirtualFilterChain.doFilter(ObservationFilterChainDecorator.java:137)
	at org.springframework.security.web.FilterChainProxy.doFilterInternal(FilterChainProxy.java:233)
	at org.springframework.security.web.FilterChainProxy.doFilter(FilterChainProxy.java:191)
	at org.springframework.web.filter.DelegatingFilterProxy.invokeDelegate(DelegatingFilterProxy.java:352)
	at org.springframework.web.filter.DelegatingFilterProxy.doFilter(DelegatingFilterProxy.java:268)
	at org.apache.catalina.core.ApplicationFilterChain.internalDoFilter(ApplicationFilterChain.java:174)
	at org.apache.catalina.core.ApplicationFilterChain.doFilter(ApplicationFilterChain.java:149)
	at org.springframework.web.filter.RequestContextFilter.doFilterInternal(RequestContextFilter.java:100)
	at org.springframework.web.filter.OncePerRequestFilter.doFilter(OncePerRequestFilter.java:116)
	at org.apache.catalina.core.ApplicationFilterChain.internalDoFilter(ApplicationFilterChain.java:174)
	at org.apache.catalina.core.ApplicationFilterChain.doFilter(ApplicationFilterChain.java:149)
	at org.springframework.web.filter.FormContentFilter.doFilterInternal(FormContentFilter.java:93)
	at org.springframework.web.filter.OncePerRequestFilter.doFilter(OncePerRequestFilter.java:116)
	at org.apache.catalina.core.ApplicationFilterChain.internalDoFilter(ApplicationFilterChain.java:174)
	at org.apache.catalina.core.ApplicationFilterChain.doFilter(ApplicationFilterChain.java:149)
	at com.messenger.security.RateLimitingFilter.doFilterInternal(RateLimitingFilter.java:70)
	at org.springframework.web.filter.OncePerRequestFilter.doFilter(OncePerRequestFilter.java:116)
	at org.apache.catalina.core.ApplicationFilterChain.internalDoFilter(ApplicationFilterChain.java:174)
	at org.apache.catalina.core.ApplicationFilterChain.doFilter(ApplicationFilterChain.java:149)
	at org.springframework.web.filter.ServerHttpObservationFilter.doFilterInternal(ServerHttpObservationFilter.java:109)
	at org.springframework.web.filter.OncePerRequestFilter.doFilter(OncePerRequestFilter.java:116)
	at org.apache.catalina.core.ApplicationFilterChain.internalDoFilter(ApplicationFilterChain.java:174)
	at org.apache.catalina.core.ApplicationFilterChain.doFilter(ApplicationFilterChain.java:149)
	at org.springframework.web.filter.CharacterEncodingFilter.doFilterInternal(CharacterEncodingFilter.java:201)
	at org.springframework.web.filter.OncePerRequestFilter.doFilter(OncePerRequestFilter.java:116)
	at org.apache.catalina.core.ApplicationFilterChain.internalDoFilter(ApplicationFilterChain.java:174)
	at org.apache.catalina.core.ApplicationFilterChain.doFilter(ApplicationFilterChain.java:149)
	at com.messenger.logging.MDCLoggingFilter.doFilterInternal(MDCLoggingFilter.java:56)
	at org.springframework.web.filter.OncePerRequestFilter.doFilter(OncePerRequestFilter.java:116)
	at org.apache.catalina.core.ApplicationFilterChain.internalDoFilter(ApplicationFilterChain.java:174)
	at org.apache.catalina.core.ApplicationFilterChain.doFilter(ApplicationFilterChain.java:149)
	at com.messenger.config.Utf8EncodingFilter.doFilter(Utf8EncodingFilter.java:53)
	at org.apache.catalina.core.ApplicationFilterChain.internalDoFilter(ApplicationFilterChain.java:174)
	at org.apache.catalina.core.ApplicationFilterChain.doFilter(ApplicationFilterChain.java:149)
	at org.apache.catalina.core.StandardWrapperValve.invoke(StandardWrapperValve.java:167)
	at org.apache.catalina.core.StandardContextValve.invoke(StandardContextValve.java:90)
	at org.apache.catalina.authenticator.AuthenticatorBase.invoke(AuthenticatorBase.java:482)
	at org.apache.catalina.core.StandardHostValve.invoke(StandardHostValve.java:115)
	at org.apache.catalina.valves.ErrorReportValve.invoke(ErrorReportValve.java:93)
	at org.apache.catalina.core.StandardEngineValve.invoke(StandardEngineValve.java:74)
	at org.apache.catalina.connector.CoyoteAdapter.service(CoyoteAdapter.java:340)
	at org.apache.coyote.http11.Http11Processor.service(Http11Processor.java:391)
	at org.apache.coyote.AbstractProcessorLight.process(AbstractProcessorLight.java:63)
	at org.apache.coyote.AbstractProtocol$ConnectionHandler.process(AbstractProtocol.java:896)
	at org.apache.tomcat.util.net.NioEndpoint$SocketProcessor.doRun(NioEndpoint.java:1744)
	at org.apache.tomcat.util.net.SocketProcessorBase.run(SocketProcessorBase.java:52)
	at org.apache.tomcat.util.threads.ThreadPoolExecutor.runWorker(ThreadPoolExecutor.java:1191)
	at org.apache.tomcat.util.threads.ThreadPoolExecutor$Worker.run(ThreadPoolExecutor.java:659)
	at org.apache.tomcat.util.threads.TaskThread$WrappingRunnable.run(TaskThread.java:61)
	at java.base/java.lang.Thread.run(Unknown Source)
2026-03-18 21:56:30.474 [http-nio-0.0.0.0-8080-exec-10] ERROR [1361f000-5c85-4a60-8a28-c2c9eb79a23b] [anonymous] c.m.exception.GlobalExceptionHandler - Business logic error: chatId is required
2026-03-18 21:56:35.314 [MessageBroker-7] INFO  [] [] com.messenger.service.DeviceService - Cleaned up 0 stale devices
2026-03-18 21:56:45.313 [MessageBroker-5] INFO  [] [] com.messenger.service.DeviceService - Cleaned up 0 stale devices
2026-03-18 21:56:55.314 [MessageBroker-5] INFO  [] [] com.messenger.service.DeviceService - Cleaned up 0 stale devices
2026-03-18 21:57:05.312 [MessageBroker-5] INFO  [] [] com.messenger.service.DeviceService - Cleaned up 0 stale devices
2026-03-18 21:57:15.312 [MessageBroker-4] INFO  [] [] com.messenger.service.DeviceService - Cleaned up 0 stale devices
2026-03-18 21:57:19.629 [http-nio-0.0.0.0-8080-exec-4] INFO  [8d83e510-526e-4a63-9b96-9273b686e447] [anonymous] c.m.controller.AuthController - Registration attempt for user: curlu80684
2026-03-18 21:57:20.293 [http-nio-0.0.0.0-8080-exec-4] INFO  [8d83e510-526e-4a63-9b96-9273b686e447] [anonymous] com.messenger.service.AuthService - Private key encrypted with PBKDF2-derived AES key for user: curlu80684
2026-03-18 21:57:20.559 [http-nio-0.0.0.0-8080-exec-4] INFO  [8d83e510-526e-4a63-9b96-9273b686e447] [anonymous] com.messenger.service.AuthService - User registered successfully: curlu80684
2026-03-18 21:57:20.825 [http-nio-0.0.0.0-8080-exec-4] INFO  [8d83e510-526e-4a63-9b96-9273b686e447] [anonymous] com.messenger.service.AuthService - User curlu80684 logged in successfully (device: null)
2026-03-18 21:57:20.914 [http-nio-0.0.0.0-8080-exec-3] INFO  [668d7fdd-4279-4e1f-b3b4-f13d67339ac8] [anonymous] c.m.controller.AuthController - Registration attempt for user: curlu73279
2026-03-18 21:57:21.464 [http-nio-0.0.0.0-8080-exec-3] INFO  [668d7fdd-4279-4e1f-b3b4-f13d67339ac8] [anonymous] com.messenger.service.AuthService - Private key encrypted with PBKDF2-derived AES key for user: curlu73279
2026-03-18 21:57:21.730 [http-nio-0.0.0.0-8080-exec-3] INFO  [668d7fdd-4279-4e1f-b3b4-f13d67339ac8] [anonymous] com.messenger.service.AuthService - User registered successfully: curlu73279
2026-03-18 21:57:22.004 [http-nio-0.0.0.0-8080-exec-3] INFO  [668d7fdd-4279-4e1f-b3b4-f13d67339ac8] [anonymous] com.messenger.service.AuthService - User curlu73279 logged in successfully (device: null)
2026-03-18 21:57:22.275 [http-nio-0.0.0.0-8080-exec-10] INFO  [313a4dda-ad0c-4e02-88e6-96f127f8a8dc] [anonymous] com.messenger.service.ChatService - User curlu73279 added to chat f95155ee-a801-4e97-8a83-757fa363becb by curlu80684
2026-03-18 21:57:22.282 [http-nio-0.0.0.0-8080-exec-10] INFO  [313a4dda-ad0c-4e02-88e6-96f127f8a8dc] [anonymous] com.messenger.service.ChatService - Chat created: f95155ee-a801-4e97-8a83-757fa363becb by curlu80684
2026-03-18 21:57:25.311 [MessageBroker-4] INFO  [] [] com.messenger.service.DeviceService - Cleaned up 0 stale devices
2026-03-18 21:57:35.311 [MessageBroker-4] INFO  [] [] com.messenger.service.DeviceService - Cleaned up 0 stale devices
2026-03-18 21:57:36.682 [http-nio-0.0.0.0-8080-exec-8] INFO  [96abef01-a64f-4437-a842-b6080fcfe5b6] [anonymous] c.m.controller.AuthController - Registration attempt for user: curlu98835
2026-03-18 21:57:36.928 [http-nio-0.0.0.0-8080-exec-8] INFO  [96abef01-a64f-4437-a842-b6080fcfe5b6] [anonymous] com.messenger.service.AuthService - Private key encrypted with PBKDF2-derived AES key for user: curlu98835
2026-03-18 21:57:37.244 [http-nio-0.0.0.0-8080-exec-8] INFO  [96abef01-a64f-4437-a842-b6080fcfe5b6] [anonymous] com.messenger.service.AuthService - User registered successfully: curlu98835
2026-03-18 21:57:37.557 [http-nio-0.0.0.0-8080-exec-8] INFO  [96abef01-a64f-4437-a842-b6080fcfe5b6] [anonymous] com.messenger.service.AuthService - User curlu98835 logged in successfully (device: null)
2026-03-18 21:57:37.701 [http-nio-0.0.0.0-8080-exec-7] WARN  [fe271635-df25-414d-b914-ab308ff3c824] [anonymous] c.m.filter.AuthRateLimitFilter - Rate limit exceeded for ratelimit:register:172.18.0.1: 4 attempts in 42 seconds
2026-03-18 21:57:37.708 [http-nio-0.0.0.0-8080-exec-7] WARN  [fe271635-df25-414d-b914-ab308ff3c824] [anonymous] c.m.filter.AuthRateLimitFilter - Rate limit response sent: retry after 60 seconds
2026-03-18 21:57:37.795 [http-nio-0.0.0.0-8080-exec-9] ERROR [62bbc27f-0ec3-4e00-8b8d-3e1a1e3ad58d] [anonymous] c.m.exception.GlobalExceptionHandler - Unexpected error: 
org.springframework.web.servlet.resource.NoResourceFoundException: No static resource api/chats/personal.
	at org.springframework.web.servlet.resource.ResourceHttpRequestHandler.handleRequest(ResourceHttpRequestHandler.java:585)
	at org.springframework.web.servlet.mvc.HttpRequestHandlerAdapter.handle(HttpRequestHandlerAdapter.java:52)
	at org.springframework.web.servlet.DispatcherServlet.doDispatch(DispatcherServlet.java:1089)
	at org.springframework.web.servlet.DispatcherServlet.doService(DispatcherServlet.java:979)
	at org.springframework.web.servlet.FrameworkServlet.processRequest(FrameworkServlet.java:1014)
	at org.springframework.web.servlet.FrameworkServlet.doPost(FrameworkServlet.java:914)
	at jakarta.servlet.http.HttpServlet.service(HttpServlet.java:590)
	at org.springframework.web.servlet.FrameworkServlet.service(FrameworkServlet.java:885)
	at jakarta.servlet.http.HttpServlet.service(HttpServlet.java:658)
	at org.apache.catalina.core.ApplicationFilterChain.internalDoFilter(ApplicationFilterChain.java:205)
	at org.apache.catalina.core.ApplicationFilterChain.doFilter(ApplicationFilterChain.java:149)
	at org.apache.tomcat.websocket.server.WsFilter.doFilter(WsFilter.java:51)
	at org.apache.catalina.core.ApplicationFilterChain.internalDoFilter(ApplicationFilterChain.java:174)
	at org.apache.catalina.core.ApplicationFilterChain.doFilter(ApplicationFilterChain.java:149)
	at org.springframework.web.filter.OncePerRequestFilter.doFilter(OncePerRequestFilter.java:110)
	at org.apache.catalina.core.ApplicationFilterChain.internalDoFilter(ApplicationFilterChain.java:174)
	at org.apache.catalina.core.ApplicationFilterChain.doFilter(ApplicationFilterChain.java:149)
	at com.messenger.filter.AuthRateLimitFilter.doFilterInternal(AuthRateLimitFilter.java:80)
	at org.springframework.web.filter.OncePerRequestFilter.doFilter(OncePerRequestFilter.java:116)
	at org.apache.catalina.core.ApplicationFilterChain.internalDoFilter(ApplicationFilterChain.java:174)
	at org.apache.catalina.core.ApplicationFilterChain.doFilter(ApplicationFilterChain.java:149)
	at org.springframework.security.web.FilterChainProxy.lambda$doFilterInternal$3(FilterChainProxy.java:231)
	at org.springframework.security.web.ObservationFilterChainDecorator$FilterObservation$SimpleFilterObservation.lambda$wrap$1(ObservationFilterChainDecorator.java:479)
	at org.springframework.security.web.ObservationFilterChainDecorator$AroundFilterObservation$SimpleAroundFilterObservation.lambda$wrap$1(ObservationFilterChainDecorator.java:340)
	at org.springframework.security.web.ObservationFilterChainDecorator.lambda$wrapSecured$0(ObservationFilterChainDecorator.java:82)
	at org.springframework.security.web.ObservationFilterChainDecorator$VirtualFilterChain.doFilter(ObservationFilterChainDecorator.java:128)
	at org.springframework.security.web.access.intercept.AuthorizationFilter.doFilter(AuthorizationFilter.java:100)
	at org.springframework.security.web.ObservationFilterChainDecorator$ObservationFilter.wrapFilter(ObservationFilterChainDecorator.java:240)
	at org.springframework.security.web.ObservationFilterChainDecorator$ObservationFilter.doFilter(ObservationFilterChainDecorator.java:227)
	at org.springframework.security.web.ObservationFilterChainDecorator$VirtualFilterChain.doFilter(ObservationFilterChainDecorator.java:137)
	at org.springframework.security.web.access.ExceptionTranslationFilter.doFilter(ExceptionTranslationFilter.java:126)
	at org.springframework.security.web.access.ExceptionTranslationFilter.doFilter(ExceptionTranslationFilter.java:120)
	at org.springframework.security.web.ObservationFilterChainDecorator$ObservationFilter.wrapFilter(ObservationFilterChainDecorator.java:240)
	at org.springframework.security.web.ObservationFilterChainDecorator$ObservationFilter.doFilter(ObservationFilterChainDecorator.java:227)
	at org.springframework.security.web.ObservationFilterChainDecorator$VirtualFilterChain.doFilter(ObservationFilterChainDecorator.java:137)
	at org.springframework.security.web.session.SessionManagementFilter.doFilter(SessionManagementFilter.java:131)
	at org.springframework.security.web.session.SessionManagementFilter.doFilter(SessionManagementFilter.java:85)
	at org.springframework.security.web.ObservationFilterChainDecorator$ObservationFilter.wrapFilter(ObservationFilterChainDecorator.java:240)
	at org.springframework.security.web.ObservationFilterChainDecorator$ObservationFilter.doFilter(ObservationFilterChainDecorator.java:227)
	at org.springframework.security.web.ObservationFilterChainDecorator$VirtualFilterChain.doFilter(ObservationFilterChainDecorator.java:137)
	at org.springframework.security.web.authentication.AnonymousAuthenticationFilter.doFilter(AnonymousAuthenticationFilter.java:100)
	at org.springframework.security.web.ObservationFilterChainDecorator$ObservationFilter.wrapFilter(ObservationFilterChainDecorator.java:240)
	at org.springframework.security.web.ObservationFilterChainDecorator$ObservationFilter.doFilter(ObservationFilterChainDecorator.java:227)
	at org.springframework.security.web.ObservationFilterChainDecorator$VirtualFilterChain.doFilter(ObservationFilterChainDecorator.java:137)
	at org.springframework.security.web.servletapi.SecurityContextHolderAwareRequestFilter.doFilter(SecurityContextHolderAwareRequestFilter.java:179)
	at org.springframework.security.web.ObservationFilterChainDecorator$ObservationFilter.wrapFilter(ObservationFilterChainDecorator.java:240)
	at org.springframework.security.web.ObservationFilterChainDecorator$ObservationFilter.doFilter(ObservationFilterChainDecorator.java:227)
	at org.springframework.security.web.ObservationFilterChainDecorator$VirtualFilterChain.doFilter(ObservationFilterChainDecorator.java:137)
	at org.springframework.security.web.savedrequest.RequestCacheAwareFilter.doFilter(RequestCacheAwareFilter.java:63)
	at org.springframework.security.web.ObservationFilterChainDecorator$ObservationFilter.wrapFilter(ObservationFilterChainDecorator.java:240)
	at org.springframework.security.web.ObservationFilterChainDecorator$ObservationFilter.doFilter(ObservationFilterChainDecorator.java:227)
	at org.springframework.security.web.ObservationFilterChainDecorator$VirtualFilterChain.doFilter(ObservationFilterChainDecorator.java:137)
	at com.messenger.security.JwtAuthenticationFilter.doFilterInternal(JwtAuthenticationFilter.java:74)
	at org.springframework.web.filter.OncePerRequestFilter.doFilter(OncePerRequestFilter.java:116)
	at org.springframework.security.web.ObservationFilterChainDecorator$ObservationFilter.wrapFilter(ObservationFilterChainDecorator.java:240)
	at org.springframework.security.web.ObservationFilterChainDecorator$ObservationFilter.doFilter(ObservationFilterChainDecorator.java:227)
	at org.springframework.security.web.ObservationFilterChainDecorator$VirtualFilterChain.doFilter(ObservationFilterChainDecorator.java:137)
	at org.springframework.security.web.authentication.logout.LogoutFilter.doFilter(LogoutFilter.java:107)
	at org.springframework.security.web.authentication.logout.LogoutFilter.doFilter(LogoutFilter.java:93)
	at org.springframework.security.web.ObservationFilterChainDecorator$ObservationFilter.wrapFilter(ObservationFilterChainDecorator.java:240)
	at org.springframework.security.web.ObservationFilterChainDecorator$ObservationFilter.doFilter(ObservationFilterChainDecorator.java:227)
	at org.springframework.security.web.ObservationFilterChainDecorator$VirtualFilterChain.doFilter(ObservationFilterChainDecorator.java:137)
	at org.springframework.security.web.csrf.CsrfFilter.doFilterInternal(CsrfFilter.java:117)
	at org.springframework.web.filter.OncePerRequestFilter.doFilter(OncePerRequestFilter.java:116)
	at org.springframework.security.web.ObservationFilterChainDecorator$ObservationFilter.wrapFilter(ObservationFilterChainDecorator.java:240)
	at org.springframework.security.web.ObservationFilterChainDecorator$ObservationFilter.doFilter(ObservationFilterChainDecorator.java:227)
	at org.springframework.security.web.ObservationFilterChainDecorator$VirtualFilterChain.doFilter(ObservationFilterChainDecorator.java:137)
	at org.springframework.web.filter.CorsFilter.doFilterInternal(CorsFilter.java:91)
	at org.springframework.web.filter.OncePerRequestFilter.doFilter(OncePerRequestFilter.java:116)
	at org.springframework.security.web.ObservationFilterChainDecorator$ObservationFilter.wrapFilter(ObservationFilterChainDecorator.java:240)
	at org.springframework.security.web.ObservationFilterChainDecorator$ObservationFilter.doFilter(ObservationFilterChainDecorator.java:227)
	at org.springframework.security.web.ObservationFilterChainDecorator$VirtualFilterChain.doFilter(ObservationFilterChainDecorator.java:137)
	at org.springframework.security.web.header.HeaderWriterFilter.doHeadersAfter(HeaderWriterFilter.java:90)
	at org.springframework.security.web.header.HeaderWriterFilter.doFilterInternal(HeaderWriterFilter.java:75)
	at org.springframework.web.filter.OncePerRequestFilter.doFilter(OncePerRequestFilter.java:116)
	at org.springframework.security.web.ObservationFilterChainDecorator$ObservationFilter.wrapFilter(ObservationFilterChainDecorator.java:240)
	at org.springframework.security.web.ObservationFilterChainDecorator$ObservationFilter.doFilter(ObservationFilterChainDecorator.java:227)
	at org.springframework.security.web.ObservationFilterChainDecorator$VirtualFilterChain.doFilter(ObservationFilterChainDecorator.java:137)
	at org.springframework.security.web.context.SecurityContextHolderFilter.doFilter(SecurityContextHolderFilter.java:82)
	at org.springframework.security.web.context.SecurityContextHolderFilter.doFilter(SecurityContextHolderFilter.java:69)
	at org.springframework.security.web.ObservationFilterChainDecorator$ObservationFilter.wrapFilter(ObservationFilterChainDecorator.java:240)
	at org.springframework.security.web.ObservationFilterChainDecorator$ObservationFilter.doFilter(ObservationFilterChainDecorator.java:227)
	at org.springframework.security.web.ObservationFilterChainDecorator$VirtualFilterChain.doFilter(ObservationFilterChainDecorator.java:137)
	at org.springframework.security.web.context.request.async.WebAsyncManagerIntegrationFilter.doFilterInternal(WebAsyncManagerIntegrationFilter.java:62)
	at org.springframework.web.filter.OncePerRequestFilter.doFilter(OncePerRequestFilter.java:116)
	at org.springframework.security.web.ObservationFilterChainDecorator$ObservationFilter.wrapFilter(ObservationFilterChainDecorator.java:240)
	at org.springframework.security.web.ObservationFilterChainDecorator$ObservationFilter.doFilter(ObservationFilterChainDecorator.java:227)
	at org.springframework.security.web.ObservationFilterChainDecorator$VirtualFilterChain.doFilter(ObservationFilterChainDecorator.java:137)
	at org.springframework.security.web.session.DisableEncodeUrlFilter.doFilterInternal(DisableEncodeUrlFilter.java:42)
	at org.springframework.web.filter.OncePerRequestFilter.doFilter(OncePerRequestFilter.java:116)
	at org.springframework.security.web.ObservationFilterChainDecorator$ObservationFilter.wrapFilter(ObservationFilterChainDecorator.java:240)
	at org.springframework.security.web.ObservationFilterChainDecorator$AroundFilterObservation$SimpleAroundFilterObservation.lambda$wrap$0(ObservationFilterChainDecorator.java:323)
	at org.springframework.security.web.ObservationFilterChainDecorator$ObservationFilter.doFilter(ObservationFilterChainDecorator.java:224)
	at org.springframework.security.web.ObservationFilterChainDecorator$VirtualFilterChain.doFilter(ObservationFilterChainDecorator.java:137)
	at org.springframework.security.web.FilterChainProxy.doFilterInternal(FilterChainProxy.java:233)
	at org.springframework.security.web.FilterChainProxy.doFilter(FilterChainProxy.java:191)
	at org.springframework.web.filter.DelegatingFilterProxy.invokeDelegate(DelegatingFilterProxy.java:352)
	at org.springframework.web.filter.DelegatingFilterProxy.doFilter(DelegatingFilterProxy.java:268)
	at org.apache.catalina.core.ApplicationFilterChain.internalDoFilter(ApplicationFilterChain.java:174)
	at org.apache.catalina.core.ApplicationFilterChain.doFilter(ApplicationFilterChain.java:149)
	at org.springframework.web.filter.RequestContextFilter.doFilterInternal(RequestContextFilter.java:100)
	at org.springframework.web.filter.OncePerRequestFilter.doFilter(OncePerRequestFilter.java:116)
	at org.apache.catalina.core.ApplicationFilterChain.internalDoFilter(ApplicationFilterChain.java:174)
	at org.apache.catalina.core.ApplicationFilterChain.doFilter(ApplicationFilterChain.java:149)
	at org.springframework.web.filter.FormContentFilter.doFilterInternal(FormContentFilter.java:93)
	at org.springframework.web.filter.OncePerRequestFilter.doFilter(OncePerRequestFilter.java:116)
	at org.apache.catalina.core.ApplicationFilterChain.internalDoFilter(ApplicationFilterChain.java:174)
	at org.apache.catalina.core.ApplicationFilterChain.doFilter(ApplicationFilterChain.java:149)
	at com.messenger.security.RateLimitingFilter.doFilterInternal(RateLimitingFilter.java:70)
	at org.springframework.web.filter.OncePerRequestFilter.doFilter(OncePerRequestFilter.java:116)
	at org.apache.catalina.core.ApplicationFilterChain.internalDoFilter(ApplicationFilterChain.java:174)
	at org.apache.catalina.core.ApplicationFilterChain.doFilter(ApplicationFilterChain.java:149)
	at org.springframework.web.filter.ServerHttpObservationFilter.doFilterInternal(ServerHttpObservationFilter.java:109)
	at org.springframework.web.filter.OncePerRequestFilter.doFilter(OncePerRequestFilter.java:116)
	at org.apache.catalina.core.ApplicationFilterChain.internalDoFilter(ApplicationFilterChain.java:174)
	at org.apache.catalina.core.ApplicationFilterChain.doFilter(ApplicationFilterChain.java:149)
	at org.springframework.web.filter.CharacterEncodingFilter.doFilterInternal(CharacterEncodingFilter.java:201)
	at org.springframework.web.filter.OncePerRequestFilter.doFilter(OncePerRequestFilter.java:116)
	at org.apache.catalina.core.ApplicationFilterChain.internalDoFilter(ApplicationFilterChain.java:174)
	at org.apache.catalina.core.ApplicationFilterChain.doFilter(ApplicationFilterChain.java:149)
	at com.messenger.logging.MDCLoggingFilter.doFilterInternal(MDCLoggingFilter.java:56)
	at org.springframework.web.filter.OncePerRequestFilter.doFilter(OncePerRequestFilter.java:116)
	at org.apache.catalina.core.ApplicationFilterChain.internalDoFilter(ApplicationFilterChain.java:174)
	at org.apache.catalina.core.ApplicationFilterChain.doFilter(ApplicationFilterChain.java:149)
	at com.messenger.config.Utf8EncodingFilter.doFilter(Utf8EncodingFilter.java:53)
	at org.apache.catalina.core.ApplicationFilterChain.internalDoFilter(ApplicationFilterChain.java:174)
	at org.apache.catalina.core.ApplicationFilterChain.doFilter(ApplicationFilterChain.java:149)
	at org.apache.catalina.core.StandardWrapperValve.invoke(StandardWrapperValve.java:167)
	at org.apache.catalina.core.StandardContextValve.invoke(StandardContextValve.java:90)
	at org.apache.catalina.authenticator.AuthenticatorBase.invoke(AuthenticatorBase.java:482)
	at org.apache.catalina.core.StandardHostValve.invoke(StandardHostValve.java:115)
	at org.apache.catalina.valves.ErrorReportValve.invoke(ErrorReportValve.java:93)
	at org.apache.catalina.core.StandardEngineValve.invoke(StandardEngineValve.java:74)
	at org.apache.catalina.connector.CoyoteAdapter.service(CoyoteAdapter.java:340)
	at org.apache.coyote.http11.Http11Processor.service(Http11Processor.java:391)
	at org.apache.coyote.AbstractProcessorLight.process(AbstractProcessorLight.java:63)
	at org.apache.coyote.AbstractProtocol$ConnectionHandler.process(AbstractProtocol.java:896)
	at org.apache.tomcat.util.net.NioEndpoint$SocketProcessor.doRun(NioEndpoint.java:1744)
	at org.apache.tomcat.util.net.SocketProcessorBase.run(SocketProcessorBase.java:52)
	at org.apache.tomcat.util.threads.ThreadPoolExecutor.runWorker(ThreadPoolExecutor.java:1191)
	at org.apache.tomcat.util.threads.ThreadPoolExecutor$Worker.run(ThreadPoolExecutor.java:659)
	at org.apache.tomcat.util.threads.TaskThread$WrappingRunnable.run(TaskThread.java:61)
	at java.base/java.lang.Thread.run(Unknown Source)
2026-03-18 21:57:37.927 [http-nio-0.0.0.0-8080-exec-1] ERROR [0088d274-507c-429c-ae7d-d429c925ebc8] [anonymous] com.messenger.logging.LoggingAspect - [ERROR] User: curlu98835 | MessageController.sendMessage() threw exception: chatId is required
java.lang.IllegalArgumentException: chatId is required
	at com.messenger.controller.MessageController.sendMessage(MessageController.java:36)
	at java.base/jdk.internal.reflect.NativeMethodAccessorImpl.invoke0(Native Method)
	at java.base/jdk.internal.reflect.NativeMethodAccessorImpl.invoke(Unknown Source)
	at java.base/jdk.internal.reflect.DelegatingMethodAccessorImpl.invoke(Unknown Source)
	at java.base/java.lang.reflect.Method.invoke(Unknown Source)
	at org.springframework.aop.support.AopUtils.invokeJoinpointUsingReflection(AopUtils.java:352)
	at org.springframework.aop.framework.ReflectiveMethodInvocation.invokeJoinpoint(ReflectiveMethodInvocation.java:196)
	at org.springframework.aop.framework.ReflectiveMethodInvocation.proceed(ReflectiveMethodInvocation.java:163)
	at org.springframework.aop.framework.CglibAopProxy$CglibMethodInvocation.proceed(CglibAopProxy.java:765)
	at org.springframework.aop.aspectj.AspectJAfterThrowingAdvice.invoke(AspectJAfterThrowingAdvice.java:64)
	at org.springframework.aop.framework.ReflectiveMethodInvocation.proceed(ReflectiveMethodInvocation.java:184)
	at org.springframework.aop.framework.CglibAopProxy$CglibMethodInvocation.proceed(CglibAopProxy.java:765)
	at org.springframework.aop.framework.adapter.AfterReturningAdviceInterceptor.invoke(AfterReturningAdviceInterceptor.java:57)
	at org.springframework.aop.framework.ReflectiveMethodInvocation.proceed(ReflectiveMethodInvocation.java:184)
	at org.springframework.aop.framework.CglibAopProxy$CglibMethodInvocation.proceed(CglibAopProxy.java:765)
	at org.springframework.aop.framework.adapter.MethodBeforeAdviceInterceptor.invoke(MethodBeforeAdviceInterceptor.java:58)
	at org.springframework.aop.framework.ReflectiveMethodInvocation.proceed(ReflectiveMethodInvocation.java:184)
	at org.springframework.aop.framework.CglibAopProxy$CglibMethodInvocation.proceed(CglibAopProxy.java:765)
	at org.springframework.aop.interceptor.ExposeInvocationInterceptor.invoke(ExposeInvocationInterceptor.java:97)
	at org.springframework.aop.framework.ReflectiveMethodInvocation.proceed(ReflectiveMethodInvocation.java:184)
	at org.springframework.aop.framework.CglibAopProxy$CglibMethodInvocation.proceed(CglibAopProxy.java:765)
	at org.springframework.aop.framework.CglibAopProxy$DynamicAdvisedInterceptor.intercept(CglibAopProxy.java:717)
	at com.messenger.controller.MessageController$$SpringCGLIB$$0.sendMessage(<generated>)
	at java.base/jdk.internal.reflect.NativeMethodAccessorImpl.invoke0(Native Method)
	at java.base/jdk.internal.reflect.NativeMethodAccessorImpl.invoke(Unknown Source)
	at java.base/jdk.internal.reflect.DelegatingMethodAccessorImpl.invoke(Unknown Source)
	at java.base/java.lang.reflect.Method.invoke(Unknown Source)
	at org.springframework.web.method.support.InvocableHandlerMethod.doInvoke(InvocableHandlerMethod.java:254)
	at org.springframework.web.method.support.InvocableHandlerMethod.invokeForRequest(InvocableHandlerMethod.java:182)
	at org.springframework.web.servlet.mvc.method.annotation.ServletInvocableHandlerMethod.invokeAndHandle(ServletInvocableHandlerMethod.java:118)
	at org.springframework.web.servlet.mvc.method.annotation.RequestMappingHandlerAdapter.invokeHandlerMethod(RequestMappingHandlerAdapter.java:917)
	at org.springframework.web.servlet.mvc.method.annotation.RequestMappingHandlerAdapter.handleInternal(RequestMappingHandlerAdapter.java:829)
	at org.springframework.web.servlet.mvc.method.AbstractHandlerMethodAdapter.handle(AbstractHandlerMethodAdapter.java:87)
	at org.springframework.web.servlet.DispatcherServlet.doDispatch(DispatcherServlet.java:1089)
	at org.springframework.web.servlet.DispatcherServlet.doService(DispatcherServlet.java:979)
	at org.springframework.web.servlet.FrameworkServlet.processRequest(FrameworkServlet.java:1014)
	at org.springframework.web.servlet.FrameworkServlet.doPost(FrameworkServlet.java:914)
	at jakarta.servlet.http.HttpServlet.service(HttpServlet.java:590)
	at org.springframework.web.servlet.FrameworkServlet.service(FrameworkServlet.java:885)
	at jakarta.servlet.http.HttpServlet.service(HttpServlet.java:658)
	at org.apache.catalina.core.ApplicationFilterChain.internalDoFilter(ApplicationFilterChain.java:205)
	at org.apache.catalina.core.ApplicationFilterChain.doFilter(ApplicationFilterChain.java:149)
	at org.apache.tomcat.websocket.server.WsFilter.doFilter(WsFilter.java:51)
	at org.apache.catalina.core.ApplicationFilterChain.internalDoFilter(ApplicationFilterChain.java:174)
	at org.apache.catalina.core.ApplicationFilterChain.doFilter(ApplicationFilterChain.java:149)
	at org.springframework.web.filter.OncePerRequestFilter.doFilter(OncePerRequestFilter.java:110)
	at org.apache.catalina.core.ApplicationFilterChain.internalDoFilter(ApplicationFilterChain.java:174)
	at org.apache.catalina.core.ApplicationFilterChain.doFilter(ApplicationFilterChain.java:149)
	at com.messenger.filter.AuthRateLimitFilter.doFilterInternal(AuthRateLimitFilter.java:80)
	at org.springframework.web.filter.OncePerRequestFilter.doFilter(OncePerRequestFilter.java:116)
	at org.apache.catalina.core.ApplicationFilterChain.internalDoFilter(ApplicationFilterChain.java:174)
	at org.apache.catalina.core.ApplicationFilterChain.doFilter(ApplicationFilterChain.java:149)
	at org.springframework.security.web.FilterChainProxy.lambda$doFilterInternal$3(FilterChainProxy.java:231)
	at org.springframework.security.web.ObservationFilterChainDecorator$FilterObservation$SimpleFilterObservation.lambda$wrap$1(ObservationFilterChainDecorator.java:479)
	at org.springframework.security.web.ObservationFilterChainDecorator$AroundFilterObservation$SimpleAroundFilterObservation.lambda$wrap$1(ObservationFilterChainDecorator.java:340)
	at org.springframework.security.web.ObservationFilterChainDecorator.lambda$wrapSecured$0(ObservationFilterChainDecorator.java:82)
	at org.springframework.security.web.ObservationFilterChainDecorator$VirtualFilterChain.doFilter(ObservationFilterChainDecorator.java:128)
	at org.springframework.security.web.access.intercept.AuthorizationFilter.doFilter(AuthorizationFilter.java:100)
	at org.springframework.security.web.ObservationFilterChainDecorator$ObservationFilter.wrapFilter(ObservationFilterChainDecorator.java:240)
	at org.springframework.security.web.ObservationFilterChainDecorator$ObservationFilter.doFilter(ObservationFilterChainDecorator.java:227)
	at org.springframework.security.web.ObservationFilterChainDecorator$VirtualFilterChain.doFilter(ObservationFilterChainDecorator.java:137)
	at org.springframework.security.web.access.ExceptionTranslationFilter.doFilter(ExceptionTranslationFilter.java:126)
	at org.springframework.security.web.access.ExceptionTranslationFilter.doFilter(ExceptionTranslationFilter.java:120)
	at org.springframework.security.web.ObservationFilterChainDecorator$ObservationFilter.wrapFilter(ObservationFilterChainDecorator.java:240)
	at org.springframework.security.web.ObservationFilterChainDecorator$ObservationFilter.doFilter(ObservationFilterChainDecorator.java:227)
	at org.springframework.security.web.ObservationFilterChainDecorator$VirtualFilterChain.doFilter(ObservationFilterChainDecorator.java:137)
	at org.springframework.security.web.session.SessionManagementFilter.doFilter(SessionManagementFilter.java:131)
	at org.springframework.security.web.session.SessionManagementFilter.doFilter(SessionManagementFilter.java:85)
	at org.springframework.security.web.ObservationFilterChainDecorator$ObservationFilter.wrapFilter(ObservationFilterChainDecorator.java:240)
	at org.springframework.security.web.ObservationFilterChainDecorator$ObservationFilter.doFilter(ObservationFilterChainDecorator.java:227)
	at org.springframework.security.web.ObservationFilterChainDecorator$VirtualFilterChain.doFilter(ObservationFilterChainDecorator.java:137)
	at org.springframework.security.web.authentication.AnonymousAuthenticationFilter.doFilter(AnonymousAuthenticationFilter.java:100)
	at org.springframework.security.web.ObservationFilterChainDecorator$ObservationFilter.wrapFilter(ObservationFilterChainDecorator.java:240)
	at org.springframework.security.web.ObservationFilterChainDecorator$ObservationFilter.doFilter(ObservationFilterChainDecorator.java:227)
	at org.springframework.security.web.ObservationFilterChainDecorator$VirtualFilterChain.doFilter(ObservationFilterChainDecorator.java:137)
	at org.springframework.security.web.servletapi.SecurityContextHolderAwareRequestFilter.doFilter(SecurityContextHolderAwareRequestFilter.java:179)
	at org.springframework.security.web.ObservationFilterChainDecorator$ObservationFilter.wrapFilter(ObservationFilterChainDecorator.java:240)
	at org.springframework.security.web.ObservationFilterChainDecorator$ObservationFilter.doFilter(ObservationFilterChainDecorator.java:227)
	at org.springframework.security.web.ObservationFilterChainDecorator$VirtualFilterChain.doFilter(ObservationFilterChainDecorator.java:137)
	at org.springframework.security.web.savedrequest.RequestCacheAwareFilter.doFilter(RequestCacheAwareFilter.java:63)
	at org.springframework.security.web.ObservationFilterChainDecorator$ObservationFilter.wrapFilter(ObservationFilterChainDecorator.java:240)
	at org.springframework.security.web.ObservationFilterChainDecorator$ObservationFilter.doFilter(ObservationFilterChainDecorator.java:227)
	at org.springframework.security.web.ObservationFilterChainDecorator$VirtualFilterChain.doFilter(ObservationFilterChainDecorator.java:137)
	at com.messenger.security.JwtAuthenticationFilter.doFilterInternal(JwtAuthenticationFilter.java:74)
	at org.springframework.web.filter.OncePerRequestFilter.doFilter(OncePerRequestFilter.java:116)
	at org.springframework.security.web.ObservationFilterChainDecorator$ObservationFilter.wrapFilter(ObservationFilterChainDecorator.java:240)
	at org.springframework.security.web.ObservationFilterChainDecorator$ObservationFilter.doFilter(ObservationFilterChainDecorator.java:227)
	at org.springframework.security.web.ObservationFilterChainDecorator$VirtualFilterChain.doFilter(ObservationFilterChainDecorator.java:137)
	at org.springframework.security.web.authentication.logout.LogoutFilter.doFilter(LogoutFilter.java:107)
	at org.springframework.security.web.authentication.logout.LogoutFilter.doFilter(LogoutFilter.java:93)
	at org.springframework.security.web.ObservationFilterChainDecorator$ObservationFilter.wrapFilter(ObservationFilterChainDecorator.java:240)
	at org.springframework.security.web.ObservationFilterChainDecorator$ObservationFilter.doFilter(ObservationFilterChainDecorator.java:227)
	at org.springframework.security.web.ObservationFilterChainDecorator$VirtualFilterChain.doFilter(ObservationFilterChainDecorator.java:137)
	at org.springframework.security.web.csrf.CsrfFilter.doFilterInternal(CsrfFilter.java:117)
	at org.springframework.web.filter.OncePerRequestFilter.doFilter(OncePerRequestFilter.java:116)
	at org.springframework.security.web.ObservationFilterChainDecorator$ObservationFilter.wrapFilter(ObservationFilterChainDecorator.java:240)
	at org.springframework.security.web.ObservationFilterChainDecorator$ObservationFilter.doFilter(ObservationFilterChainDecorator.java:227)
	at org.springframework.security.web.ObservationFilterChainDecorator$VirtualFilterChain.doFilter(ObservationFilterChainDecorator.java:137)
	at org.springframework.web.filter.CorsFilter.doFilterInternal(CorsFilter.java:91)
	at org.springframework.web.filter.OncePerRequestFilter.doFilter(OncePerRequestFilter.java:116)
	at org.springframework.security.web.ObservationFilterChainDecorator$ObservationFilter.wrapFilter(ObservationFilterChainDecorator.java:240)
	at org.springframework.security.web.ObservationFilterChainDecorator$ObservationFilter.doFilter(ObservationFilterChainDecorator.java:227)
	at org.springframework.security.web.ObservationFilterChainDecorator$VirtualFilterChain.doFilter(ObservationFilterChainDecorator.java:137)
	at org.springframework.security.web.header.HeaderWriterFilter.doHeadersAfter(HeaderWriterFilter.java:90)
	at org.springframework.security.web.header.HeaderWriterFilter.doFilterInternal(HeaderWriterFilter.java:75)
	at org.springframework.web.filter.OncePerRequestFilter.doFilter(OncePerRequestFilter.java:116)
	at org.springframework.security.web.ObservationFilterChainDecorator$ObservationFilter.wrapFilter(ObservationFilterChainDecorator.java:240)
	at org.springframework.security.web.ObservationFilterChainDecorator$ObservationFilter.doFilter(ObservationFilterChainDecorator.java:227)
	at org.springframework.security.web.ObservationFilterChainDecorator$VirtualFilterChain.doFilter(ObservationFilterChainDecorator.java:137)
	at org.springframework.security.web.context.SecurityContextHolderFilter.doFilter(SecurityContextHolderFilter.java:82)
	at org.springframework.security.web.context.SecurityContextHolderFilter.doFilter(SecurityContextHolderFilter.java:69)
	at org.springframework.security.web.ObservationFilterChainDecorator$ObservationFilter.wrapFilter(ObservationFilterChainDecorator.java:240)
	at org.springframework.security.web.ObservationFilterChainDecorator$ObservationFilter.doFilter(ObservationFilterChainDecorator.java:227)
	at org.springframework.security.web.ObservationFilterChainDecorator$VirtualFilterChain.doFilter(ObservationFilterChainDecorator.java:137)
	at org.springframework.security.web.context.request.async.WebAsyncManagerIntegrationFilter.doFilterInternal(WebAsyncManagerIntegrationFilter.java:62)
	at org.springframework.web.filter.OncePerRequestFilter.doFilter(OncePerRequestFilter.java:116)
	at org.springframework.security.web.ObservationFilterChainDecorator$ObservationFilter.wrapFilter(ObservationFilterChainDecorator.java:240)
	at org.springframework.security.web.ObservationFilterChainDecorator$ObservationFilter.doFilter(ObservationFilterChainDecorator.java:227)
	at org.springframework.security.web.ObservationFilterChainDecorator$VirtualFilterChain.doFilter(ObservationFilterChainDecorator.java:137)
	at org.springframework.security.web.session.DisableEncodeUrlFilter.doFilterInternal(DisableEncodeUrlFilter.java:42)
	at org.springframework.web.filter.OncePerRequestFilter.doFilter(OncePerRequestFilter.java:116)
	at org.springframework.security.web.ObservationFilterChainDecorator$ObservationFilter.wrapFilter(ObservationFilterChainDecorator.java:240)
	at org.springframework.security.web.ObservationFilterChainDecorator$AroundFilterObservation$SimpleAroundFilterObservation.lambda$wrap$0(ObservationFilterChainDecorator.java:323)
	at org.springframework.security.web.ObservationFilterChainDecorator$ObservationFilter.doFilter(ObservationFilterChainDecorator.java:224)
	at org.springframework.security.web.ObservationFilterChainDecorator$VirtualFilterChain.doFilter(ObservationFilterChainDecorator.java:137)
	at org.springframework.security.web.FilterChainProxy.doFilterInternal(FilterChainProxy.java:233)
	at org.springframework.security.web.FilterChainProxy.doFilter(FilterChainProxy.java:191)
	at org.springframework.web.filter.DelegatingFilterProxy.invokeDelegate(DelegatingFilterProxy.java:352)
	at org.springframework.web.filter.DelegatingFilterProxy.doFilter(DelegatingFilterProxy.java:268)
	at org.apache.catalina.core.ApplicationFilterChain.internalDoFilter(ApplicationFilterChain.java:174)
	at org.apache.catalina.core.ApplicationFilterChain.doFilter(ApplicationFilterChain.java:149)
	at org.springframework.web.filter.RequestContextFilter.doFilterInternal(RequestContextFilter.java:100)
	at org.springframework.web.filter.OncePerRequestFilter.doFilter(OncePerRequestFilter.java:116)
	at org.apache.catalina.core.ApplicationFilterChain.internalDoFilter(ApplicationFilterChain.java:174)
	at org.apache.catalina.core.ApplicationFilterChain.doFilter(ApplicationFilterChain.java:149)
	at org.springframework.web.filter.FormContentFilter.doFilterInternal(FormContentFilter.java:93)
	at org.springframework.web.filter.OncePerRequestFilter.doFilter(OncePerRequestFilter.java:116)
	at org.apache.catalina.core.ApplicationFilterChain.internalDoFilter(ApplicationFilterChain.java:174)
	at org.apache.catalina.core.ApplicationFilterChain.doFilter(ApplicationFilterChain.java:149)
	at com.messenger.security.RateLimitingFilter.doFilterInternal(RateLimitingFilter.java:70)
	at org.springframework.web.filter.OncePerRequestFilter.doFilter(OncePerRequestFilter.java:116)
	at org.apache.catalina.core.ApplicationFilterChain.internalDoFilter(ApplicationFilterChain.java:174)
	at org.apache.catalina.core.ApplicationFilterChain.doFilter(ApplicationFilterChain.java:149)
	at org.springframework.web.filter.ServerHttpObservationFilter.doFilterInternal(ServerHttpObservationFilter.java:109)
	at org.springframework.web.filter.OncePerRequestFilter.doFilter(OncePerRequestFilter.java:116)
	at org.apache.catalina.core.ApplicationFilterChain.internalDoFilter(ApplicationFilterChain.java:174)
	at org.apache.catalina.core.ApplicationFilterChain.doFilter(ApplicationFilterChain.java:149)
	at org.springframework.web.filter.CharacterEncodingFilter.doFilterInternal(CharacterEncodingFilter.java:201)
	at org.springframework.web.filter.OncePerRequestFilter.doFilter(OncePerRequestFilter.java:116)
	at org.apache.catalina.core.ApplicationFilterChain.internalDoFilter(ApplicationFilterChain.java:174)
	at org.apache.catalina.core.ApplicationFilterChain.doFilter(ApplicationFilterChain.java:149)
	at com.messenger.logging.MDCLoggingFilter.doFilterInternal(MDCLoggingFilter.java:56)
	at org.springframework.web.filter.OncePerRequestFilter.doFilter(OncePerRequestFilter.java:116)
	at org.apache.catalina.core.ApplicationFilterChain.internalDoFilter(ApplicationFilterChain.java:174)
	at org.apache.catalina.core.ApplicationFilterChain.doFilter(ApplicationFilterChain.java:149)
	at com.messenger.config.Utf8EncodingFilter.doFilter(Utf8EncodingFilter.java:53)
	at org.apache.catalina.core.ApplicationFilterChain.internalDoFilter(ApplicationFilterChain.java:174)
	at org.apache.catalina.core.ApplicationFilterChain.doFilter(ApplicationFilterChain.java:149)
	at org.apache.catalina.core.StandardWrapperValve.invoke(StandardWrapperValve.java:167)
	at org.apache.catalina.core.StandardContextValve.invoke(StandardContextValve.java:90)
	at org.apache.catalina.authenticator.AuthenticatorBase.invoke(AuthenticatorBase.java:482)
	at org.apache.catalina.core.StandardHostValve.invoke(StandardHostValve.java:115)
	at org.apache.catalina.valves.ErrorReportValve.invoke(ErrorReportValve.java:93)
	at org.apache.catalina.core.StandardEngineValve.invoke(StandardEngineValve.java:74)
	at org.apache.catalina.connector.CoyoteAdapter.service(CoyoteAdapter.java:340)
	at org.apache.coyote.http11.Http11Processor.service(Http11Processor.java:391)
	at org.apache.coyote.AbstractProcessorLight.process(AbstractProcessorLight.java:63)
	at org.apache.coyote.AbstractProtocol$ConnectionHandler.process(AbstractProtocol.java:896)
	at org.apache.tomcat.util.net.NioEndpoint$SocketProcessor.doRun(NioEndpoint.java:1744)
	at org.apache.tomcat.util.net.SocketProcessorBase.run(SocketProcessorBase.java:52)
	at org.apache.tomcat.util.threads.ThreadPoolExecutor.runWorker(ThreadPoolExecutor.java:1191)
	at org.apache.tomcat.util.threads.ThreadPoolExecutor$Worker.run(ThreadPoolExecutor.java:659)
	at org.apache.tomcat.util.threads.TaskThread$WrappingRunnable.run(TaskThread.java:61)
	at java.base/java.lang.Thread.run(Unknown Source)
2026-03-18 21:57:37.975 [http-nio-0.0.0.0-8080-exec-1] ERROR [0088d274-507c-429c-ae7d-d429c925ebc8] [anonymous] c.m.exception.GlobalExceptionHandler - Business logic error: chatId is required
2026-03-18 21:57:45.310 [MessageBroker-1] INFO  [] [] com.messenger.service.DeviceService - Cleaned up 0 stale devices
2026-03-18 21:57:55.309 [MessageBroker-1] INFO  [] [] com.messenger.service.DeviceService - Cleaned up 0 stale devices
2026-03-18 21:58:05.307 [MessageBroker-1] INFO  [] [] com.messenger.service.DeviceService - Cleaned up 0 stale devices
2026-03-18 21:58:15.308 [MessageBroker-5] INFO  [] [] com.messenger.service.DeviceService - Cleaned up 0 stale devices
2026-03-18 21:58:25.307 [MessageBroker-5] INFO  [] [] com.messenger.service.DeviceService - Cleaned up 0 stale devices
2026-03-18 21:58:35.305 [MessageBroker-5] INFO  [] [] com.messenger.service.DeviceService - Cleaned up 0 stale devices
2026-03-18 21:58:45.313 [MessageBroker-4] INFO  [] [] com.messenger.service.DeviceService - Cleaned up 0 stale devices
2026-03-18 21:58:48.681 [http-nio-0.0.0.0-8080-exec-8] INFO  [00f98dff-4fa6-4986-8f53-7ad762c94bd2] [anonymous] c.m.controller.AuthController - Registration attempt for user: curlu34215
2026-03-18 21:58:49.803 [http-nio-0.0.0.0-8080-exec-8] INFO  [00f98dff-4fa6-4986-8f53-7ad762c94bd2] [anonymous] com.messenger.service.AuthService - Private key encrypted with PBKDF2-derived AES key for user: curlu34215
2026-03-18 21:58:50.097 [http-nio-0.0.0.0-8080-exec-8] INFO  [00f98dff-4fa6-4986-8f53-7ad762c94bd2] [anonymous] com.messenger.service.AuthService - User registered successfully: curlu34215
2026-03-18 21:58:50.488 [http-nio-0.0.0.0-8080-exec-8] INFO  [00f98dff-4fa6-4986-8f53-7ad762c94bd2] [anonymous] com.messenger.service.AuthService - User curlu34215 logged in successfully (device: null)
2026-03-18 21:58:50.680 [http-nio-0.0.0.0-8080-exec-7] INFO  [1c8e9e40-5200-46ec-8ce7-a02550d59c0e] [anonymous] c.m.controller.AuthController - Registration attempt for user: curlu59990
2026-03-18 21:58:51.043 [http-nio-0.0.0.0-8080-exec-7] INFO  [1c8e9e40-5200-46ec-8ce7-a02550d59c0e] [anonymous] com.messenger.service.AuthService - Private key encrypted with PBKDF2-derived AES key for user: curlu59990
2026-03-18 21:58:51.321 [http-nio-0.0.0.0-8080-exec-7] INFO  [1c8e9e40-5200-46ec-8ce7-a02550d59c0e] [anonymous] com.messenger.service.AuthService - User registered successfully: curlu59990
2026-03-18 21:58:51.567 [http-nio-0.0.0.0-8080-exec-7] INFO  [1c8e9e40-5200-46ec-8ce7-a02550d59c0e] [anonymous] com.messenger.service.AuthService - User curlu59990 logged in successfully (device: null)
2026-03-18 21:58:51.687 [http-nio-0.0.0.0-8080-exec-9] INFO  [191902ae-412d-4a91-b02f-870eefac0dac] [anonymous] com.messenger.service.ChatService - User curlu59990 added to chat b376eb7d-3f19-425f-bf1e-d1f1d42d05fd by curlu34215
2026-03-18 21:58:51.702 [http-nio-0.0.0.0-8080-exec-9] INFO  [191902ae-412d-4a91-b02f-870eefac0dac] [anonymous] com.messenger.service.ChatService - Chat created: b376eb7d-3f19-425f-bf1e-d1f1d42d05fd by curlu34215
2026-03-18 21:58:51.823 [http-nio-0.0.0.0-8080-exec-1] INFO  [5f231e53-3189-4ade-91dc-85a8075db3a9] [anonymous] c.messenger.service.MessageService - Message sent: a65cab4c-132b-4e6d-95ad-cb15e972e740 by curlu34215 to chat b376eb7d-3f19-425f-bf1e-d1f1d42d05fd
2026-03-18 21:58:51.891 [org.springframework.amqp.rabbit.RabbitListenerEndpointContainer#0-71] INFO  [] [] c.m.service.MessageEventListener - Received message sent event for message a65cab4c-132b-4e6d-95ad-cb15e972e740 in chat b376eb7d-3f19-425f-bf1e-d1f1d42d05fd
2026-03-18 21:58:51.917 [org.springframework.amqp.rabbit.RabbitListenerEndpointContainer#0-71] ERROR [] [] c.m.service.MessageEventListener - Error processing message event
org.hibernate.LazyInitializationException: could not initialize proxy [com.messenger.entity.User#11db7a8c-6cc6-4e44-8cf3-bf93ee88ba5f] - no Session
	at org.hibernate.proxy.AbstractLazyInitializer.initialize(AbstractLazyInitializer.java:164)
	at org.hibernate.proxy.AbstractLazyInitializer.getImplementation(AbstractLazyInitializer.java:310)
	at org.hibernate.proxy.pojo.bytebuddy.ByteBuddyInterceptor.intercept(ByteBuddyInterceptor.java:44)
	at org.hibernate.proxy.ProxyConfiguration$InterceptorDispatcher.intercept(ProxyConfiguration.java:102)
	at com.messenger.entity.User$HibernateProxy$k5mHdCUO.getUsername(Unknown Source)
	at com.messenger.service.MessageEventListener.handleMessageSent(MessageEventListener.java:38)
	at java.base/jdk.internal.reflect.NativeMethodAccessorImpl.invoke0(Native Method)
	at java.base/jdk.internal.reflect.NativeMethodAccessorImpl.invoke(Unknown Source)
	at java.base/jdk.internal.reflect.DelegatingMethodAccessorImpl.invoke(Unknown Source)
	at java.base/java.lang.reflect.Method.invoke(Unknown Source)
	at org.springframework.aop.support.AopUtils.invokeJoinpointUsingReflection(AopUtils.java:352)
	at org.springframework.aop.framework.ReflectiveMethodInvocation.invokeJoinpoint(ReflectiveMethodInvocation.java:196)
	at org.springframework.aop.framework.ReflectiveMethodInvocation.proceed(ReflectiveMethodInvocation.java:163)
	at org.springframework.aop.framework.CglibAopProxy$CglibMethodInvocation.proceed(CglibAopProxy.java:765)
	at org.springframework.aop.aspectj.AspectJAfterThrowingAdvice.invoke(AspectJAfterThrowingAdvice.java:64)
	at org.springframework.aop.framework.ReflectiveMethodInvocation.proceed(ReflectiveMethodInvocation.java:184)
	at org.springframework.aop.framework.CglibAopProxy$CglibMethodInvocation.proceed(CglibAopProxy.java:765)
	at org.springframework.aop.aspectj.MethodInvocationProceedingJoinPoint.proceed(MethodInvocationProceedingJoinPoint.java:89)
	at com.messenger.logging.LoggingAspect.logServiceExecutionTime(LoggingAspect.java:89)
	at jdk.internal.reflect.GeneratedMethodAccessor59.invoke(Unknown Source)
	at java.base/jdk.internal.reflect.DelegatingMethodAccessorImpl.invoke(Unknown Source)
	at java.base/java.lang.reflect.Method.invoke(Unknown Source)
	at org.springframework.aop.aspectj.AbstractAspectJAdvice.invokeAdviceMethodWithGivenArgs(AbstractAspectJAdvice.java:637)
	at org.springframework.aop.aspectj.AbstractAspectJAdvice.invokeAdviceMethod(AbstractAspectJAdvice.java:627)
	at org.springframework.aop.aspectj.AspectJAroundAdvice.invoke(AspectJAroundAdvice.java:71)
	at org.springframework.aop.framework.ReflectiveMethodInvocation.proceed(ReflectiveMethodInvocation.java:184)
	at org.springframework.aop.framework.CglibAopProxy$CglibMethodInvocation.proceed(CglibAopProxy.java:765)
	at org.springframework.aop.interceptor.ExposeInvocationInterceptor.invoke(ExposeInvocationInterceptor.java:97)
	at org.springframework.aop.framework.ReflectiveMethodInvocation.proceed(ReflectiveMethodInvocation.java:184)
	at org.springframework.aop.framework.CglibAopProxy$CglibMethodInvocation.proceed(CglibAopProxy.java:765)
	at org.springframework.aop.framework.CglibAopProxy$DynamicAdvisedInterceptor.intercept(CglibAopProxy.java:717)
	at com.messenger.service.MessageEventListener$$SpringCGLIB$$0.handleMessageSent(<generated>)
	at java.base/jdk.internal.reflect.NativeMethodAccessorImpl.invoke0(Native Method)
	at java.base/jdk.internal.reflect.NativeMethodAccessorImpl.invoke(Unknown Source)
	at java.base/jdk.internal.reflect.DelegatingMethodAccessorImpl.invoke(Unknown Source)
	at java.base/java.lang.reflect.Method.invoke(Unknown Source)
	at org.springframework.messaging.handler.invocation.InvocableHandlerMethod.doInvoke(InvocableHandlerMethod.java:169)
	at org.springframework.amqp.rabbit.listener.adapter.KotlinAwareInvocableHandlerMethod.doInvoke(KotlinAwareInvocableHandlerMethod.java:45)
	at org.springframework.messaging.handler.invocation.InvocableHandlerMethod.invoke(InvocableHandlerMethod.java:119)
	at org.springframework.amqp.rabbit.listener.adapter.HandlerAdapter.invoke(HandlerAdapter.java:75)
	at org.springframework.amqp.rabbit.listener.adapter.MessagingMessageListenerAdapter.invokeHandler(MessagingMessageListenerAdapter.java:277)
	at org.springframework.amqp.rabbit.listener.adapter.MessagingMessageListenerAdapter.invokeHandlerAndProcessResult(MessagingMessageListenerAdapter.java:224)
	at org.springframework.amqp.rabbit.listener.adapter.MessagingMessageListenerAdapter.onMessage(MessagingMessageListenerAdapter.java:149)
	at org.springframework.amqp.rabbit.listener.AbstractMessageListenerContainer.doInvokeListener(AbstractMessageListenerContainer.java:1662)
	at org.springframework.amqp.rabbit.listener.AbstractMessageListenerContainer.actualInvokeListener(AbstractMessageListenerContainer.java:1581)
	at java.base/jdk.internal.reflect.NativeMethodAccessorImpl.invoke0(Native Method)
	at java.base/jdk.internal.reflect.NativeMethodAccessorImpl.invoke(Unknown Source)
	at java.base/jdk.internal.reflect.DelegatingMethodAccessorImpl.invoke(Unknown Source)
	at java.base/java.lang.reflect.Method.invoke(Unknown Source)
	at org.springframework.aop.support.AopUtils.invokeJoinpointUsingReflection(AopUtils.java:352)
	at org.springframework.aop.framework.ReflectiveMethodInvocation.invokeJoinpoint(ReflectiveMethodInvocation.java:196)
	at org.springframework.aop.framework.ReflectiveMethodInvocation.proceed(ReflectiveMethodInvocation.java:163)
	at org.springframework.retry.interceptor.RetryOperationsInterceptor$1.doWithRetry(RetryOperationsInterceptor.java:102)
	at org.springframework.retry.support.RetryTemplate.doExecute(RetryTemplate.java:329)
	at org.springframework.retry.support.RetryTemplate.execute(RetryTemplate.java:225)
	at org.springframework.retry.interceptor.RetryOperationsInterceptor.invoke(RetryOperationsInterceptor.java:124)
	at org.springframework.aop.framework.ReflectiveMethodInvocation.proceed(ReflectiveMethodInvocation.java:184)
	at org.springframework.aop.framework.JdkDynamicAopProxy.invoke(JdkDynamicAopProxy.java:249)
	at org.springframework.amqp.rabbit.listener.$Proxy232.invokeListener(Unknown Source)
	at org.springframework.amqp.rabbit.listener.AbstractMessageListenerContainer.invokeListener(AbstractMessageListenerContainer.java:1569)
	at org.springframework.amqp.rabbit.listener.AbstractMessageListenerContainer.doExecuteListener(AbstractMessageListenerContainer.java:1560)
	at org.springframework.amqp.rabbit.listener.AbstractMessageListenerContainer.executeListenerAndHandleException(AbstractMessageListenerContainer.java:1505)
	at org.springframework.amqp.rabbit.listener.AbstractMessageListenerContainer.lambda$executeListener$8(AbstractMessageListenerContainer.java:1483)
	at io.micrometer.observation.Observation.observe(Observation.java:499)
	at org.springframework.amqp.rabbit.listener.AbstractMessageListenerContainer.executeListener(AbstractMessageListenerContainer.java:1483)
	at org.springframework.amqp.rabbit.listener.SimpleMessageListenerContainer.doReceiveAndExecute(SimpleMessageListenerContainer.java:994)
	at org.springframework.amqp.rabbit.listener.SimpleMessageListenerContainer.receiveAndExecute(SimpleMessageListenerContainer.java:941)
	at org.springframework.amqp.rabbit.listener.SimpleMessageListenerContainer$AsyncMessageProcessingConsumer.mainLoop(SimpleMessageListenerContainer.java:1325)
	at org.springframework.amqp.rabbit.listener.SimpleMessageListenerContainer$AsyncMessageProcessingConsumer.run(SimpleMessageListenerContainer.java:1227)
	at java.base/java.lang.Thread.run(Unknown Source)
2026-03-18 21:58:55.304 [MessageBroker-4] INFO  [] [] com.messenger.service.DeviceService - Cleaned up 0 stale devices
2026-03-18 21:59:05.303 [MessageBroker-4] INFO  [] [] com.messenger.service.DeviceService - Cleaned up 0 stale devices
2026-03-18 21:59:15.303 [MessageBroker-7] INFO  [] [] com.messenger.service.DeviceService - Cleaned up 0 stale devices
2026-03-18 21:59:15.883 [http-nio-0.0.0.0-8080-exec-6] INFO  [911c0cb7-4b76-47a1-9822-c307e7e267e0] [anonymous] c.m.controller.AuthController - Registration attempt for user: curlu9170
2026-03-18 21:59:16.229 [http-nio-0.0.0.0-8080-exec-6] INFO  [911c0cb7-4b76-47a1-9822-c307e7e267e0] [anonymous] com.messenger.service.AuthService - Private key encrypted with PBKDF2-derived AES key for user: curlu9170
2026-03-18 21:59:16.636 [http-nio-0.0.0.0-8080-exec-6] INFO  [911c0cb7-4b76-47a1-9822-c307e7e267e0] [anonymous] com.messenger.service.AuthService - User registered successfully: curlu9170
2026-03-18 21:59:17.045 [http-nio-0.0.0.0-8080-exec-6] INFO  [911c0cb7-4b76-47a1-9822-c307e7e267e0] [anonymous] com.messenger.service.AuthService - User curlu9170 logged in successfully (device: null)
2026-03-18 21:59:17.100 [http-nio-0.0.0.0-8080-exec-3] INFO  [a819751f-d683-4087-85e6-a8de020d3b4a] [anonymous] c.m.controller.AuthController - Login attempt for user: curlu9170
2026-03-18 21:59:17.107 [http-nio-0.0.0.0-8080-exec-3] INFO  [a819751f-d683-4087-85e6-a8de020d3b4a] [anonymous] c.m.controller.AuthController - Login request - username: curlu9170, deviceId: null, deviceName: null
2026-03-18 21:59:17.348 [http-nio-0.0.0.0-8080-exec-3] INFO  [a819751f-d683-4087-85e6-a8de020d3b4a] [anonymous] com.messenger.service.AuthService - User curlu9170 logged in successfully (device: null)
2026-03-18 21:59:17.371 [http-nio-0.0.0.0-8080-exec-3] INFO  [a819751f-d683-4087-85e6-a8de020d3b4a] [anonymous] c.m.controller.AuthController - Login successful for user: curlu9170
2026-03-18 21:59:25.303 [MessageBroker-7] INFO  [] [] com.messenger.service.DeviceService - Cleaned up 0 stale devices
2026-03-18 21:59:35.311 [MessageBroker-7] INFO  [] [] com.messenger.service.DeviceService - Cleaned up 0 stale devices
2026-03-18 21:59:45.301 [MessageBroker-3] INFO  [] [] com.messenger.service.DeviceService - Cleaned up 0 stale devices
2026-03-18 21:59:55.301 [MessageBroker-3] INFO  [] [] com.messenger.service.DeviceService - Cleaned up 0 stale devices
2026-03-18 22:00:05.299 [MessageBroker-3] INFO  [] [] com.messenger.service.DeviceService - Cleaned up 0 stale devices
2026-03-18 22:00:15.299 [MessageBroker-4] INFO  [] [] com.messenger.service.DeviceService - Cleaned up 0 stale devices
2026-03-18 22:00:23.081 [http-nio-0.0.0.0-8080-exec-10] INFO  [b01aff0c-563f-451b-89e3-b4fbb110cc35] [anonymous] c.m.controller.AuthController - Registration attempt for user: curluser50949
2026-03-18 22:00:23.428 [http-nio-0.0.0.0-8080-exec-10] INFO  [b01aff0c-563f-451b-89e3-b4fbb110cc35] [anonymous] com.messenger.service.AuthService - Private key encrypted with PBKDF2-derived AES key for user: curluser50949
2026-03-18 22:00:23.697 [http-nio-0.0.0.0-8080-exec-10] INFO  [b01aff0c-563f-451b-89e3-b4fbb110cc35] [anonymous] com.messenger.service.AuthService - User registered successfully: curluser50949
2026-03-18 22:00:23.949 [http-nio-0.0.0.0-8080-exec-10] INFO  [b01aff0c-563f-451b-89e3-b4fbb110cc35] [anonymous] com.messenger.service.AuthService - User curluser50949 logged in successfully (device: null)
2026-03-18 22:00:24.098 [http-nio-0.0.0.0-8080-exec-8] INFO  [f9c7b233-40e4-454c-9222-d956bfe84f54] [anonymous] c.m.controller.AuthController - Login attempt for user: curluser50949
2026-03-18 22:00:24.123 [http-nio-0.0.0.0-8080-exec-8] INFO  [f9c7b233-40e4-454c-9222-d956bfe84f54] [anonymous] c.m.controller.AuthController - Login request - username: curluser50949, deviceId: null, deviceName: null
2026-03-18 22:00:24.380 [http-nio-0.0.0.0-8080-exec-8] INFO  [f9c7b233-40e4-454c-9222-d956bfe84f54] [anonymous] com.messenger.service.AuthService - User curluser50949 logged in successfully (device: null)
2026-03-18 22:00:24.388 [http-nio-0.0.0.0-8080-exec-8] INFO  [f9c7b233-40e4-454c-9222-d956bfe84f54] [anonymous] c.m.controller.AuthController - Login successful for user: curluser50949
2026-03-18 22:00:24.507 [http-nio-0.0.0.0-8080-exec-9] INFO  [7812eefc-6f8a-48fe-aae0-2c8d6f5cd925] [anonymous] c.m.controller.AuthController - Registration attempt for user: curluser72044
2026-03-18 22:00:25.299 [MessageBroker-4] INFO  [] [] com.messenger.service.DeviceService - Cleaned up 0 stale devices
2026-03-18 22:00:25.360 [http-nio-0.0.0.0-8080-exec-9] INFO  [7812eefc-6f8a-48fe-aae0-2c8d6f5cd925] [anonymous] com.messenger.service.AuthService - Private key encrypted with PBKDF2-derived AES key for user: curluser72044
2026-03-18 22:00:25.695 [http-nio-0.0.0.0-8080-exec-9] INFO  [7812eefc-6f8a-48fe-aae0-2c8d6f5cd925] [anonymous] com.messenger.service.AuthService - User registered successfully: curluser72044
2026-03-18 22:00:26.056 [http-nio-0.0.0.0-8080-exec-9] INFO  [7812eefc-6f8a-48fe-aae0-2c8d6f5cd925] [anonymous] com.messenger.service.AuthService - User curluser72044 logged in successfully (device: null)
2026-03-18 22:00:26.135 [http-nio-0.0.0.0-8080-exec-4] INFO  [1ed58b5b-d968-49db-8d3e-433c023c364f] [anonymous] com.messenger.service.ChatService - User curluser72044 added to chat ff0a6722-9f6c-4b1c-938e-c5b351638b55 by curluser50949
2026-03-18 22:00:26.144 [http-nio-0.0.0.0-8080-exec-4] INFO  [1ed58b5b-d968-49db-8d3e-433c023c364f] [anonymous] com.messenger.service.ChatService - Chat created: ff0a6722-9f6c-4b1c-938e-c5b351638b55 by curluser50949
2026-03-18 22:00:26.230 [http-nio-0.0.0.0-8080-exec-2] INFO  [a669a7a7-6c22-4702-8711-ee1ac733638e] [anonymous] c.messenger.service.MessageService - Message sent: 17564d31-8e40-4400-87dc-4f40803be254 by curluser50949 to chat ff0a6722-9f6c-4b1c-938e-c5b351638b55
2026-03-18 22:00:26.233 [org.springframework.amqp.rabbit.RabbitListenerEndpointContainer#0-79] INFO  [] [] c.m.service.MessageEventListener - Received message sent event for message 17564d31-8e40-4400-87dc-4f40803be254 in chat ff0a6722-9f6c-4b1c-938e-c5b351638b55
2026-03-18 22:00:26.242 [org.springframework.amqp.rabbit.RabbitListenerEndpointContainer#0-79] ERROR [] [] c.m.service.MessageEventListener - Error processing message event
java.lang.RuntimeException: Message not found
	at com.messenger.service.MessageEventListener.lambda$handleMessageSent$0(MessageEventListener.java:33)
	at java.base/java.util.Optional.orElseThrow(Unknown Source)
	at com.messenger.service.MessageEventListener.handleMessageSent(MessageEventListener.java:33)
	at java.base/jdk.internal.reflect.NativeMethodAccessorImpl.invoke0(Native Method)
	at java.base/jdk.internal.reflect.NativeMethodAccessorImpl.invoke(Unknown Source)
	at java.base/jdk.internal.reflect.DelegatingMethodAccessorImpl.invoke(Unknown Source)
	at java.base/java.lang.reflect.Method.invoke(Unknown Source)
	at org.springframework.aop.support.AopUtils.invokeJoinpointUsingReflection(AopUtils.java:352)
	at org.springframework.aop.framework.ReflectiveMethodInvocation.invokeJoinpoint(ReflectiveMethodInvocation.java:196)
	at org.springframework.aop.framework.ReflectiveMethodInvocation.proceed(ReflectiveMethodInvocation.java:163)
	at org.springframework.aop.framework.CglibAopProxy$CglibMethodInvocation.proceed(CglibAopProxy.java:765)
	at org.springframework.aop.aspectj.AspectJAfterThrowingAdvice.invoke(AspectJAfterThrowingAdvice.java:64)
	at org.springframework.aop.framework.ReflectiveMethodInvocation.proceed(ReflectiveMethodInvocation.java:184)
	at org.springframework.aop.framework.CglibAopProxy$CglibMethodInvocation.proceed(CglibAopProxy.java:765)
	at org.springframework.aop.aspectj.MethodInvocationProceedingJoinPoint.proceed(MethodInvocationProceedingJoinPoint.java:89)
	at com.messenger.logging.LoggingAspect.logServiceExecutionTime(LoggingAspect.java:89)
	at jdk.internal.reflect.GeneratedMethodAccessor59.invoke(Unknown Source)
	at java.base/jdk.internal.reflect.DelegatingMethodAccessorImpl.invoke(Unknown Source)
	at java.base/java.lang.reflect.Method.invoke(Unknown Source)
	at org.springframework.aop.aspectj.AbstractAspectJAdvice.invokeAdviceMethodWithGivenArgs(AbstractAspectJAdvice.java:637)
	at org.springframework.aop.aspectj.AbstractAspectJAdvice.invokeAdviceMethod(AbstractAspectJAdvice.java:627)
	at org.springframework.aop.aspectj.AspectJAroundAdvice.invoke(AspectJAroundAdvice.java:71)
	at org.springframework.aop.framework.ReflectiveMethodInvocation.proceed(ReflectiveMethodInvocation.java:184)
	at org.springframework.aop.framework.CglibAopProxy$CglibMethodInvocation.proceed(CglibAopProxy.java:765)
	at org.springframework.aop.interceptor.ExposeInvocationInterceptor.invoke(ExposeInvocationInterceptor.java:97)
	at org.springframework.aop.framework.ReflectiveMethodInvocation.proceed(ReflectiveMethodInvocation.java:184)
	at org.springframework.aop.framework.CglibAopProxy$CglibMethodInvocation.proceed(CglibAopProxy.java:765)
	at org.springframework.aop.framework.CglibAopProxy$DynamicAdvisedInterceptor.intercept(CglibAopProxy.java:717)
	at com.messenger.service.MessageEventListener$$SpringCGLIB$$0.handleMessageSent(<generated>)
	at java.base/jdk.internal.reflect.NativeMethodAccessorImpl.invoke0(Native Method)
	at java.base/jdk.internal.reflect.NativeMethodAccessorImpl.invoke(Unknown Source)
	at java.base/jdk.internal.reflect.DelegatingMethodAccessorImpl.invoke(Unknown Source)
	at java.base/java.lang.reflect.Method.invoke(Unknown Source)
	at org.springframework.messaging.handler.invocation.InvocableHandlerMethod.doInvoke(InvocableHandlerMethod.java:169)
	at org.springframework.amqp.rabbit.listener.adapter.KotlinAwareInvocableHandlerMethod.doInvoke(KotlinAwareInvocableHandlerMethod.java:45)
	at org.springframework.messaging.handler.invocation.InvocableHandlerMethod.invoke(InvocableHandlerMethod.java:119)
	at org.springframework.amqp.rabbit.listener.adapter.HandlerAdapter.invoke(HandlerAdapter.java:75)
	at org.springframework.amqp.rabbit.listener.adapter.MessagingMessageListenerAdapter.invokeHandler(MessagingMessageListenerAdapter.java:277)
	at org.springframework.amqp.rabbit.listener.adapter.MessagingMessageListenerAdapter.invokeHandlerAndProcessResult(MessagingMessageListenerAdapter.java:224)
	at org.springframework.amqp.rabbit.listener.adapter.MessagingMessageListenerAdapter.onMessage(MessagingMessageListenerAdapter.java:149)
	at org.springframework.amqp.rabbit.listener.AbstractMessageListenerContainer.doInvokeListener(AbstractMessageListenerContainer.java:1662)
	at org.springframework.amqp.rabbit.listener.AbstractMessageListenerContainer.actualInvokeListener(AbstractMessageListenerContainer.java:1581)
	at java.base/jdk.internal.reflect.NativeMethodAccessorImpl.invoke0(Native Method)
	at java.base/jdk.internal.reflect.NativeMethodAccessorImpl.invoke(Unknown Source)
	at java.base/jdk.internal.reflect.DelegatingMethodAccessorImpl.invoke(Unknown Source)
	at java.base/java.lang.reflect.Method.invoke(Unknown Source)
	at org.springframework.aop.support.AopUtils.invokeJoinpointUsingReflection(AopUtils.java:352)
	at org.springframework.aop.framework.ReflectiveMethodInvocation.invokeJoinpoint(ReflectiveMethodInvocation.java:196)
	at org.springframework.aop.framework.ReflectiveMethodInvocation.proceed(ReflectiveMethodInvocation.java:163)
	at org.springframework.retry.interceptor.RetryOperationsInterceptor$1.doWithRetry(RetryOperationsInterceptor.java:102)
	at org.springframework.retry.support.RetryTemplate.doExecute(RetryTemplate.java:329)
	at org.springframework.retry.support.RetryTemplate.execute(RetryTemplate.java:225)
	at org.springframework.retry.interceptor.RetryOperationsInterceptor.invoke(RetryOperationsInterceptor.java:124)
	at org.springframework.aop.framework.ReflectiveMethodInvocation.proceed(ReflectiveMethodInvocation.java:184)
	at org.springframework.aop.framework.JdkDynamicAopProxy.invoke(JdkDynamicAopProxy.java:249)
	at org.springframework.amqp.rabbit.listener.$Proxy232.invokeListener(Unknown Source)
	at org.springframework.amqp.rabbit.listener.AbstractMessageListenerContainer.invokeListener(AbstractMessageListenerContainer.java:1569)
	at org.springframework.amqp.rabbit.listener.AbstractMessageListenerContainer.doExecuteListener(AbstractMessageListenerContainer.java:1560)
	at org.springframework.amqp.rabbit.listener.AbstractMessageListenerContainer.executeListenerAndHandleException(AbstractMessageListenerContainer.java:1505)
	at org.springframework.amqp.rabbit.listener.AbstractMessageListenerContainer.lambda$executeListener$8(AbstractMessageListenerContainer.java:1483)
	at io.micrometer.observation.Observation.observe(Observation.java:499)
	at org.springframework.amqp.rabbit.listener.AbstractMessageListenerContainer.executeListener(AbstractMessageListenerContainer.java:1483)
	at org.springframework.amqp.rabbit.listener.SimpleMessageListenerContainer.doReceiveAndExecute(SimpleMessageListenerContainer.java:994)
	at org.springframework.amqp.rabbit.listener.SimpleMessageListenerContainer.receiveAndExecute(SimpleMessageListenerContainer.java:941)
	at org.springframework.amqp.rabbit.listener.SimpleMessageListenerContainer$AsyncMessageProcessingConsumer.mainLoop(SimpleMessageListenerContainer.java:1325)
	at org.springframework.amqp.rabbit.listener.SimpleMessageListenerContainer$AsyncMessageProcessingConsumer.run(SimpleMessageListenerContainer.java:1227)
	at java.base/java.lang.Thread.run(Unknown Source)
2026-03-18 22:00:35.313 [MessageBroker-4] INFO  [] [] com.messenger.service.DeviceService - Cleaned up 0 stale devices
2026-03-18 22:00:45.300 [MessageBroker-6] INFO  [] [] com.messenger.service.DeviceService - Cleaned up 0 stale devices
2026-03-18 22:00:55.298 [MessageBroker-6] INFO  [] [] com.messenger.service.DeviceService - Cleaned up 0 stale devices
2026-03-18 22:01:05.285 [MessageBroker-6] INFO  [] [] com.messenger.service.DeviceService - Cleaned up 0 stale devices
2026-03-18 22:01:15.285 [MessageBroker-7] INFO  [] [] com.messenger.service.DeviceService - Cleaned up 0 stale devices
2026-03-18 22:01:25.285 [MessageBroker-7] INFO  [] [] com.messenger.service.DeviceService - Cleaned up 0 stale devices
2026-03-18 22:01:25.289 [MessageBroker-6] INFO  [] [] c.m.service.PresenceScheduler - Presence stats - ONLINE: 0, AWAY: 0, BUSY: 0, OFFLINE: 0
2026-03-18 22:01:35.295 [MessageBroker-7] INFO  [] [] com.messenger.service.DeviceService - Cleaned up 0 stale devices
2026-03-18 22:01:45.296 [MessageBroker-8] INFO  [] [] com.messenger.service.DeviceService - Cleaned up 0 stale devices
2026-03-18 22:01:55.294 [MessageBroker-8] INFO  [] [] com.messenger.service.DeviceService - Cleaned up 0 stale devices
2026-03-18 22:02:05.283 [MessageBroker-8] INFO  [] [] com.messenger.service.DeviceService - Cleaned up 0 stale devices
2026-03-18 22:02:15.285 [MessageBroker-7] INFO  [] [] com.messenger.service.DeviceService - Cleaned up 0 stale devices
2026-03-18 22:02:25.283 [MessageBroker-7] INFO  [] [] com.messenger.service.DeviceService - Cleaned up 0 stale devices
2026-03-18 22:02:35.281 [MessageBroker-7] INFO  [] [] com.messenger.service.DeviceService - Cleaned up 0 stale devices
2026-03-18 22:02:45.280 [MessageBroker-6] INFO  [] [] com.messenger.service.DeviceService - Cleaned up 0 stale devices
2026-03-18 22:02:55.281 [MessageBroker-6] INFO  [] [] com.messenger.service.DeviceService - Cleaned up 0 stale devices
2026-03-18 22:03:05.276 [MessageBroker-6] INFO  [] [] com.messenger.service.DeviceService - Cleaned up 0 stale devices
2026-03-18 22:03:15.276 [MessageBroker-7] INFO  [] [] com.messenger.service.DeviceService - Cleaned up 0 stale devices
2026-03-18 22:03:25.276 [MessageBroker-7] INFO  [] [] com.messenger.service.DeviceService - Cleaned up 0 stale devices
2026-03-18 22:03:35.272 [MessageBroker-7] INFO  [] [] com.messenger.service.DeviceService - Cleaned up 0 stale devices
2026-03-18 22:03:41.298 [http-nio-0.0.0.0-8080-exec-4] INFO  [9fc93df0-7f47-400d-8817-eb14b1144830] [anonymous] c.m.controller.AuthController - Login attempt for user: Антон
2026-03-18 22:03:41.299 [http-nio-0.0.0.0-8080-exec-4] INFO  [9fc93df0-7f47-400d-8817-eb14b1144830] [anonymous] c.m.controller.AuthController - Login request - username: Антон, deviceId: null, deviceName: null
2026-03-18 22:03:41.352 [http-nio-0.0.0.0-8080-exec-4] INFO  [9fc93df0-7f47-400d-8817-eb14b1144830] [anonymous] com.messenger.service.AuthService - User Антон logged in successfully (device: null)
2026-03-18 22:03:41.353 [http-nio-0.0.0.0-8080-exec-4] INFO  [9fc93df0-7f47-400d-8817-eb14b1144830] [anonymous] c.m.controller.AuthController - Login successful for user: Антон
2026-03-18 22:03:41.537 [http-nio-0.0.0.0-8080-exec-10] INFO  [] [] c.messenger.config.WebSocketConfig - WebSocket user connected: Антон (device: null)
2026-03-18 22:03:41.561 [clientInboundChannel-4] INFO  [] [] c.m.controller.WebSocketController - User connected: Антон
2026-03-18 22:03:44.831 [http-nio-0.0.0.0-8080-exec-7] INFO  [] [] c.messenger.config.WebSocketConfig - WebSocket user disconnected: Антон (device: null)
2026-03-18 22:03:44.838 [http-nio-0.0.0.0-8080-exec-9] INFO  [] [] c.messenger.config.WebSocketConfig - WebSocket user disconnected: Антон (device: null)
2026-03-18 22:03:44.856 [http-nio-0.0.0.0-8080-exec-5] INFO  [] [] c.messenger.config.WebSocketConfig - WebSocket user connected: Антон (device: null)
2026-03-18 22:03:44.861 [clientInboundChannel-16] INFO  [] [] c.m.controller.WebSocketController - User connected: Антон
2026-03-18 22:03:45.272 [MessageBroker-1] INFO  [] [] com.messenger.service.DeviceService - Cleaned up 0 stale devices
2026-03-18 22:03:55.273 [MessageBroker-8] INFO  [] [] com.messenger.service.DeviceService - Cleaned up 0 stale devices
2026-03-18 22:04:05.269 [MessageBroker-7] INFO  [] [] com.messenger.service.DeviceService - Cleaned up 0 stale devices
2026-03-18 22:04:06.905 [http-nio-0.0.0.0-8080-exec-8] INFO  [3d38b637-c523-4ee4-bbd3-3341bbfaff32] [anonymous] c.m.controller.AuthController - Registration attempt for user: Кристина
2026-03-18 22:04:07.096 [http-nio-0.0.0.0-8080-exec-8] INFO  [3d38b637-c523-4ee4-bbd3-3341bbfaff32] [anonymous] com.messenger.service.AuthService - Private key encrypted with PBKDF2-derived AES key for user: Кристина
2026-03-18 22:04:07.281 [http-nio-0.0.0.0-8080-exec-8] INFO  [3d38b637-c523-4ee4-bbd3-3341bbfaff32] [anonymous] com.messenger.service.AuthService - User registered successfully: Кристина
2026-03-18 22:04:07.471 [http-nio-0.0.0.0-8080-exec-8] INFO  [3d38b637-c523-4ee4-bbd3-3341bbfaff32] [anonymous] com.messenger.service.AuthService - User Кристина logged in successfully (device: null)
2026-03-18 22:04:07.484 [http-nio-0.0.0.0-8080-exec-7] INFO  [] [] c.messenger.config.WebSocketConfig - WebSocket user disconnected: Антон (device: null)
2026-03-18 22:04:07.595 [http-nio-0.0.0.0-8080-exec-3] INFO  [] [] c.messenger.config.WebSocketConfig - WebSocket user connected: Кристина (device: null)
2026-03-18 22:04:07.598 [clientInboundChannel-8] INFO  [] [] c.m.controller.WebSocketController - User connected: Кристина
2026-03-18 22:04:15.269 [MessageBroker-6] INFO  [] [] com.messenger.service.DeviceService - Cleaned up 0 stale devices
2026-03-18 22:04:25.269 [MessageBroker-7] INFO  [] [] com.messenger.service.DeviceService - Cleaned up 0 stale devices
2026-03-18 22:04:27.834 [http-nio-0.0.0.0-8080-exec-9] INFO  [647e8c89-fd38-4185-9e28-13097a563f05] [anonymous] c.m.controller.AuthController - Login attempt for user: Кристина
2026-03-18 22:04:27.835 [http-nio-0.0.0.0-8080-exec-9] INFO  [647e8c89-fd38-4185-9e28-13097a563f05] [anonymous] c.m.controller.AuthController - Login request - username: Кристина, deviceId: null, deviceName: null
2026-03-18 22:04:28.022 [http-nio-0.0.0.0-8080-exec-9] INFO  [647e8c89-fd38-4185-9e28-13097a563f05] [anonymous] com.messenger.service.AuthService - User Кристина logged in successfully (device: null)
2026-03-18 22:04:28.023 [http-nio-0.0.0.0-8080-exec-9] INFO  [647e8c89-fd38-4185-9e28-13097a563f05] [anonymous] c.m.controller.AuthController - Login successful for user: Кристина
2026-03-18 22:04:28.038 [http-nio-0.0.0.0-8080-exec-2] INFO  [] [] c.messenger.config.WebSocketConfig - WebSocket user disconnected: Кристина (device: null)
2026-03-18 22:04:28.206 [http-nio-0.0.0.0-8080-exec-8] INFO  [] [] c.messenger.config.WebSocketConfig - WebSocket user disconnected: unknown (device: null)
2026-03-18 22:04:28.355 [http-nio-0.0.0.0-8080-exec-9] INFO  [] [] c.messenger.config.WebSocketConfig - WebSocket user connected: Кристина (device: null)
2026-03-18 22:04:28.359 [clientInboundChannel-5] INFO  [] [] c.m.controller.WebSocketController - User connected: Кристина
2026-03-18 22:04:35.265 [MessageBroker-2] INFO  [] [] com.messenger.service.DeviceService - Cleaned up 0 stale devices
2026-03-18 22:04:43.789 [http-nio-0.0.0.0-8080-exec-1] INFO  [aa3d1853-a7af-4d72-a650-463b9746db27] [anonymous] c.m.controller.AuthController - Login attempt for user: Кристина
2026-03-18 22:04:43.790 [http-nio-0.0.0.0-8080-exec-1] INFO  [aa3d1853-a7af-4d72-a650-463b9746db27] [anonymous] c.m.controller.AuthController - Login request - username: Кристина, deviceId: null, deviceName: null
2026-03-18 22:04:43.969 [http-nio-0.0.0.0-8080-exec-1] INFO  [aa3d1853-a7af-4d72-a650-463b9746db27] [anonymous] com.messenger.service.AuthService - User Кристина logged in successfully (device: null)
2026-03-18 22:04:43.970 [http-nio-0.0.0.0-8080-exec-1] INFO  [aa3d1853-a7af-4d72-a650-463b9746db27] [anonymous] c.m.controller.AuthController - Login successful for user: Кристина
2026-03-18 22:04:43.982 [http-nio-0.0.0.0-8080-exec-6] INFO  [] [] c.messenger.config.WebSocketConfig - WebSocket user disconnected: Кристина (device: null)
2026-03-18 22:04:44.125 [http-nio-0.0.0.0-8080-exec-4] INFO  [] [] c.messenger.config.WebSocketConfig - WebSocket user disconnected: unknown (device: null)
2026-03-18 22:04:44.258 [http-nio-0.0.0.0-8080-exec-1] INFO  [] [] c.messenger.config.WebSocketConfig - WebSocket user connected: Кристина (device: null)
2026-03-18 22:04:44.262 [clientInboundChannel-3] INFO  [] [] c.m.controller.WebSocketController - User connected: Кристина
2026-03-18 22:04:45.265 [MessageBroker-4] INFO  [] [] com.messenger.service.DeviceService - Cleaned up 0 stale devices
2026-03-18 22:04:55.265 [MessageBroker-3] INFO  [] [] com.messenger.service.DeviceService - Cleaned up 0 stale devices
2026-03-18 22:04:57.661 [http-nio-0.0.0.0-8080-exec-8] INFO  [e000440f-28fe-4e71-a946-e01b288879db] [anonymous] c.m.controller.AuthController - Login attempt for user: Кристина
2026-03-18 22:04:57.661 [http-nio-0.0.0.0-8080-exec-8] INFO  [e000440f-28fe-4e71-a946-e01b288879db] [anonymous] c.m.controller.AuthController - Login request - username: Кристина, deviceId: null, deviceName: null
2026-03-18 22:04:57.861 [http-nio-0.0.0.0-8080-exec-8] INFO  [e000440f-28fe-4e71-a946-e01b288879db] [anonymous] com.messenger.service.AuthService - User Кристина logged in successfully (device: null)
2026-03-18 22:04:57.862 [http-nio-0.0.0.0-8080-exec-8] INFO  [e000440f-28fe-4e71-a946-e01b288879db] [anonymous] c.m.controller.AuthController - Login successful for user: Кристина
2026-03-18 22:04:57.878 [http-nio-0.0.0.0-8080-exec-7] INFO  [] [] c.messenger.config.WebSocketConfig - WebSocket user disconnected: Кристина (device: null)
2026-03-18 22:04:58.025 [http-nio-0.0.0.0-8080-exec-3] INFO  [] [] c.messenger.config.WebSocketConfig - WebSocket user disconnected: unknown (device: null)
2026-03-18 22:04:58.207 [http-nio-0.0.0.0-8080-exec-8] INFO  [] [] c.messenger.config.WebSocketConfig - WebSocket user connected: Кристина (device: null)
2026-03-18 22:04:58.210 [clientInboundChannel-8] INFO  [] [] c.m.controller.WebSocketController - User connected: Кристина
2026-03-18 22:05:05.263 [MessageBroker-4] INFO  [] [] com.messenger.service.DeviceService - Cleaned up 0 stale devices
2026-03-18 22:05:15.262 [MessageBroker-2] INFO  [] [] com.messenger.service.DeviceService - Cleaned up 0 stale devices
2026-03-18 22:05:25.263 [MessageBroker-1] INFO  [] [] com.messenger.service.DeviceService - Cleaned up 0 stale devices
2026-03-18 22:05:35.259 [MessageBroker-3] INFO  [] [] com.messenger.service.DeviceService - Cleaned up 0 stale devices
2026-03-18 22:05:45.266 [MessageBroker-1] INFO  [] [] com.messenger.service.DeviceService - Cleaned up 0 stale devices
2026-03-18 22:05:55.258 [MessageBroker-3] INFO  [] [] com.messenger.service.DeviceService - Cleaned up 0 stale devices
2026-03-18 22:06:05.269 [MessageBroker-6] INFO  [] [] com.messenger.service.DeviceService - Cleaned up 0 stale devices
2026-03-18 22:06:15.256 [MessageBroker-3] INFO  [] [] com.messenger.service.DeviceService - Cleaned up 0 stale devices
2026-03-18 22:06:25.258 [MessageBroker-4] INFO  [] [] com.messenger.service.DeviceService - Cleaned up 0 stale devices
2026-03-18 22:06:25.263 [MessageBroker-8] INFO  [] [] c.m.service.PresenceScheduler - Presence stats - ONLINE: 0, AWAY: 0, BUSY: 0, OFFLINE: 0
2026-03-18 22:06:35.253 [MessageBroker-2] INFO  [] [] com.messenger.service.DeviceService - Cleaned up 0 stale devices
2026-03-18 22:06:45.252 [MessageBroker-6] INFO  [] [] com.messenger.service.DeviceService - Cleaned up 0 stale devices
2026-03-18 22:06:55.252 [MessageBroker-3] INFO  [] [] com.messenger.service.DeviceService - Cleaned up 0 stale devices
2026-03-18 22:07:05.251 [MessageBroker-2] INFO  [] [] com.messenger.service.DeviceService - Cleaned up 0 stale devices
2026-03-18 22:07:15.251 [MessageBroker-3] INFO  [] [] com.messenger.service.DeviceService - Cleaned up 0 stale devices
2026-03-18 22:07:25.253 [MessageBroker-2] INFO  [] [] com.messenger.service.DeviceService - Cleaned up 0 stale devices
2026-03-18 22:07:35.247 [MessageBroker-8] INFO  [] [] com.messenger.service.DeviceService - Cleaned up 0 stale devices
2026-03-18 22:07:45.248 [MessageBroker-2] INFO  [] [] com.messenger.service.DeviceService - Cleaned up 0 stale devices
2026-03-18 22:07:55.247 [MessageBroker-1] INFO  [] [] com.messenger.service.DeviceService - Cleaned up 0 stale devices
2026-03-18 22:08:05.247 [MessageBroker-2] INFO  [] [] com.messenger.service.DeviceService - Cleaned up 0 stale devices
2026-03-18 22:08:15.268 [MessageBroker-6] INFO  [] [] com.messenger.service.DeviceService - Cleaned up 0 stale devices
2026-03-18 22:08:25.250 [MessageBroker-4] INFO  [] [] com.messenger.service.DeviceService - Cleaned up 0 stale devices
2026-03-18 22:08:35.246 [MessageBroker-3] INFO  [] [] com.messenger.service.DeviceService - Cleaned up 0 stale devices
2026-03-18 22:08:45.257 [MessageBroker-6] INFO  [] [] com.messenger.service.DeviceService - Cleaned up 0 stale devices
2026-03-18 22:08:46.248 [http-nio-0.0.0.0-8080-exec-2] INFO  [] [] c.messenger.config.WebSocketConfig - WebSocket user disconnected: Кристина (device: null)
2026-03-18 22:08:51.328 [http-nio-0.0.0.0-8080-exec-1] INFO  [] [] c.messenger.config.WebSocketConfig - WebSocket user connected: Кристина (device: null)
2026-03-18 22:08:51.348 [clientInboundChannel-25] INFO  [] [] c.m.controller.WebSocketController - User connected: Кристина
2026-03-18 22:08:55.246 [MessageBroker-1] INFO  [] [] com.messenger.service.DeviceService - Cleaned up 0 stale devices
2026-03-18 22:09:05.235 [MessageBroker-6] INFO  [] [] com.messenger.service.DeviceService - Cleaned up 0 stale devices
2026-03-18 22:09:15.240 [MessageBroker-7] INFO  [] [] com.messenger.service.DeviceService - Cleaned up 0 stale devices
2026-03-18 22:09:25.235 [MessageBroker-8] INFO  [] [] com.messenger.service.DeviceService - Cleaned up 0 stale devices
2026-03-18 22:09:35.224 [MessageBroker-7] INFO  [] [] com.messenger.service.DeviceService - Cleaned up 0 stale devices
2026-03-18 22:09:45.224 [MessageBroker-8] INFO  [] [] com.messenger.service.DeviceService - Cleaned up 0 stale devices
2026-03-18 22:09:55.224 [MessageBroker-1] INFO  [] [] com.messenger.service.DeviceService - Cleaned up 0 stale devices
2026-03-18 22:10:05.207 [MessageBroker-6] INFO  [] [] com.messenger.service.DeviceService - Cleaned up 0 stale devices
2026-03-18 22:10:09.086 [http-nio-0.0.0.0-8080-exec-10] INFO  [599fa03e-5a5c-4544-ba98-661f394d0aec] [anonymous] c.m.controller.AuthController - Login attempt for user: Кристина
2026-03-18 22:10:09.087 [http-nio-0.0.0.0-8080-exec-10] INFO  [599fa03e-5a5c-4544-ba98-661f394d0aec] [anonymous] c.m.controller.AuthController - Login request - username: Кристина, deviceId: null, deviceName: null
2026-03-18 22:10:09.353 [http-nio-0.0.0.0-8080-exec-10] INFO  [599fa03e-5a5c-4544-ba98-661f394d0aec] [anonymous] com.messenger.service.AuthService - User Кристина logged in successfully (device: null)
2026-03-18 22:10:09.361 [http-nio-0.0.0.0-8080-exec-10] INFO  [599fa03e-5a5c-4544-ba98-661f394d0aec] [anonymous] c.m.controller.AuthController - Login successful for user: Кристина
2026-03-18 22:10:09.401 [http-nio-0.0.0.0-8080-exec-8] INFO  [] [] c.messenger.config.WebSocketConfig - WebSocket user disconnected: Кристина (device: null)
2026-03-18 22:10:10.751 [http-nio-0.0.0.0-8080-exec-6] INFO  [] [] c.messenger.config.WebSocketConfig - WebSocket user connected: Кристина (device: null)
2026-03-18 22:10:10.770 [clientInboundChannel-34] INFO  [] [] c.m.controller.WebSocketController - User connected: Кристина
2026-03-18 22:10:15.205 [MessageBroker-8] INFO  [] [] com.messenger.service.DeviceService - Cleaned up 0 stale devices
2026-03-18 22:10:17.863 [http-nio-0.0.0.0-8080-exec-10] INFO  [e51aa58b-cf64-45b0-adeb-ca326eb1731d] [anonymous] c.m.controller.AuthController - Login attempt for user: Антон
2026-03-18 22:10:17.873 [http-nio-0.0.0.0-8080-exec-10] INFO  [e51aa58b-cf64-45b0-adeb-ca326eb1731d] [anonymous] c.m.controller.AuthController - Login request - username: Антон, deviceId: null, deviceName: null
2026-03-18 22:10:17.985 [http-nio-0.0.0.0-8080-exec-10] INFO  [e51aa58b-cf64-45b0-adeb-ca326eb1731d] [anonymous] com.messenger.service.AuthService - User Антон logged in successfully (device: null)
2026-03-18 22:10:17.991 [http-nio-0.0.0.0-8080-exec-10] INFO  [e51aa58b-cf64-45b0-adeb-ca326eb1731d] [anonymous] c.m.controller.AuthController - Login successful for user: Антон
2026-03-18 22:10:18.014 [http-nio-0.0.0.0-8080-exec-8] INFO  [] [] c.messenger.config.WebSocketConfig - WebSocket user disconnected: Кристина (device: null)
2026-03-18 22:10:19.635 [http-nio-0.0.0.0-8080-exec-6] INFO  [] [] c.messenger.config.WebSocketConfig - WebSocket user connected: Антон (device: null)
2026-03-18 22:10:19.649 [clientInboundChannel-43] INFO  [] [] c.m.controller.WebSocketController - User connected: Антон
2026-03-18 22:10:21.645 [http-nio-0.0.0.0-8080-exec-10] INFO  [] [] c.messenger.config.WebSocketConfig - WebSocket user disconnected: Антон (device: null)
2026-03-18 22:10:22.408 [http-nio-0.0.0.0-8080-exec-7] INFO  [] [] c.messenger.config.WebSocketConfig - WebSocket user connected: Антон (device: null)
2026-03-18 22:10:22.433 [clientInboundChannel-34] INFO  [] [] c.m.controller.WebSocketController - User connected: Антон
2026-03-18 22:10:24.515 [http-nio-0.0.0.0-8080-exec-9] INFO  [1500829d-faf9-4bc9-8343-1a9f470d17d1] [anonymous] c.m.controller.AuthController - Login attempt for user: Кристина
2026-03-18 22:10:24.542 [http-nio-0.0.0.0-8080-exec-9] INFO  [1500829d-faf9-4bc9-8343-1a9f470d17d1] [anonymous] c.m.controller.AuthController - Login request - username: Кристина, deviceId: null, deviceName: null
2026-03-18 22:10:24.776 [http-nio-0.0.0.0-8080-exec-9] INFO  [1500829d-faf9-4bc9-8343-1a9f470d17d1] [anonymous] com.messenger.service.AuthService - User Кристина logged in successfully (device: null)
2026-03-18 22:10:24.801 [http-nio-0.0.0.0-8080-exec-9] INFO  [1500829d-faf9-4bc9-8343-1a9f470d17d1] [anonymous] c.m.controller.AuthController - Login successful for user: Кристина
2026-03-18 22:10:24.866 [http-nio-0.0.0.0-8080-exec-1] INFO  [] [] c.messenger.config.WebSocketConfig - WebSocket user disconnected: Антон (device: null)
2026-03-18 22:10:25.206 [MessageBroker-7] INFO  [] [] com.messenger.service.DeviceService - Cleaned up 0 stale devices
2026-03-18 22:10:26.250 [http-nio-0.0.0.0-8080-exec-5] INFO  [] [] c.messenger.config.WebSocketConfig - WebSocket user disconnected: unknown (device: null)
2026-03-18 22:10:27.515 [http-nio-0.0.0.0-8080-exec-6] INFO  [] [] c.messenger.config.WebSocketConfig - WebSocket user connected: Кристина (device: null)
2026-03-18 22:10:27.557 [clientInboundChannel-31] INFO  [] [] c.m.controller.WebSocketController - User connected: Кристина
2026-03-18 22:10:35.201 [MessageBroker-8] INFO  [] [] com.messenger.service.DeviceService - Cleaned up 0 stale devices
2026-03-18 22:10:45.201 [MessageBroker-7] INFO  [] [] com.messenger.service.DeviceService - Cleaned up 0 stale devices
2026-03-18 22:10:55.202 [MessageBroker-4] INFO  [] [] com.messenger.service.DeviceService - Cleaned up 0 stale devices
2026-03-18 22:11:05.199 [MessageBroker-8] INFO  [] [] com.messenger.service.DeviceService - Cleaned up 0 stale devices
2026-03-18 22:11:15.199 [MessageBroker-5] INFO  [] [] com.messenger.service.DeviceService - Cleaned up 0 stale devices
